filename,anatomy,patient_id,label,source_split,source_member,processed_sha256
Hand_patient44076_Positive_001.png,Hand,patient44076,fractured,train,BoneFract A Bone Fracture Dataset/train/Hand/patient44076/Positive/Hand_patient44076_Positive_001.png,adedf9324db37f2316f387085516a4dd2282be5dbb82003aa514303d00da3c6c
Hand_patient25252_Positive_001.png,Hand,patient25252,fractured,train,BoneFract A Bone Fracture Dataset/train/Hand/patient25252/Positive/Hand_patient25252_Positive_001.png,47b67f371d058b9dd7ff73b3ff599f4c982c4b606a2dcf2e182f76530449aba7
Hand_patient08319_Positive_001.png,Hand,patient08319,fractured,train,BoneFract A Bone Fracture Dataset/train/Hand/patient08319/Positive/Hand_patient08319_Positive_001.png,0ffb957faf34a99c61b5cfc50f241f34a3db7290e69d1bb32efe4b0e4d3f894d
Hand_patient23272_Positive_001.png,Hand,patient23272,fractured,train,BoneFract A Bone Fracture Dataset/train/Hand/patient23272/Positive/Hand_patient23272_Positive_001.png,93ded5951d47cc2df79fd1939ecea3dcb7076194f40bd5c64e11d187c2c832b8
Hand_patient23174_Positive_001.png,Hand,patient23174,fractured,train,BoneFract A Bone Fracture Dataset/train/Hand/patient23174/Positive/Hand_patient23174_Positive_001.png,764afcb2841fde2d1a3e0337f9708d1a238a4624b2e15b8b368a13611d654261
Hand_patient24901_Positive_001.png,Hand,patient24901,fractured,train,BoneFract A Bone Fracture Dataset/train/Hand/patient24901/Positive/Hand_patient24901_Positive_001.png,d17c5d597ff4b352f60f0654de39781a661f3de04800db4be8c1ecc0479c31ce
Hand_patient26137_Positive_001.png,Hand,patient26137,fractured,train,BoneFract A Bone Fracture Dataset/train/Hand/patient26137/Positive/Hand_patient26137_Positive_001.png,d85e7c31196cd45a96f318ad2025758ec8eea338e6190f5ab195bcec87b5e1ad
Hand_patient09851_Positive_001.png,Hand,patient09851,fractured,train,BoneFract A Bone Fracture Dataset/train/Hand/patient09851/Positive/Hand_patient09851_Positive_001.png,2cdc9305af1d7c268c45ac7873adb4e35899da212b5d32a577181573b47397e8
Hand_patient25866_Positive_001.png,Hand,patient25866,fractured,train,BoneFract A Bone Fracture Dataset/train/Hand/patient25866/Positive/Hand_patient25866_Positive_001.png,1719af42fe81e7506229b673ac201e5cf687e676df641fa819593c336524b087
Hand_patient09275_Positive_001.png,Hand,patient09275,fractured,train,BoneFract A Bone Fracture Dataset/train/Hand/patient09275/Positive/Hand_patient09275_Positive_001.png,b3ba401b530b92ad84cc6eba90c5614fae09d0b58568233a0dda00b24f49327d
Hand_patient09187_Positive_001.png,Hand,patient09187,fractured,train,BoneFract A Bone Fracture Dataset/train/Hand/patient09187/Positive/Hand_patient09187_Positive_001.png,d6c173d09c5bc43219c528d6964ca916dd567da1289588284090f55345d90d0c
Hand_patient08527_Positive_001.png,Hand,patient08527,fractured,train,BoneFract A Bone Fracture Dataset/train/Hand/patient08527/Positive/Hand_patient08527_Positive_001.png,4dade4f32f7a3808c826542b5de11dc3bcca253ed95ab3e77cfce3001bc76d6c
Hand_patient38347_Positive_001.png,Hand,patient38347,fractured,train,BoneFract A Bone Fracture Dataset/train/Hand/patient38347/Positive/Hand_patient38347_Positive_001.png,bba765adfa701fd8b1298c0219e9a3851f3bf2c17f09d3f2fc408e6140d82634
Hand_patient27127_Positive_001.png,Hand,patient27127,fractured,train,BoneFract A Bone Fracture Dataset/train/Hand/patient27127/Positive/Hand_patient27127_Positive_001.png,53ec8a6d96ff0fb977df3aaa3a41afb862afbf6885a9f7b7babc7f90b37fd82b
Hand_patient27054_Positive_001.png,Hand,patient27054,fractured,train,BoneFract A Bone Fracture Dataset/train/Hand/patient27054/Positive/Hand_patient27054_Positive_001.png,10ecec3ae67e37e76be416cdf6b1ce741b150b29ef6b6389c7fe220316d26d88
Hand_patient27147_Positive_001.png,Hand,patient27147,fractured,train,BoneFract A Bone Fracture Dataset/train/Hand/patient27147/Positive/Hand_patient27147_Positive_001.png,cd83352611c9e920a9a8eca07778fe43f94df52bc63f2caaec1a606e04e86652
Hand_patient27050_Positive_001.png,Hand,patient27050,fractured,train,BoneFract A Bone Fracture Dataset/train/Hand/patient27050/Positive/Hand_patient27050_Positive_001.png,073af35a49dcdf284240385cad0d6c5cba30a04fa1a6be9b04710b3bdd2e81a6
Hand_patient09387_Positive_001.png,Hand,patient09387,fractured,train,BoneFract A Bone Fracture Dataset/train/Hand/patient09387/Positive/Hand_patient09387_Positive_001.png,8dc1c85c5910a9de7550245f6bdd82c9e5c8edea09bcb1b8792089f2aa404c02
Hand_patient24721_Positive_001.png,Hand,patient24721,fractured,train,BoneFract A Bone Fracture Dataset/train/Hand/patient24721/Positive/Hand_patient24721_Positive_001.png,8b593f5065c511375ee6502566c4dba6d76be0f099ec706333e73b1c1b0a37db
Hand_patient07769_Positive_001.png,Hand,patient07769,fractured,train,BoneFract A Bone Fracture Dataset/train/Hand/patient07769/Positive/Hand_patient07769_Positive_001.png,03e361e68ad34eddf3f876336e02f7f3f21064603a2e51a72ff9f5c3ea709873
Hand_patient24856_Positive_001.png,Hand,patient24856,fractured,train,BoneFract A Bone Fracture Dataset/train/Hand/patient24856/Positive/Hand_patient24856_Positive_001.png,75e5e80bf26b3da172f306ff37eb2be88dd73965bf19641548748371729d6934
Hand_patient07560_Positive_001.png,Hand,patient07560,fractured,train,BoneFract A Bone Fracture Dataset/train/Hand/patient07560/Positive/Hand_patient07560_Positive_001.png,10882adbbc40cbc18b4a3c9af8c1f524b215147cf7ef26a7a8539421d44bb631
Hand_patient26365_Positive_001.png,Hand,patient26365,fractured,train,BoneFract A Bone Fracture Dataset/train/Hand/patient26365/Positive/Hand_patient26365_Positive_001.png,1f229aa3181ec1aebefee6e22b529b1435c559cb139bdb72d9d39934bfba6c7d
Hand_patient24569_Positive_001.png,Hand,patient24569,fractured,train,BoneFract A Bone Fracture Dataset/train/Hand/patient24569/Positive/Hand_patient24569_Positive_001.png,20334c500fcea4753aaa638080f09fd800142935d544767aa1b00ef5ff355ea8
Hand_patient27075_Positive_001.png,Hand,patient27075,fractured,train,BoneFract A Bone Fracture Dataset/train/Hand/patient27075/Positive/Hand_patient27075_Positive_001.png,d929787a5b501e871f628ed41d14004244efdf0ac3bc7a86e81f149753d9dfb0
Hand_patient34762_Positive_001.png,Hand,patient34762,fractured,train,BoneFract A Bone Fracture Dataset/train/Hand/patient34762/Positive/Hand_patient34762_Positive_001.png,4fde3cc83275de2a76460d358bff596e77a1ab872d1d18042c19a2cccd2e5862
Hand_patient35637_Positive_001.png,Hand,patient35637,fractured,train,BoneFract A Bone Fracture Dataset/train/Hand/patient35637/Positive/Hand_patient35637_Positive_001.png,a3829a253e90ecce9be4bce50148d6aa98bc821e0c09dc8b5c76d4e5e683fe2c
Hand_patient25583_Positive_001.png,Hand,patient25583,fractured,train,BoneFract A Bone Fracture Dataset/train/Hand/patient25583/Positive/Hand_patient25583_Positive_001.png,8ef7a543d42699c7f3921569e8c26328cdb3a184f48342bc07006d61dcdfea98
Hand_patient41510_Positive_001.png,Hand,patient41510,fractured,train,BoneFract A Bone Fracture Dataset/train/Hand/patient41510/Positive/Hand_patient41510_Positive_001.png,97bc8563431dd6fed17c693fdae3c5866b59e11fad95aff5a1a409a9a1d0e9db
Hand_patient27146_Positive_001.png,Hand,patient27146,fractured,train,BoneFract A Bone Fracture Dataset/train/Hand/patient27146/Positive/Hand_patient27146_Positive_001.png,535cb9fb93ef86af3d383953b90c9d889c195a5b88ecd928eea6b6b7834be1cb
Hand_patient08645_Positive_001.png,Hand,patient08645,fractured,train,BoneFract A Bone Fracture Dataset/train/Hand/patient08645/Positive/Hand_patient08645_Positive_001.png,0306c372da9e0a01e6774e08d6f9c0efb74378f192d3c305014f4584c174e75a
Hand_patient09454_Positive_001.png,Hand,patient09454,fractured,train,BoneFract A Bone Fracture Dataset/train/Hand/patient09454/Positive/Hand_patient09454_Positive_001.png,8b01ef931c0cbf90827db378aad902150ec10f67d8189dc9240b3c5310d9f148
Hand_patient22540_Positive_001.png,Hand,patient22540,fractured,train,BoneFract A Bone Fracture Dataset/train/Hand/patient22540/Positive/Hand_patient22540_Positive_001.png,79c4f4d14ac088d81865a38e7a49866f9eefb473e03c16944fa21f3306fc9644
Hand_patient35625_Positive_001.png,Hand,patient35625,fractured,train,BoneFract A Bone Fracture Dataset/train/Hand/patient35625/Positive/Hand_patient35625_Positive_001.png,def832da74ff23dbab4c8598c321cc87a36b4718a981b196b185b3dbbb5265c4
Hand_patient08811_Positive_001.png,Hand,patient08811,fractured,train,BoneFract A Bone Fracture Dataset/train/Hand/patient08811/Positive/Hand_patient08811_Positive_001.png,d98ea69630ac0322b8b7a27d67d1d30950c30055b871e00ac7e44a5c2d32619e
Hand_patient10463_Positive_001.png,Hand,patient10463,fractured,train,BoneFract A Bone Fracture Dataset/train/Hand/patient10463/Positive/Hand_patient10463_Positive_001.png,ad6caf1ddf9d739ddd2ed89768b85370332d20cc5606bf8a50f6398578d1431a
Hand_patient27145_Positive_001.png,Hand,patient27145,fractured,train,BoneFract A Bone Fracture Dataset/train/Hand/patient27145/Positive/Hand_patient27145_Positive_001.png,2d9e80f8ab22bfd4aebb970f9148bbd82a088ed104eff598935ae1fca980533c
Hand_patient33607_Positive_001.png,Hand,patient33607,fractured,train,BoneFract A Bone Fracture Dataset/train/Hand/patient33607/Positive/Hand_patient33607_Positive_001.png,64dbcccff6515067646deb23797b0cef0d03923c7d229d30154adffa8d80cc20
Hand_patient09857_Positive_001.png,Hand,patient09857,fractured,train,BoneFract A Bone Fracture Dataset/train/Hand/patient09857/Positive/Hand_patient09857_Positive_001.png,61e4856b789f3de61492442b17b80619b5c3572d3fe4e06696dd6d19bcd85c93
Hand_patient41540_Positive_001.png,Hand,patient41540,fractured,train,BoneFract A Bone Fracture Dataset/train/Hand/patient41540/Positive/Hand_patient41540_Positive_001.png,342182a0c8593dd282845d5f73b8ac6c08cf886e2bcf8ad8c8efe782fd6c7eb9
Hand_patient08947_Positive_001.png,Hand,patient08947,fractured,train,BoneFract A Bone Fracture Dataset/train/Hand/patient08947/Positive/Hand_patient08947_Positive_001.png,15c331b5633a205b46eacb98cbb77af5174acbf360346b399e4775cfe9139338
Hand_patient41541_Positive_001.png,Hand,patient41541,fractured,train,BoneFract A Bone Fracture Dataset/train/Hand/patient41541/Positive/Hand_patient41541_Positive_001.png,616baa01b18da50764ddf5a848d2fa483f0a0a6fccd51b21d7ad5bd0b4fb92df
Hand_patient27051_Positive_001.png,Hand,patient27051,fractured,train,BoneFract A Bone Fracture Dataset/train/Hand/patient27051/Positive/Hand_patient27051_Positive_001.png,7e60cce5a6808b6b7ba4b57224c8b40ce34be47b50182e69153f2e5f7edea473
Hand_patient24621_Positive_001.png,Hand,patient24621,fractured,train,BoneFract A Bone Fracture Dataset/train/Hand/patient24621/Positive/Hand_patient24621_Positive_001.png,6e8e3deefe4e5ce25b0e65f67e505c8cecd6f1ae346b8459b38a20a7a198d462
Hand_patient09128_Positive_001.png,Hand,patient09128,fractured,train,BoneFract A Bone Fracture Dataset/train/Hand/patient09128/Positive/Hand_patient09128_Positive_001.png,5fec99f892c85e2b0ecdc435c1a7eece3712df7507b8a8dafa96d346deaed317
Hand_patient27062_Positive_001.png,Hand,patient27062,fractured,train,BoneFract A Bone Fracture Dataset/train/Hand/patient27062/Positive/Hand_patient27062_Positive_001.png,bd4820552b6e27fb09c74896cbe771631ca98638d3aa0cde35fe93ed1c2cbbd9
Hand_patient41443_Positive_001.png,Hand,patient41443,fractured,train,BoneFract A Bone Fracture Dataset/train/Hand/patient41443/Positive/Hand_patient41443_Positive_001.png,aecc615726b887932296e15eaef1c4f0d1604427fa0f7ba2239cf2ae4f064685
Hand_patient09020_Positive_001.png,Hand,patient09020,fractured,train,BoneFract A Bone Fracture Dataset/train/Hand/patient09020/Positive/Hand_patient09020_Positive_001.png,94f952f2472889d52e6e1efbb361eb021de1c05fa6d5e85d22134925805ca277
Hand_patient27140_Positive_001.png,Hand,patient27140,fractured,train,BoneFract A Bone Fracture Dataset/train/Hand/patient27140/Positive/Hand_patient27140_Positive_001.png,0fda658509482ea76a139173df0bd770764df7501e63767e8e2da4bdd4fce31a
Hand_patient09048_Positive_001.png,Hand,patient09048,fractured,train,BoneFract A Bone Fracture Dataset/train/Hand/patient09048/Positive/Hand_patient09048_Positive_001.png,788d2b1b0f36df761172c073b01fc6e4c0f8638cbc3d755acee86e28f8c9fa32
Hand_patient41446_Positive_001.png,Hand,patient41446,fractured,train,BoneFract A Bone Fracture Dataset/train/Hand/patient41446/Positive/Hand_patient41446_Positive_001.png,8681b03ab3ba4233d37b480b73ca9b16f0a7cd7d34d2ba1c495fb1aa61e3736d
Hand_patient10411_Positive_001.png,Hand,patient10411,fractured,train,BoneFract A Bone Fracture Dataset/train/Hand/patient10411/Positive/Hand_patient10411_Positive_001.png,3d805cdf0471fa1f84432f85d19ce488aaf06eb0051a9a011eca153a780efb41
Hand_patient44066_Positive_001.png,Hand,patient44066,fractured,train,BoneFract A Bone Fracture Dataset/train/Hand/patient44066/Positive/Hand_patient44066_Positive_001.png,80223ba85e833f93b4c9eb3786d8a08aaee7973841a76315ce73d386497eb009
Hand_patient27106_Positive_001.png,Hand,patient27106,fractured,train,BoneFract A Bone Fracture Dataset/train/Hand/patient27106/Positive/Hand_patient27106_Positive_001.png,5bbecccfb518d082319d2b8414045678aa0e636d77e0667f518f94a452a6a884
Hand_patient22739_Positive_001.png,Hand,patient22739,fractured,train,BoneFract A Bone Fracture Dataset/train/Hand/patient22739/Positive/Hand_patient22739_Positive_001.png,e163a3cbd5e00e620d1e830ea07b954d4c60c6d9b3acfd74b9e4f285b2072947
Hand_patient26393_Positive_001.png,Hand,patient26393,fractured,train,BoneFract A Bone Fracture Dataset/train/Hand/patient26393/Positive/Hand_patient26393_Positive_001.png,529a080b3eb4d8e0118586c4ee5d74f1fc6c49c733ca612225bff46ab619536a
Hand_patient34092_Positive_001.png,Hand,patient34092,fractured,train,BoneFract A Bone Fracture Dataset/train/Hand/patient34092/Positive/Hand_patient34092_Positive_001.png,bee4019c8328fc164ebdd2d423f52cf6fe366d9651377328bae11c0b363456bc
Hand_patient07511_Positive_001.png,Hand,patient07511,fractured,train,BoneFract A Bone Fracture Dataset/train/Hand/patient07511/Positive/Hand_patient07511_Positive_001.png,dbc9734e89af4019e99a926d2cb00540128055fd5981ddac23c565264caf64c1
Hand_patient35620_Positive_001.png,Hand,patient35620,fractured,train,BoneFract A Bone Fracture Dataset/train/Hand/patient35620/Positive/Hand_patient35620_Positive_001.png,d17ca208b3d1d3d9e1fce2716834ea974cbb0554aff6bdb3c8a746f2e127f16e
Hand_patient09514_Positive_001.png,Hand,patient09514,fractured,train,BoneFract A Bone Fracture Dataset/train/Hand/patient09514/Positive/Hand_patient09514_Positive_001.png,df9fd97d7575857ffb64daafaf15d2740168ad577f3ed146107431f01b11a6c2
Hand_patient08716_Positive_001.png,Hand,patient08716,fractured,train,BoneFract A Bone Fracture Dataset/train/Hand/patient08716/Positive/Hand_patient08716_Positive_001.png,0f232385044745e9eda2a06a619c5812016288f113cbd5abe77746938df9cdcf
Hand_patient35623_Positive_001.png,Hand,patient35623,fractured,train,BoneFract A Bone Fracture Dataset/train/Hand/patient35623/Positive/Hand_patient35623_Positive_001.png,ee8565f999214bcb98e9ad8e1c54726990edacac5cd560a1a67a77563ab65ec2
Hand_patient44074_Positive_001.png,Hand,patient44074,fractured,train,BoneFract A Bone Fracture Dataset/train/Hand/patient44074/Positive/Hand_patient44074_Positive_001.png,f8b43faca3f152960556c892f0850b25810ff54d6a0b26f175c05268a42df5c4
Hand_patient24526_Positive_001.png,Hand,patient24526,fractured,train,BoneFract A Bone Fracture Dataset/train/Hand/patient24526/Positive/Hand_patient24526_Positive_001.png,5bce82ba63c973278cab41d3212b836897f152975f9ab90512fdb9e538482315
Hand_patient34764_Positive_001.png,Hand,patient34764,fractured,train,BoneFract A Bone Fracture Dataset/train/Hand/patient34764/Positive/Hand_patient34764_Positive_001.png,143f557acde16189d69cface6608f2ab3e45156a2f443c4dffc61710e641789f
Hand_patient27059_Positive_001.png,Hand,patient27059,fractured,train,BoneFract A Bone Fracture Dataset/train/Hand/patient27059/Positive/Hand_patient27059_Positive_001.png,da1831dcc3b75f4a1b50580cfa42a566a0de465ef04b071d4e2be1ba9b25e957
Hand_patient26366_Positive_001.png,Hand,patient26366,fractured,train,BoneFract A Bone Fracture Dataset/train/Hand/patient26366/Positive/Hand_patient26366_Positive_001.png,67e10a070cfa00f259382d2b1ae0ea1a811dd578b5e08b412a96ccb84789a006
Hand_patient08405_Positive_001.png,Hand,patient08405,fractured,train,BoneFract A Bone Fracture Dataset/train/Hand/patient08405/Positive/Hand_patient08405_Positive_001.png,e0834a890be06a78a6f0a3a27e74a444ef3c1f783def7723c063f07e1e9557b5
Hand_patient07409_Positive_001.png,Hand,patient07409,fractured,train,BoneFract A Bone Fracture Dataset/train/Hand/patient07409/Positive/Hand_patient07409_Positive_001.png,6907af88fb02aa2bf72802812850c521ff0d837198ad6d0d1a041e9b45cdef98
Hand_patient41458_Positive_001.png,Hand,patient41458,fractured,train,BoneFract A Bone Fracture Dataset/train/Hand/patient41458/Positive/Hand_patient41458_Positive_001.png,2f61bb2cf0dcf5cefae41372e97578777f282b9a07f03091de47d3f46e0b8703
Hand_patient41552_Positive_001.png,Hand,patient41552,fractured,train,BoneFract A Bone Fracture Dataset/train/Hand/patient41552/Positive/Hand_patient41552_Positive_001.png,afa4a96c4697a10090b28d528bc2b304a995b7a58a93029d75fe877254072541
Hand_patient08186_Positive_001.png,Hand,patient08186,fractured,train,BoneFract A Bone Fracture Dataset/train/Hand/patient08186/Positive/Hand_patient08186_Positive_001.png,7d83c81f9d6bba9e0c04494fa3836462fdd4ac4aeb6a2a35719b45a4792e3f7c
Hand_patient41525_Positive_001.png,Hand,patient41525,fractured,train,BoneFract A Bone Fracture Dataset/train/Hand/patient41525/Positive/Hand_patient41525_Positive_001.png,f0840fdea98155220c67f2f0d4f21480450f17b3f7374c4cb40c54490560952e
Hand_patient41482_Positive_001.png,Hand,patient41482,fractured,train,BoneFract A Bone Fracture Dataset/train/Hand/patient41482/Positive/Hand_patient41482_Positive_001.png,f7fff8fb7fb56a850a6c27d5b02fab18a58603b6750a776183a2b7225a48208d
Hand_patient07539_Positive_001.png,Hand,patient07539,fractured,train,BoneFract A Bone Fracture Dataset/train/Hand/patient07539/Positive/Hand_patient07539_Positive_001.png,bf7a31e801dd7b831c5d07c9970d8de9f268191d19d51d547333eeb2d1299833
Hand_patient07734_Positive_001.png,Hand,patient07734,fractured,train,BoneFract A Bone Fracture Dataset/train/Hand/patient07734/Positive/Hand_patient07734_Positive_001.png,15c4f35a96a5c43465ec71026291245ab9923e49cf2cef361cdc6dc59fffcbf9
Hand_patient09496_Positive_001.png,Hand,patient09496,fractured,train,BoneFract A Bone Fracture Dataset/train/Hand/patient09496/Positive/Hand_patient09496_Positive_001.png,601343fae0ea85b489d8d663de8575faa21e82172c41a1a787005e2fbe69f750
Hand_patient08654_Positive_001.png,Hand,patient08654,fractured,train,BoneFract A Bone Fracture Dataset/train/Hand/patient08654/Positive/Hand_patient08654_Positive_001.png,d8051526214ce02b15af527e46f18eeed610cf8305a54a623306b36a08b05a0b
Hand_patient27095_Positive_001.png,Hand,patient27095,fractured,train,BoneFract A Bone Fracture Dataset/train/Hand/patient27095/Positive/Hand_patient27095_Positive_001.png,2d93f76dc54a1c2ff600b568e4e46395b7c1f60a666bc6cc3e4af8e76a26d633
Hand_patient08216_Positive_001.png,Hand,patient08216,fractured,train,BoneFract A Bone Fracture Dataset/train/Hand/patient08216/Positive/Hand_patient08216_Positive_001.png,330d9f27e1e0942ac36392028497f89950f32dad4c296c08f292aaba14656456
Hand_patient44094_Positive_001.png,Hand,patient44094,fractured,train,BoneFract A Bone Fracture Dataset/train/Hand/patient44094/Positive/Hand_patient44094_Positive_001.png,f0a07b95fb6d8a4797eeb341ca010c64e5ac3693975b6746b8b59b2e55803180
Hand_patient41439_Positive_001.png,Hand,patient41439,fractured,train,BoneFract A Bone Fracture Dataset/train/Hand/patient41439/Positive/Hand_patient41439_Positive_001.png,974ac45437b3e1a653d1961e0bfdd242734f165875b204ba633480b0687961f5
Hand_patient25279_Positive_001.png,Hand,patient25279,fractured,train,BoneFract A Bone Fracture Dataset/train/Hand/patient25279/Positive/Hand_patient25279_Positive_001.png,3c7a5e2876c8a4abb1af33adebf3fd019d16b3108a3b4b81c233efadf6cfcde7
Hand_patient41475_Positive_001.png,Hand,patient41475,fractured,train,BoneFract A Bone Fracture Dataset/train/Hand/patient41475/Positive/Hand_patient41475_Positive_001.png,1b7258d68ea58d4b638ec4843be9dfa41a210286644c8dfb6f8a0c4dc5aabbd3
Hand_patient09820_Positive_001.png,Hand,patient09820,fractured,train,BoneFract A Bone Fracture Dataset/train/Hand/patient09820/Positive/Hand_patient09820_Positive_001.png,71d0381c2f348feed4d05ffb2dd055781ad1b64f7a3e321c77dbc5e70be9753b
Hand_patient33617_Positive_001.png,Hand,patient33617,fractured,train,BoneFract A Bone Fracture Dataset/train/Hand/patient33617/Positive/Hand_patient33617_Positive_001.png,d25077373010f0dc807462bce542f235dc397578e1da419d4d22c38b1c7b9c2e
Hand_patient08820_Positive_001.png,Hand,patient08820,fractured,train,BoneFract A Bone Fracture Dataset/train/Hand/patient08820/Positive/Hand_patient08820_Positive_001.png,54c5d333ed75d5aacd47703357a14082c73e09b60b52ea822ce3bb28459d478d
Hand_patient22175_Positive_001.png,Hand,patient22175,fractured,train,BoneFract A Bone Fracture Dataset/train/Hand/patient22175/Positive/Hand_patient22175_Positive_001.png,d953e7d2bd270a941b80ac0b00688f74fc988fb778066fe37d4267d4b3ec3bba
Hand_patient44106_Positive_001.png,Hand,patient44106,fractured,train,BoneFract A Bone Fracture Dataset/train/Hand/patient44106/Positive/Hand_patient44106_Positive_001.png,e17619c3d3be57e88a07b8adab0bd62471cb64a9b217bbd8b977d69f13ae4280
Hand_patient41462_Positive_001.png,Hand,patient41462,fractured,train,BoneFract A Bone Fracture Dataset/train/Hand/patient41462/Positive/Hand_patient41462_Positive_001.png,8fa06478009e27fbafa428d20c729de74b60c5cb71b2bc69cc130150a84e411f
Hand_patient44056_Positive_001.png,Hand,patient44056,fractured,train,BoneFract A Bone Fracture Dataset/train/Hand/patient44056/Positive/Hand_patient44056_Positive_001.png,60db70a3d7fc2523288e7ac7ee1545fe918fbdf25847f19944ec17bb566622ab
Hand_patient07531_Positive_001.png,Hand,patient07531,fractured,train,BoneFract A Bone Fracture Dataset/train/Hand/patient07531/Positive/Hand_patient07531_Positive_001.png,48b3e81d48a799408cffd5eac31c2517688d1c5d97e85fe46f44085d5ae6655b
Hand_patient22800_Positive_001.png,Hand,patient22800,fractured,train,BoneFract A Bone Fracture Dataset/train/Hand/patient22800/Positive/Hand_patient22800_Positive_001.png,20cfe583d6ef8243d8c6cd8068ec9cd1549debf9afc3cad48cf3e4ff7da63252
Hand_patient26094_Positive_001.png,Hand,patient26094,fractured,train,BoneFract A Bone Fracture Dataset/train/Hand/patient26094/Positive/Hand_patient26094_Positive_001.png,58ebaae6421ec2d6262a4344391d66ff2edb72e7e79977ec8a957daf0e8fb43e
Hand_patient09899_Positive_001.png,Hand,patient09899,fractured,train,BoneFract A Bone Fracture Dataset/train/Hand/patient09899/Positive/Hand_patient09899_Positive_001.png,08db3ae481608040524898d9932beb9b5c256c0d13056e0f9bdc9b02c69afa05
Hand_patient41451_Positive_001.png,Hand,patient41451,fractured,train,BoneFract A Bone Fracture Dataset/train/Hand/patient41451/Positive/Hand_patient41451_Positive_001.png,abd178d44e8ad6310456918f22509c766b120a1ffd0e72079528a83e412335f1
Hand_patient44101_Positive_001.png,Hand,patient44101,fractured,train,BoneFract A Bone Fracture Dataset/train/Hand/patient44101/Positive/Hand_patient44101_Positive_001.png,9d2ebe6d1c1e990159214366941d60e64cb3b40f8f991e1add766ec192bfd44f
Hand_patient27069_Positive_001.png,Hand,patient27069,fractured,train,BoneFract A Bone Fracture Dataset/train/Hand/patient27069/Positive/Hand_patient27069_Positive_001.png,ecbb112faaac931c74940fb10b17c7338255221df29194f2c3837de52766c9b8
Hand_patient44092_Positive_001.png,Hand,patient44092,fractured,train,BoneFract A Bone Fracture Dataset/train/Hand/patient44092/Positive/Hand_patient44092_Positive_001.png,b2aa7f3ee84f0e4c5f24f25b58edd807c52c948fca52357c4b1f428e8610321f
Hand_patient08827_Positive_001.png,Hand,patient08827,fractured,train,BoneFract A Bone Fracture Dataset/train/Hand/patient08827/Positive/Hand_patient08827_Positive_001.png,97ef451933b97a1eef6fbb007bc897156a8860dc87483e8b2b0d6f35318c8140
Hand_patient26130_Positive_001.png,Hand,patient26130,fractured,train,BoneFract A Bone Fracture Dataset/train/Hand/patient26130/Positive/Hand_patient26130_Positive_001.png,59418c4212428d5caa9028c1806f88a0ec70365f1d1a5e18f29fb46c922b6237
Hand_patient08111_Positive_001.png,Hand,patient08111,fractured,train,BoneFract A Bone Fracture Dataset/train/Hand/patient08111/Positive/Hand_patient08111_Positive_001.png,fc11f276af27fbc6ea622a2df3f4c3c9b479f032e1e6fd0f30035a8146d27cfc
Hand_patient41435_Positive_001.png,Hand,patient41435,fractured,train,BoneFract A Bone Fracture Dataset/train/Hand/patient41435/Positive/Hand_patient41435_Positive_001.png,abe879860ec653bdefd8912515dd5cb51e2fff23e9f18d1c988873e7a74f3789
Hand_patient08812_Positive_001.png,Hand,patient08812,fractured,train,BoneFract A Bone Fracture Dataset/train/Hand/patient08812/Positive/Hand_patient08812_Positive_001.png,5358f900a0593ff2ec1f9d7d4f4bcfc92dad168da8ea7b62611d515e5c9cab1a
Hand_patient41471_Positive_001.png,Hand,patient41471,fractured,train,BoneFract A Bone Fracture Dataset/train/Hand/patient41471/Positive/Hand_patient41471_Positive_001.png,5dae8ef27f7efcf354fb75178150409deb1c00c9166bd76606952a2b93d2c940
Hand_patient41476_Positive_001.png,Hand,patient41476,fractured,train,BoneFract A Bone Fracture Dataset/train/Hand/patient41476/Positive/Hand_patient41476_Positive_001.png,551703997ecb08fe6aab74db52ed7b0d8fb9367403a9cf6526eee24f8f9631ee
Hand_patient10528_Positive_001.png,Hand,patient10528,fractured,train,BoneFract A Bone Fracture Dataset/train/Hand/patient10528/Positive/Hand_patient10528_Positive_001.png,528cd7f340d4d147f5eeab5294994a395b7ff4814940e71936c8d6eebc9e54fe
Hand_patient23187_Positive_001.png,Hand,patient23187,fractured,train,BoneFract A Bone Fracture Dataset/train/Hand/patient23187/Positive/Hand_patient23187_Positive_001.png,1c2c1817c5f6fe994cf28c06c3669d05db4d7972dfd205c36dca73fda3624b41
Hand_patient28961_Positive_001.png,Hand,patient28961,fractured,train,BoneFract A Bone Fracture Dataset/train/Hand/patient28961/Positive/Hand_patient28961_Positive_001.png,af360a737b836ee0b0ff5f33b2d4be9c539ec085eea72ccc685df385df166860
Hand_patient26391_Positive_001.png,Hand,patient26391,fractured,train,BoneFract A Bone Fracture Dataset/train/Hand/patient26391/Positive/Hand_patient26391_Positive_001.png,043741ab593fc8b5f8542f647d9f93766f982e357a1538e75fb923195828a846
Hand_patient27080_Positive_001.png,Hand,patient27080,fractured,train,BoneFract A Bone Fracture Dataset/train/Hand/patient27080/Positive/Hand_patient27080_Positive_001.png,2dadefaf7f3d0a098cc6c5a558d523e89aeca46177e1f0b87ecf48be930ac5ec
Hand_patient23543_Positive_001.png,Hand,patient23543,fractured,train,BoneFract A Bone Fracture Dataset/train/Hand/patient23543/Positive/Hand_patient23543_Positive_001.png,5b57dfc74d978d46b1696e260f4e1fbc65bb0ca6de4f33587f992d83b6241ab7
Hand_patient09212_Positive_001.png,Hand,patient09212,fractured,train,BoneFract A Bone Fracture Dataset/train/Hand/patient09212/Positive/Hand_patient09212_Positive_001.png,443a5f22e5b74561c95503b8c47a28470ba53d064891732a9d70a467c7ff6636
Hand_patient34077_Positive_001.png,Hand,patient34077,fractured,train,BoneFract A Bone Fracture Dataset/train/Hand/patient34077/Positive/Hand_patient34077_Positive_001.png,84b91993e58d5a3c9571bd6a56dc70f025bddf5c197b37414ddb506ce2957ce1
Hand_patient08497_Positive_001.png,Hand,patient08497,fractured,train,BoneFract A Bone Fracture Dataset/train/Hand/patient08497/Positive/Hand_patient08497_Positive_001.png,80f6fdd2ed34d7a248e46d0856ee8a36a1c536aeac09b961a5753b1a34f51bbc
Hand_patient09157_Positive_001.png,Hand,patient09157,fractured,train,BoneFract A Bone Fracture Dataset/train/Hand/patient09157/Positive/Hand_patient09157_Positive_001.png,8709c375ca24b975256533a5ff373dce43b720060fcfe95761510bf009d71f8f
Hand_patient22179_Positive_001.png,Hand,patient22179,fractured,train,BoneFract A Bone Fracture Dataset/train/Hand/patient22179/Positive/Hand_patient22179_Positive_001.png,fd5190d18f07f117079d2525c93eac7f00b5080fe34ff475a327d9d588e95a11
Hand_patient08281_Positive_001.png,Hand,patient08281,fractured,train,BoneFract A Bone Fracture Dataset/train/Hand/patient08281/Positive/Hand_patient08281_Positive_001.png,e630f7177bae5104cb52806e3078b5322d74cc8ec7c82899ce2847cdb6ba78b4
Hand_patient07819_Positive_001.png,Hand,patient07819,fractured,train,BoneFract A Bone Fracture Dataset/train/Hand/patient07819/Positive/Hand_patient07819_Positive_001.png,0465417d167a7aa7d0b2e63f67a7bc25f4b4c5debbb8ff706713347ba40dd675
Hand_patient41432_Positive_001.png,Hand,patient41432,fractured,train,BoneFract A Bone Fracture Dataset/train/Hand/patient41432/Positive/Hand_patient41432_Positive_001.png,70c24473d0542faf230dceb38db14636e421c3a492735738256478a43ece64d4
Hand_patient10506_Positive_001.png,Hand,patient10506,fractured,train,BoneFract A Bone Fracture Dataset/train/Hand/patient10506/Positive/Hand_patient10506_Positive_001.png,5b8683ac294135af4157aeb9d3c091c5751a41ff97819eb66e2a494677e15909
Hand_patient35628_Positive_001.png,Hand,patient35628,fractured,train,BoneFract A Bone Fracture Dataset/train/Hand/patient35628/Positive/Hand_patient35628_Positive_001.png,926dcbc6c66d4557ae9f0dc2416aa9583ce4bd44e21632a7d3f201ae7c202f84
Hand_patient25789_Positive_001.png,Hand,patient25789,fractured,train,BoneFract A Bone Fracture Dataset/train/Hand/patient25789/Positive/Hand_patient25789_Positive_001.png,149c344e0ca9e03d6ff83a058797d14ca929a1b3d9f21cc9173ac11c8480db87
Hand_patient34100_Positive_001.png,Hand,patient34100,fractured,train,BoneFract A Bone Fracture Dataset/train/Hand/patient34100/Positive/Hand_patient34100_Positive_001.png,36ce32b88d32658a33fec135e459b52e9095cdee199fb7b88b37a4cf38561a85
Hand_patient44114_Positive_001.png,Hand,patient44114,fractured,train,BoneFract A Bone Fracture Dataset/train/Hand/patient44114/Positive/Hand_patient44114_Positive_001.png,2ea7422d4ea21c5ddcf87a86b9a2e5de41c6f8bf5abd8903f7da8d8662d15305
Hand_patient41535_Positive_001.png,Hand,patient41535,fractured,train,BoneFract A Bone Fracture Dataset/train/Hand/patient41535/Positive/Hand_patient41535_Positive_001.png,a824b7a9a3254cfd1673844400e6f5586bcff19568a911832bfaedb16956663b
Hand_patient26378_Positive_001.png,Hand,patient26378,fractured,train,BoneFract A Bone Fracture Dataset/train/Hand/patient26378/Positive/Hand_patient26378_Positive_001.png,ba8bc016fd70a4c48d4b0f42be24932fab8c5650fab996758f52428d0bfe10b2
Hand_patient41543_Positive_001.png,Hand,patient41543,fractured,train,BoneFract A Bone Fracture Dataset/train/Hand/patient41543/Positive/Hand_patient41543_Positive_001.png,66494efebb8b8308373b5faae0f040134d75ce328b5b85a45d545686cfc7a3a2
Hand_patient08196_Positive_001.png,Hand,patient08196,fractured,train,BoneFract A Bone Fracture Dataset/train/Hand/patient08196/Positive/Hand_patient08196_Positive_001.png,7e2cb6ad9fabedcc0b454677a999a805451b7e4162cd505f3b6eb3342989466c
Hand_patient08778_Positive_001.png,Hand,patient08778,fractured,train,BoneFract A Bone Fracture Dataset/train/Hand/patient08778/Positive/Hand_patient08778_Positive_001.png,4b8c82a1b70c708a38832b485e6dad0d465f85a7e483b053f5f1c3f9ce0ec62e
Hand_patient44118_Positive_001.png,Hand,patient44118,fractured,train,BoneFract A Bone Fracture Dataset/train/Hand/patient44118/Positive/Hand_patient44118_Positive_001.png,75e9b21e0b4790eea86175a4f305c88ef04f866700a6b6e46f4d473f995abfbc
Hand_patient27138_Positive_001.png,Hand,patient27138,fractured,train,BoneFract A Bone Fracture Dataset/train/Hand/patient27138/Positive/Hand_patient27138_Positive_001.png,e519b8ca4bcccf5f30a0676f48cec9d1e9955df7e8651a5b149acc0c6d79996c
Hand_patient26093_Positive_001.png,Hand,patient26093,fractured,train,BoneFract A Bone Fracture Dataset/train/Hand/patient26093/Positive/Hand_patient26093_Positive_001.png,a25bb49da1c23fb548b372695f2571eade1624040cd98a4676302ab64eb8c240
Hand_patient49119_Positive_001.png,Hand,patient49119,fractured,train,BoneFract A Bone Fracture Dataset/train/Hand/patient49119/Positive/Hand_patient49119_Positive_001.png,89227677b5f4e7bb2fe83c48c2868317dad1310439cf06926b5366a9edb07b07
Hand_patient22132_Positive_001.png,Hand,patient22132,fractured,train,BoneFract A Bone Fracture Dataset/train/Hand/patient22132/Positive/Hand_patient22132_Positive_001.png,1518c350617ef84c1a92b711599856e2b08225d5191d8298dbf54c8ca145d4ea
Hand_patient07788_Positive_001.png,Hand,patient07788,fractured,train,BoneFract A Bone Fracture Dataset/train/Hand/patient07788/Positive/Hand_patient07788_Positive_001.png,376a9c1ca4ac1a30f92cb83a80f74527a8bb29add47dad3691e5981e4541163a
Hand_patient26381_Positive_001.png,Hand,patient26381,fractured,train,BoneFract A Bone Fracture Dataset/train/Hand/patient26381/Positive/Hand_patient26381_Positive_001.png,6266ce75d5e3122e5b9a73e2b41ccabfff757f91fa24897c522a174905a414fe
Hand_patient44050_Positive_001.png,Hand,patient44050,fractured,train,BoneFract A Bone Fracture Dataset/train/Hand/patient44050/Positive/Hand_patient44050_Positive_001.png,4048a8309471863164c9465f4c7b2f04b9836574823f9f181530dfca180e9c46
Hand_patient10521_Positive_001.png,Hand,patient10521,fractured,train,BoneFract A Bone Fracture Dataset/train/Hand/patient10521/Positive/Hand_patient10521_Positive_001.png,399fb8c81c7e392118572ec8da67e466ef69e860f07ddd3b275f53ab37759e36
Hand_patient26699_Positive_001.png,Hand,patient26699,fractured,train,BoneFract A Bone Fracture Dataset/train/Hand/patient26699/Positive/Hand_patient26699_Positive_001.png,5fb2a22f4d826b39f0674b4fbdd431349b6c1e46ddcec8ec02e8e9b5e945fc31
Hand_patient44112_Positive_001.png,Hand,patient44112,fractured,train,BoneFract A Bone Fracture Dataset/train/Hand/patient44112/Positive/Hand_patient44112_Positive_001.png,e909894d54b7f62ceb49a419002461aba086ddf4f1bf5e754ab5783c4fa67c07
Hand_patient41491_Positive_001.png,Hand,patient41491,fractured,train,BoneFract A Bone Fracture Dataset/train/Hand/patient41491/Positive/Hand_patient41491_Positive_001.png,0b1f33cc5a1a2b20593669fb540618effbcb7071fe088075b57e889cf00295ea
Hand_patient27139_Positive_001.png,Hand,patient27139,fractured,train,BoneFract A Bone Fracture Dataset/train/Hand/patient27139/Positive/Hand_patient27139_Positive_001.png,4bd25307b5c3f4ca1f11ddc069bacc8b37c9c7c92033b034e0dd08335752f584
Hand_patient08513_Positive_001.png,Hand,patient08513,fractured,train,BoneFract A Bone Fracture Dataset/train/Hand/patient08513/Positive/Hand_patient08513_Positive_001.png,c4842d843736a3679d3be272d0de2b625dffc9bb3245f8f538112629ae846052
Hand_patient10604_Positive_001.png,Hand,patient10604,fractured,train,BoneFract A Bone Fracture Dataset/train/Hand/patient10604/Positive/Hand_patient10604_Positive_001.png,d3f9d6d2fcadbdd4b106691177760f4b5959169b87de91d36b31b8088c50c77e
Hand_patient44081_Positive_001.png,Hand,patient44081,fractured,train,BoneFract A Bone Fracture Dataset/train/Hand/patient44081/Positive/Hand_patient44081_Positive_001.png,0d05153ab884f28a51fb562bd3586f266fc15ae4ba9a2f94f76b064825e4219c
Hand_patient10257_Positive_001.png,Hand,patient10257,fractured,train,BoneFract A Bone Fracture Dataset/train/Hand/patient10257/Positive/Hand_patient10257_Positive_001.png,94ec1a42a13acc47521fd9e142a3b18d44c23aed287334be8987fa94c1a4b780
Hand_patient09000_Positive_001.png,Hand,patient09000,fractured,train,BoneFract A Bone Fracture Dataset/train/Hand/patient09000/Positive/Hand_patient09000_Positive_001.png,03e7bcfba319a007b9f6f1751fe23ec05d5e84de5ce5a93ece8f5d508294914b
Hand_patient26375_Positive_001.png,Hand,patient26375,fractured,train,BoneFract A Bone Fracture Dataset/train/Hand/patient26375/Positive/Hand_patient26375_Positive_001.png,94eb9a70c1ea9c6aa36754023d9bbf6370b95eb92c30553c71674c7446f9c268
Hand_patient09253_Positive_001.png,Hand,patient09253,fractured,train,BoneFract A Bone Fracture Dataset/train/Hand/patient09253/Positive/Hand_patient09253_Positive_001.png,d207bba116e51a5595f13a2f0fe1bbf35c186ed10dd2c5b42cb7a08701b2df89
Hand_patient07521_Positive_001.png,Hand,patient07521,fractured,train,BoneFract A Bone Fracture Dataset/train/Hand/patient07521/Positive/Hand_patient07521_Positive_001.png,02f6b49c74bdee04cc6232c7062a585d4cd6e67545d945b539cacbc8569db0c0
Hand_patient24847_Positive_001.png,Hand,patient24847,fractured,train,BoneFract A Bone Fracture Dataset/train/Hand/patient24847/Positive/Hand_patient24847_Positive_001.png,77bc996e70fa9f95bb6176458565edfac58c121673ebbf17863c97095ca4aed7
Hand_patient09987_Positive_001.png,Hand,patient09987,fractured,train,BoneFract A Bone Fracture Dataset/train/Hand/patient09987/Positive/Hand_patient09987_Positive_001.png,b4758c24dcc6537db34f8b58663b47904781d17902f6dbf57c7f1cf48d082e0d
Hand_patient07915_Positive_001.png,Hand,patient07915,fractured,train,BoneFract A Bone Fracture Dataset/train/Hand/patient07915/Positive/Hand_patient07915_Positive_001.png,c6c18d2bc284c75ded80766bb7d2d3e8808e70bb8f05b3da0199d54a4f722ae2
Hand_patient09097_Positive_001.png,Hand,patient09097,fractured,train,BoneFract A Bone Fracture Dataset/train/Hand/patient09097/Positive/Hand_patient09097_Positive_001.png,b99807dea10a9d619b85a9dbcef77598e29b7966853f9db1f5d40379878b0314
Hand_patient41437_Positive_001.png,Hand,patient41437,fractured,train,BoneFract A Bone Fracture Dataset/train/Hand/patient41437/Positive/Hand_patient41437_Positive_001.png,e1d338cac88a24aae961a4a1f5f9aff268a2a6505c9a4ff070830f3326389b70
Hand_patient27085_Positive_001.png,Hand,patient27085,fractured,train,BoneFract A Bone Fracture Dataset/train/Hand/patient27085/Positive/Hand_patient27085_Positive_001.png,9d4ba6ae0d1321656686979d93dff63b8ef7f78f53d6d22b0b1c7a80d2d50b1e
Hand_patient24957_Positive_001.png,Hand,patient24957,fractured,train,BoneFract A Bone Fracture Dataset/train/Hand/patient24957/Positive/Hand_patient24957_Positive_001.png,65fcb0567a80d28cbda9b82a595436cec9c79438f2355b5810e360fec40a2636
Hand_patient38351_Positive_001.png,Hand,patient38351,fractured,train,BoneFract A Bone Fracture Dataset/train/Hand/patient38351/Positive/Hand_patient38351_Positive_001.png,3afcff1685e751cceafa1921840a304da82ee30f7e0e8782cb2d7294a0b8abae
Hand_patient07281_Positive_001.png,Hand,patient07281,fractured,train,BoneFract A Bone Fracture Dataset/train/Hand/patient07281/Positive/Hand_patient07281_Positive_001.png,df6a678d96d09149fa7910c8d312d31eff1bbac78e00521b3d97da9447f1a517
Hand_patient07315_Positive_001.png,Hand,patient07315,fractured,train,BoneFract A Bone Fracture Dataset/train/Hand/patient07315/Positive/Hand_patient07315_Positive_001.png,e7c88246ebc967d768b11855a5de9b8c4b8d610d0989d21004147c292813b3ce
Hand_patient27049_Positive_001.png,Hand,patient27049,fractured,train,BoneFract A Bone Fracture Dataset/train/Hand/patient27049/Positive/Hand_patient27049_Positive_001.png,866e2ec921964dc9745c992a9a3eb3e4990efeec812dd19f7c1306b740c7bba1
Hand_patient09933_Positive_001.png,Hand,patient09933,fractured,train,BoneFract A Bone Fracture Dataset/train/Hand/patient09933/Positive/Hand_patient09933_Positive_001.png,3109d7739409420747a644bc3302bae76bbe2ddac1698cfa7bf2ebaae6ace1b1
Hand_patient07288_Positive_001.png,Hand,patient07288,fractured,train,BoneFract A Bone Fracture Dataset/train/Hand/patient07288/Positive/Hand_patient07288_Positive_001.png,2e79b9225521c7ff9d9a2f0b581615b8364952bf8a2310759a1ce4fddfa598c3
Hand_patient09628_Positive_001.png,Hand,patient09628,fractured,train,BoneFract A Bone Fracture Dataset/train/Hand/patient09628/Positive/Hand_patient09628_Positive_001.png,80c9557f4913736115532fae8be7c900ed65f567ec1a5670914e3f528dae445d
Hand_patient44071_Positive_001.png,Hand,patient44071,fractured,train,BoneFract A Bone Fracture Dataset/train/Hand/patient44071/Positive/Hand_patient44071_Positive_001.png,6ade88013ef2778522d829f908b52729beb8a1f8ebab66029d1257c48ec98059
Hand_patient41463_Positive_001.png,Hand,patient41463,fractured,train,BoneFract A Bone Fracture Dataset/train/Hand/patient41463/Positive/Hand_patient41463_Positive_001.png,c02053b379ea312ac14a679eba5e52a7512a909fa2695f4e05e854b2b7b70b33
Hand_patient25001_Positive_001.png,Hand,patient25001,fractured,train,BoneFract A Bone Fracture Dataset/train/Hand/patient25001/Positive/Hand_patient25001_Positive_001.png,78876530edb5a09f4770a3e4d7e359d89d969e0193318f6097962a7d5973fc69
Hand_patient07954_Positive_001.png,Hand,patient07954,fractured,train,BoneFract A Bone Fracture Dataset/train/Hand/patient07954/Positive/Hand_patient07954_Positive_001.png,95652b5b949dccb3d390e6c285e440101db0d75e279338ee030a664f28c5bc09
Hand_patient25977_Positive_001.png,Hand,patient25977,fractured,train,BoneFract A Bone Fracture Dataset/train/Hand/patient25977/Positive/Hand_patient25977_Positive_001.png,c4a6db2bf9ca6772e921cb9c59949602801f4ea0fd10e3ca8605bd4db1734123
Hand_patient44055_Positive_001.png,Hand,patient44055,fractured,train,BoneFract A Bone Fracture Dataset/train/Hand/patient44055/Positive/Hand_patient44055_Positive_001.png,794b656cdbc729dfca413cae019ec1489738879801fcb2ec190f9e1292b07e8d
Hand_patient26138_Positive_001.png,Hand,patient26138,fractured,train,BoneFract A Bone Fracture Dataset/train/Hand/patient26138/Positive/Hand_patient26138_Positive_001.png,cbb216ea67692026dcb3542b1f6a555f8686701ce40a99f97eda6612688d2bb0
Hand_patient08823_Positive_001.png,Hand,patient08823,fractured,train,BoneFract A Bone Fracture Dataset/train/Hand/patient08823/Positive/Hand_patient08823_Positive_001.png,604cd16c984b977e3e0556c0782a527a6788c0d92b95bf7c084ec44fa959e20a
Hand_patient25294_Positive_001.png,Hand,patient25294,fractured,train,BoneFract A Bone Fracture Dataset/train/Hand/patient25294/Positive/Hand_patient25294_Positive_001.png,4e6cac4b6d91b3f40ea8f34de59b2733cde23592522ef85d228193841a3c1bc7
Hand_patient27056_Positive_001.png,Hand,patient27056,fractured,train,BoneFract A Bone Fracture Dataset/train/Hand/patient27056/Positive/Hand_patient27056_Positive_001.png,9673d583343feb103cf3d6286805b582e8b23700f82bfb39eed2a27c2c5f46a3
Hand_patient09090_Positive_001.png,Hand,patient09090,fractured,train,BoneFract A Bone Fracture Dataset/train/Hand/patient09090/Positive/Hand_patient09090_Positive_001.png,6075ced56b9b47a0571a5504dd4cef439a0cc53653ea9f5cb3eb25e56b141c64
Hand_patient24758_Positive_001.png,Hand,patient24758,fractured,train,BoneFract A Bone Fracture Dataset/train/Hand/patient24758/Positive/Hand_patient24758_Positive_001.png,67f91f91aa3aa20be2e86629ac4be23cb9bb102505d65bddd56b0549fe094056
Hand_patient09201_Positive_001.png,Hand,patient09201,fractured,train,BoneFract A Bone Fracture Dataset/train/Hand/patient09201/Positive/Hand_patient09201_Positive_001.png,1dbff9037683374693e04cee01d7dec5d44164857b12242b410bb822433e5c6c
Hand_patient25808_Positive_001.png,Hand,patient25808,fractured,train,BoneFract A Bone Fracture Dataset/train/Hand/patient25808/Positive/Hand_patient25808_Positive_001.png,a629e80ec7f59d3c7a02633ea0fc31fda95e2b28687ba5c72b2fb2f13b8db7c0
Hand_patient09392_Positive_001.png,Hand,patient09392,fractured,train,BoneFract A Bone Fracture Dataset/train/Hand/patient09392/Positive/Hand_patient09392_Positive_001.png,e22c1537fc6c08a3afa3ae33781c663b69202bad3eef348c4e268a9396605eb4
Hand_patient44054_Positive_001.png,Hand,patient44054,fractured,train,BoneFract A Bone Fracture Dataset/train/Hand/patient44054/Positive/Hand_patient44054_Positive_001.png,9a3d6ecada5dc3c1ba0a38d76080d6a2562a7303515a386754fac553401ff99b
Hand_patient41436_Positive_001.png,Hand,patient41436,fractured,train,BoneFract A Bone Fracture Dataset/train/Hand/patient41436/Positive/Hand_patient41436_Positive_001.png,0af8511e7edafb71e3dc92585e3c08732cb896bb3572d2dae503416f55a9b40e
Hand_patient07541_Positive_001.png,Hand,patient07541,fractured,train,BoneFract A Bone Fracture Dataset/train/Hand/patient07541/Positive/Hand_patient07541_Positive_001.png,cb375ceef0ff9b657a890dcad21f08aaa3ef20ac72f44e415bf0658116237a30
Hand_patient09644_Positive_001.png,Hand,patient09644,fractured,train,BoneFract A Bone Fracture Dataset/train/Hand/patient09644/Positive/Hand_patient09644_Positive_001.png,482333c57790c7d42ff4eec067bfe5381066d71ea8705e18075c218737bd7b88
Hand_patient41506_Positive_001.png,Hand,patient41506,fractured,train,BoneFract A Bone Fracture Dataset/train/Hand/patient41506/Positive/Hand_patient41506_Positive_001.png,e58e6153ccf4f2d46206477f98418c37abc5144f51febe28c32960cd08f25423
Hand_patient25131_Positive_001.png,Hand,patient25131,fractured,train,BoneFract A Bone Fracture Dataset/train/Hand/patient25131/Positive/Hand_patient25131_Positive_001.png,ec7f4debcffdf70c4f806fdcec105c449963798ee53e4030caba64a7cee2cd5b
Hand_patient41549_Positive_001.png,Hand,patient41549,fractured,train,BoneFract A Bone Fracture Dataset/train/Hand/patient41549/Positive/Hand_patient41549_Positive_001.png,f92954a41a9dde81aa11dd1c3f2822f0d3c6eb1d6553081820541d696a8a5d37
Hand_patient25396_Positive_001.png,Hand,patient25396,fractured,train,BoneFract A Bone Fracture Dataset/train/Hand/patient25396/Positive/Hand_patient25396_Positive_001.png,ceaf70a1f46d83b29c46dcd9aa08cf7eaade0b87e920da6e2eaed7b7d2e5875a
Hand_patient26369_Positive_001.png,Hand,patient26369,fractured,train,BoneFract A Bone Fracture Dataset/train/Hand/patient26369/Positive/Hand_patient26369_Positive_001.png,cedd448ac15fd2c5476011669c717010c57514a2c75954ed6b9ed31606d702c9
Hand_patient10204_Positive_001.png,Hand,patient10204,fractured,train,BoneFract A Bone Fracture Dataset/train/Hand/patient10204/Positive/Hand_patient10204_Positive_001.png,98de5c318cb840f2048b2e174242f328016eabb669dce9f4ce7dd1bf689c14e6
Hand_patient10444_Positive_001.png,Hand,patient10444,fractured,train,BoneFract A Bone Fracture Dataset/train/Hand/patient10444/Positive/Hand_patient10444_Positive_001.png,e176d3a16272ec28bf698d9529e7b8fa31b47b765c3b907509adcfface1c1efc
Hand_patient44096_Positive_001.png,Hand,patient44096,fractured,train,BoneFract A Bone Fracture Dataset/train/Hand/patient44096/Positive/Hand_patient44096_Positive_001.png,00ecc4d7f11cfadf7656aac3f82077e714144e544641d47c9244ddabf804abfa
Hand_patient23904_Positive_001.png,Hand,patient23904,fractured,train,BoneFract A Bone Fracture Dataset/train/Hand/patient23904/Positive/Hand_patient23904_Positive_001.png,abb92fff318d164e69dbe6abf5ec9360a4232117e2817fa360d3ab59f939bfee
Hand_patient44088_Positive_001.png,Hand,patient44088,fractured,train,BoneFract A Bone Fracture Dataset/train/Hand/patient44088/Positive/Hand_patient44088_Positive_001.png,0b5f793a6912842d73a839d905459f65a821d4e3af5b0e9f46e17cd9d61663fa
Hand_patient41431_Positive_001.png,Hand,patient41431,fractured,train,BoneFract A Bone Fracture Dataset/train/Hand/patient41431/Positive/Hand_patient41431_Positive_001.png,939b8f9ecdca381a61e2a66c56726be201ee47eac9f4958d4d4364153bd936cf
Hand_patient09065_Positive_001.png,Hand,patient09065,fractured,train,BoneFract A Bone Fracture Dataset/train/Hand/patient09065/Positive/Hand_patient09065_Positive_001.png,3453348116d7ad5097832ca1c87a95282a5a993228e77c128e121783afaa1d90
Hand_patient07685_Positive_001.png,Hand,patient07685,fractured,train,BoneFract A Bone Fracture Dataset/train/Hand/patient07685/Positive/Hand_patient07685_Positive_001.png,eafedbfbd3c81e3b2305b0213338fcfa2e96ebc030b4c598b100abf8c011f9ce
Hand_patient08718_Positive_001.png,Hand,patient08718,fractured,train,BoneFract A Bone Fracture Dataset/train/Hand/patient08718/Positive/Hand_patient08718_Positive_001.png,d7993b4c905dd7842b52e2dc863c5e3ad2778f8d269bebe6e7a13e77cd589525
Hand_patient44046_Positive_001.png,Hand,patient44046,fractured,train,BoneFract A Bone Fracture Dataset/train/Hand/patient44046/Positive/Hand_patient44046_Positive_001.png,db70f01bf0bcb909fd1449d84ad0021142a67d617b1707059ccba2c1a9794b68
Hand_patient08646_Positive_001.png,Hand,patient08646,fractured,train,BoneFract A Bone Fracture Dataset/train/Hand/patient08646/Positive/Hand_patient08646_Positive_001.png,9110345ed5b2e924ebc72a97351c3b8d9c2347b0376dcb06596ac601437c29c7
Hand_patient41456_Positive_001.png,Hand,patient41456,fractured,train,BoneFract A Bone Fracture Dataset/train/Hand/patient41456/Positive/Hand_patient41456_Positive_001.png,2a27162d0fb61fe980569169a22b6e12050e902a96391d18edf36ed9cafd71cb
Hand_patient09921_Positive_001.png,Hand,patient09921,fractured,train,BoneFract A Bone Fracture Dataset/train/Hand/patient09921/Positive/Hand_patient09921_Positive_001.png,f3ee98cdf203e4bd07597d9663d68e1330fd52f66e1155e614f5e70c0ffac946
Hand_patient09013_Positive_001.png,Hand,patient09013,fractured,train,BoneFract A Bone Fracture Dataset/train/Hand/patient09013/Positive/Hand_patient09013_Positive_001.png,0d75e63edc7e4b15b4d09392b2d8e49b1659cfd1a3b0a165c3bd3c5e2f80aa55
Hand_patient34075_Positive_001.png,Hand,patient34075,fractured,train,BoneFract A Bone Fracture Dataset/train/Hand/patient34075/Positive/Hand_patient34075_Positive_001.png,f5872aecdc3ac2a13b4365c5e8995db3b9d7053021789b2d51c3d1bc06e29a33
Hand_patient24882_Positive_001.png,Hand,patient24882,fractured,train,BoneFract A Bone Fracture Dataset/train/Hand/patient24882/Positive/Hand_patient24882_Positive_001.png,077f2a8a4d1e84be2700af8b6a729296558191143082e21b8321a93552c4735c
Hand_patient27151_Positive_001.png,Hand,patient27151,fractured,train,BoneFract A Bone Fracture Dataset/train/Hand/patient27151/Positive/Hand_patient27151_Positive_001.png,8855f97f79a7e65d21613687163503507ab2d8c3468e04d61f3ce5a948e07e16
Hand_patient27073_Positive_001.png,Hand,patient27073,fractured,train,BoneFract A Bone Fracture Dataset/train/Hand/patient27073/Positive/Hand_patient27073_Positive_001.png,28d0b4948393cfe203385ac7cf199431a9e6f2f85def9f2dc3f8fb68302f08ea
Hand_patient44085_Positive_001.png,Hand,patient44085,fractured,train,BoneFract A Bone Fracture Dataset/train/Hand/patient44085/Positive/Hand_patient44085_Positive_001.png,e280b444fad1282f01994483eb489afa6b858f369b12d2c1d61fd694db06b96e
Hand_patient27105_Positive_001.png,Hand,patient27105,fractured,train,BoneFract A Bone Fracture Dataset/train/Hand/patient27105/Positive/Hand_patient27105_Positive_001.png,4f2e2440854a9892aabaa977f743cda04df8bb08253e517254e800418d8469ba
Hand_patient07840_Positive_001.png,Hand,patient07840,fractured,train,BoneFract A Bone Fracture Dataset/train/Hand/patient07840/Positive/Hand_patient07840_Positive_001.png,8f4cc077264c754ddadcb07acc42fcd1fa8ea90669df4b3eda58d5f438407b25
Hand_patient41518_Positive_001.png,Hand,patient41518,fractured,train,BoneFract A Bone Fracture Dataset/train/Hand/patient41518/Positive/Hand_patient41518_Positive_001.png,c2ba1690420fae5bd594afc711931441622ea1aeb1510bac8967f7656b3c8ff2
Hand_patient09295_Positive_001.png,Hand,patient09295,fractured,train,BoneFract A Bone Fracture Dataset/train/Hand/patient09295/Positive/Hand_patient09295_Positive_001.png,6b81a1ef5929ec6ac9f8f372de786e0494ac357bb5fe2d88163f03c09c285df4
Hand_patient44045_Positive_001.png,Hand,patient44045,fractured,train,BoneFract A Bone Fracture Dataset/train/Hand/patient44045/Positive/Hand_patient44045_Positive_001.png,137156a3248bbdf046e6e67177131728a0b8d0a9ce3246ba3c3e02aac48fe114
Hand_patient08727_Positive_001.png,Hand,patient08727,fractured,train,BoneFract A Bone Fracture Dataset/train/Hand/patient08727/Positive/Hand_patient08727_Positive_001.png,0e2ccb567b91bd04cabf0b09c44b173a427452945212757f8b70dac705865946
Hand_patient08743_Positive_001.png,Hand,patient08743,fractured,train,BoneFract A Bone Fracture Dataset/train/Hand/patient08743/Positive/Hand_patient08743_Positive_001.png,a905c10c7b5a97e75a6f364d862d41c885dbd5b5788925cbc162a736fa53e08e
Hand_patient49120_Positive_001.png,Hand,patient49120,fractured,train,BoneFract A Bone Fracture Dataset/train/Hand/patient49120/Positive/Hand_patient49120_Positive_001.png,fa3375d3f032ee60b9710a2011f4eec6f4ad8d0d3b755b179f53629e416af2d0
Hand_patient09043_Positive_001.png,Hand,patient09043,fractured,train,BoneFract A Bone Fracture Dataset/train/Hand/patient09043/Positive/Hand_patient09043_Positive_001.png,8a1b6f9ba711e9bc126332dbd1166563500ecf9eb8191f95033329e973678b6f
Hand_patient09213_Positive_001.png,Hand,patient09213,fractured,train,BoneFract A Bone Fracture Dataset/train/Hand/patient09213/Positive/Hand_patient09213_Positive_001.png,422570d9a756a452d65c1c7c47807b001df8ab0c5664f3ea2ea653492add5e53
Hand_patient41447_Positive_001.png,Hand,patient41447,fractured,train,BoneFract A Bone Fracture Dataset/train/Hand/patient41447/Positive/Hand_patient41447_Positive_001.png,3a07fcc4a0126c7a02433a0b264e2a0a25c7be2d0163d7123ac757c85f145763
Hand_patient34093_Positive_001.png,Hand,patient34093,fractured,train,BoneFract A Bone Fracture Dataset/train/Hand/patient34093/Positive/Hand_patient34093_Positive_001.png,9dcf91119e84ddd0938160c1c890192e69bd3e1fcc81a785a51449b7ade7fa0b
Hand_patient08755_Positive_001.png,Hand,patient08755,fractured,train,BoneFract A Bone Fracture Dataset/train/Hand/patient08755/Positive/Hand_patient08755_Positive_001.png,fb5df03132fb65564e5e79a72a5634104b8b69d163c52525b070f8be24e18dd4
Hand_patient27120_Positive_001.png,Hand,patient27120,fractured,train,BoneFract A Bone Fracture Dataset/train/Hand/patient27120/Positive/Hand_patient27120_Positive_001.png,cad7dda7bffec2cdd3d98eac04202f472016219251632b2d4bbcbb3569c8e9c4
Hand_patient25022_Positive_001.png,Hand,patient25022,fractured,train,BoneFract A Bone Fracture Dataset/train/Hand/patient25022/Positive/Hand_patient25022_Positive_001.png,c0cb80102a921a857cbe0b89c00e78e4116d647caa6aeed0530c02c3de69f84f
Hand_patient25886_Positive_001.png,Hand,patient25886,fractured,train,BoneFract A Bone Fracture Dataset/train/Hand/patient25886/Positive/Hand_patient25886_Positive_001.png,0da7f143847d620f3ad738d0da7566546c2401e8b3762e23358416173c0dce2d
Hand_patient09172_Positive_001.png,Hand,patient09172,fractured,train,BoneFract A Bone Fracture Dataset/train/Hand/patient09172/Positive/Hand_patient09172_Positive_001.png,83c96ce38b1776d0ffa40cc7fec90c6b05b3bed64de294cb0a0c1fbce88f785a
Hand_patient10600_Positive_001.png,Hand,patient10600,fractured,train,BoneFract A Bone Fracture Dataset/train/Hand/patient10600/Positive/Hand_patient10600_Positive_001.png,71c5adccb072104c11f8cc012c37847eae1dcc51f0fb4ce261c7416948556c76
Hand_patient08496_Positive_001.png,Hand,patient08496,fractured,train,BoneFract A Bone Fracture Dataset/train/Hand/patient08496/Positive/Hand_patient08496_Positive_001.png,8d9ed47d5c647f9c676cb187064d069735bc15cec7806253875571d6f35e911d
Hand_patient33609_Positive_001.png,Hand,patient33609,fractured,train,BoneFract A Bone Fracture Dataset/train/Hand/patient33609/Positive/Hand_patient33609_Positive_001.png,4c264b4b19d1e0a1ecc948ad6f2d3f081ab1e437ab020e326652e0e6056fc0c5
Hand_patient09170_Positive_001.png,Hand,patient09170,fractured,train,BoneFract A Bone Fracture Dataset/train/Hand/patient09170/Positive/Hand_patient09170_Positive_001.png,32709d5dfd73b65cfcb9a0f5a8f888c25d153f65f960bcedb4ae915e8d4845e2
Hand_patient44060_Positive_001.png,Hand,patient44060,fractured,train,BoneFract A Bone Fracture Dataset/train/Hand/patient44060/Positive/Hand_patient44060_Positive_001.png,840e8a8455a681add70d22bb7e145773cba74a6697be8835b107f548f781c350
Hand_patient07265_Positive_001.png,Hand,patient07265,fractured,train,BoneFract A Bone Fracture Dataset/train/Hand/patient07265/Positive/Hand_patient07265_Positive_001.png,2ca3fc561dc3566a8bd5b32ce30b35fe11699bbc62f805839e3cb7e6387baa7c
Hand_patient08681_Positive_001.png,Hand,patient08681,fractured,train,BoneFract A Bone Fracture Dataset/train/Hand/patient08681/Positive/Hand_patient08681_Positive_001.png,05f7fbfa3ddccffc530d5b91e21f85076c64152b0c8d1d1682d2277cfd1d9fe7
Hand_patient08506_Positive_001.png,Hand,patient08506,fractured,train,BoneFract A Bone Fracture Dataset/train/Hand/patient08506/Positive/Hand_patient08506_Positive_001.png,a0f6e5e081a1a7d36b11e548c2ca42e8dcdd009c759527a09380fab59d90ee79
Hand_patient41484_Positive_001.png,Hand,patient41484,fractured,train,BoneFract A Bone Fracture Dataset/train/Hand/patient41484/Positive/Hand_patient41484_Positive_001.png,e2beca0ac3cfcf1c1b39561072a501fc8f82f654ed3ab685ad4b1294e435b3ac
Hand_patient09019_Positive_001.png,Hand,patient09019,fractured,train,BoneFract A Bone Fracture Dataset/train/Hand/patient09019/Positive/Hand_patient09019_Positive_001.png,9eea4938ff3ad6f57b23c73be6dced0e658e0a676df2414967a63d6667363ab5
wrist_patient41913_Positive_001.png,wrist,patient41913,fractured,train,BoneFract A Bone Fracture Dataset/train/wrist/patient41913/Positive/wrist_patient41913_Positive_001.png,08d3db02cd59bf594fee2659f93f7bc878efb1c246aa703f12440e3aac6abd7a
wrist_patient22069_Positive_001.png,wrist,patient22069,fractured,train,BoneFract A Bone Fracture Dataset/train/wrist/patient22069/Positive/wrist_patient22069_Positive_001.png,3ce294d9b6b48b478b847a710b7cf55f78219c682dccc5df873210f3d096b7bf
wrist_patient35934_Positive_001.png,wrist,patient35934,fractured,train,BoneFract A Bone Fracture Dataset/train/wrist/patient35934/Positive/wrist_patient35934_Positive_001.png,e6c8b5cf3eae1cbc3089a89a85512bf11786d8f117ff27f745e4c50b6bbbb7b2
wrist_patient31296_Positive_001.png,wrist,patient31296,fractured,train,BoneFract A Bone Fracture Dataset/train/wrist/patient31296/Positive/wrist_patient31296_Positive_001.png,9a7797d7c67801f57d4441b9a036e3492f839fae6a3b9ea67aa3f7d0a35d2164
wrist_patient26626_Positive_001.png,wrist,patient26626,fractured,train,BoneFract A Bone Fracture Dataset/train/wrist/patient26626/Positive/wrist_patient26626_Positive_001.png,2a316230b4ed0ea37020ccc2d1e3549dd2dea4344f3ce282bff45c15b758c675
wrist_patient28517_Positive_001.png,wrist,patient28517,fractured,train,BoneFract A Bone Fracture Dataset/train/wrist/patient28517/Positive/wrist_patient28517_Positive_001.png,7df36227cc94007159010143f65cb0d1bbccce64cd3e2cccaeb4c78bc2cb79a0
wrist_patient28604_Positive_001.png,wrist,patient28604,fractured,train,BoneFract A Bone Fracture Dataset/train/wrist/patient28604/Positive/wrist_patient28604_Positive_001.png,8ad0a3b0aaec48827784fcefee33e31fb5a75120daffb22e96076f3bcd02d0be
wrist_patient38578_Positive_001.png,wrist,patient38578,fractured,train,BoneFract A Bone Fracture Dataset/train/wrist/patient38578/Positive/wrist_patient38578_Positive_001.png,88fd21363a5670a1a97f5b5757f121d967e4446c426c5e81c05e7e5050506f9e
wrist_patient38506_Positive_001.png,wrist,patient38506,fractured,train,BoneFract A Bone Fracture Dataset/train/wrist/patient38506/Positive/wrist_patient38506_Positive_001.png,4b255116c063c842634acbb461b369eb19204ea17d8c7ac96e460dcd36d2b790
wrist_patient22072_Positive_001.png,wrist,patient22072,fractured,train,BoneFract A Bone Fracture Dataset/train/wrist/patient22072/Positive/wrist_patient22072_Positive_001.png,e765a0bed7cea0cd8f8d513646733630145182898917afadb4bee05273f1c5df
wrist_patient31408_Positive_001.png,wrist,patient31408,fractured,train,BoneFract A Bone Fracture Dataset/train/wrist/patient31408/Positive/wrist_patient31408_Positive_001.png,57be69e2fd0844c8d7cd961b5dfd742d2e1e576046486f51a8f888f37f1e672d
wrist_patient35972_Positive_001.png,wrist,patient35972,fractured,train,BoneFract A Bone Fracture Dataset/train/wrist/patient35972/Positive/wrist_patient35972_Positive_001.png,34365812329e452783b00b224ec63ef555624f38f7e2949e98ed7e945eb323b7
wrist_patient41941_Positive_001.png,wrist,patient41941,fractured,train,BoneFract A Bone Fracture Dataset/train/wrist/patient41941/Positive/wrist_patient41941_Positive_001.png,b14149c9ab4d1fb16d9d5d8f6dfaea1933cc1ece1d3c7ae286e0ea7a76862bb0
wrist_patient11709_Positive_001.png,wrist,patient11709,fractured,train,BoneFract A Bone Fracture Dataset/train/wrist/patient11709/Positive/wrist_patient11709_Positive_001.png,8aff092ea84f3bdb791eca6faec945ba80726d205bed72e667093556a519fae3
wrist_patient38603_Positive_001.png,wrist,patient38603,fractured,train,BoneFract A Bone Fracture Dataset/train/wrist/patient38603/Positive/wrist_patient38603_Positive_001.png,3c48f99876ab697000fe46a6ea26e458b9c83cd92853ec37086912b2e22b55a9
wrist_patient41935_Positive_001.png,wrist,patient41935,fractured,train,BoneFract A Bone Fracture Dataset/train/wrist/patient41935/Positive/wrist_patient41935_Positive_001.png,d997ec98186dc80b2ac9ecdd84f108eeac0072588f07fc2bf441bf28385e6428
wrist_patient28416_Positive_001.png,wrist,patient28416,fractured,train,BoneFract A Bone Fracture Dataset/train/wrist/patient28416/Positive/wrist_patient28416_Positive_001.png,fd403883a38b88925f105170e34cf64361207f73f9375e60f553396845ee93a6
wrist_patient33889_Positive_001.png,wrist,patient33889,fractured,train,BoneFract A Bone Fracture Dataset/train/wrist/patient33889/Positive/wrist_patient33889_Positive_001.png,3d7cbbc061ba470dd4da28f967422989519796800484440a32b3a9ab6b80181a
wrist_patient08504_Positive_001.png,wrist,patient08504,fractured,train,BoneFract A Bone Fracture Dataset/train/wrist/patient08504/Positive/wrist_patient08504_Positive_001.png,98f5f5c08bc163e5c4a8fb0aa58c7b0fc66c08b52ede1e9d4718013061964b03
wrist_patient38562_Positive_001.png,wrist,patient38562,fractured,train,BoneFract A Bone Fracture Dataset/train/wrist/patient38562/Positive/wrist_patient38562_Positive_001.png,9b68f96263b91b2b7be0c761c8d0508ca7b8f5b920279a5788b70021f85dae3a
wrist_patient22025_Positive_001.png,wrist,patient22025,fractured,train,BoneFract A Bone Fracture Dataset/train/wrist/patient22025/Positive/wrist_patient22025_Positive_001.png,1fd408db7928a198fed0770089729857d7eece037959a727580c2f88a2805c19
wrist_patient35953_Positive_001.png,wrist,patient35953,fractured,train,BoneFract A Bone Fracture Dataset/train/wrist/patient35953/Positive/wrist_patient35953_Positive_001.png,698215bdab2be1dc477f1bcaadf061fb2b841d061fbc75d9eb6b5ae195893105
wrist_patient10566_Positive_001.png,wrist,patient10566,fractured,train,BoneFract A Bone Fracture Dataset/train/wrist/patient10566/Positive/wrist_patient10566_Positive_001.png,57f48ee6ac1bed56234e8c806bf2bce2efd17d19519ad5a686604b9dd598b1e1
wrist_patient33560_Positive_001.png,wrist,patient33560,fractured,train,BoneFract A Bone Fracture Dataset/train/wrist/patient33560/Positive/wrist_patient33560_Positive_001.png,ada86ffe34121cbe648b0c0ad053f60aabbcd1ed3165c918ae70cce62bb139a7
wrist_patient24931_Positive_001.png,wrist,patient24931,fractured,train,BoneFract A Bone Fracture Dataset/train/wrist/patient24931/Positive/wrist_patient24931_Positive_001.png,fe072e884ba735c47de253776dc4ad0b9a915269734b4fe84b191014942f57d2
wrist_patient10817_Positive_001.png,wrist,patient10817,fractured,train,BoneFract A Bone Fracture Dataset/train/wrist/patient10817/Positive/wrist_patient10817_Positive_001.png,2e0c5c6c0fe1206e182248109d25cd293076ea1642107cb57f5c5f913c8fe7e7
wrist_patient46727_Positive_001.png,wrist,patient46727,fractured,train,BoneFract A Bone Fracture Dataset/train/wrist/patient46727/Positive/wrist_patient46727_Positive_001.png,a5fe6c85d47f6ca34f08ccb97b7646a12f46909a09cb1883efd1bcc630e861a2
wrist_patient28554_Positive_001.png,wrist,patient28554,fractured,train,BoneFract A Bone Fracture Dataset/train/wrist/patient28554/Positive/wrist_patient28554_Positive_001.png,f5db98c71b0323b04376214f3fae54c557185de82523fb19c8978eec63a2a1ae
wrist_patient33526_Positive_001.png,wrist,patient33526,fractured,train,BoneFract A Bone Fracture Dataset/train/wrist/patient33526/Positive/wrist_patient33526_Positive_001.png,929753cc0d5b87d435a41fd2b7fe71bd325447071a58f550995f782468715aba
wrist_patient46787_Positive_001.png,wrist,patient46787,fractured,train,BoneFract A Bone Fracture Dataset/train/wrist/patient46787/Positive/wrist_patient46787_Positive_001.png,3685de96f3a65383ad8bc8716f9e8ca208f8e3c49e13488512939e972856f177
wrist_patient26218_Positive_001.png,wrist,patient26218,fractured,train,BoneFract A Bone Fracture Dataset/train/wrist/patient26218/Positive/wrist_patient26218_Positive_001.png,801131eb9bbf9eb71f4339034576abb79e93486181a98acf193ba8c53cea58fc
wrist_patient09198_Positive_001.png,wrist,patient09198,fractured,train,BoneFract A Bone Fracture Dataset/train/wrist/patient09198/Positive/wrist_patient09198_Positive_001.png,9cc6f211005a8ba65a5545a17627c9cf90578c1ef7e1b086d3b5382140a671d6
wrist_patient01807_Positive_001.png,wrist,patient01807,fractured,train,BoneFract A Bone Fracture Dataset/train/wrist/patient01807/Positive/wrist_patient01807_Positive_001.png,56aab9a04a2a58e1f78566592356759c49bce408043f2d4ee9d3d341667ded9d
wrist_patient05443_Positive_001.png,wrist,patient05443,fractured,train,BoneFract A Bone Fracture Dataset/train/wrist/patient05443/Positive/wrist_patient05443_Positive_001.png,2bec9faa55c05363ec9a6a8235aa2da66422a158304734d8fa94e3fcf490ef8b
wrist_patient26328_Positive_001.png,wrist,patient26328,fractured,train,BoneFract A Bone Fracture Dataset/train/wrist/patient26328/Positive/wrist_patient26328_Positive_001.png,73e2badb7de8e13552785d128e15a200454dbf0f4a94de4ca52d9ce5562f599c
wrist_patient28428_Positive_001.png,wrist,patient28428,fractured,train,BoneFract A Bone Fracture Dataset/train/wrist/patient28428/Positive/wrist_patient28428_Positive_001.png,f87927e38006a060f256a7ad0f2103a0cf8994b95dd47bda3dcc153eaa9d4eb8
wrist_patient22313_Positive_001.png,wrist,patient22313,fractured,train,BoneFract A Bone Fracture Dataset/train/wrist/patient22313/Positive/wrist_patient22313_Positive_001.png,57f7da2f50ad5963a83252e4fed777c8a09d78cd7c59432f29e038b1c09989ff
wrist_patient31270_Positive_001.png,wrist,patient31270,fractured,train,BoneFract A Bone Fracture Dataset/train/wrist/patient31270/Positive/wrist_patient31270_Positive_001.png,69a7836cb1cbc687033ccc69b3b17731e43b3b2596c60a1b2eb005db9bd05faa
wrist_patient35388_Positive_001.png,wrist,patient35388,fractured,train,BoneFract A Bone Fracture Dataset/train/wrist/patient35388/Positive/wrist_patient35388_Positive_001.png,fbaced1cfd8248409236325830a9baf8ce71840fd70f885f4ad2d8b03c0b09ec
wrist_patient35937_Positive_001.png,wrist,patient35937,fractured,train,BoneFract A Bone Fracture Dataset/train/wrist/patient35937/Positive/wrist_patient35937_Positive_001.png,b1c970e358490e18263ad7d9a6a869bdef26894e3c8ad7b2a081684691af3456
wrist_patient38591_Positive_001.png,wrist,patient38591,fractured,train,BoneFract A Bone Fracture Dataset/train/wrist/patient38591/Positive/wrist_patient38591_Positive_001.png,36ec4d7bfbcd94ef741845bd0a2798da17d6a21828fa4a43856bd5ae70a5abaf
wrist_patient34698_Positive_001.png,wrist,patient34698,fractured,train,BoneFract A Bone Fracture Dataset/train/wrist/patient34698/Positive/wrist_patient34698_Positive_001.png,c6741c03069a5e1db4c22c8ff429bd0b9143a04bcd29caa94bf28ff16d5dfeae
wrist_patient35382_Positive_001.png,wrist,patient35382,fractured,train,BoneFract A Bone Fracture Dataset/train/wrist/patient35382/Positive/wrist_patient35382_Positive_001.png,1219f820a3445a1b483dddc0b0261af378f0cee6b383edf92c62651f4b707935
wrist_patient24279_Positive_001.png,wrist,patient24279,fractured,train,BoneFract A Bone Fracture Dataset/train/wrist/patient24279/Positive/wrist_patient24279_Positive_001.png,353ac0165fef1bc61fa52fcc04ad69380239b786a4697a3fabaf70d6f31ee9b1
wrist_patient34737_Positive_001.png,wrist,patient34737,fractured,train,BoneFract A Bone Fracture Dataset/train/wrist/patient34737/Positive/wrist_patient34737_Positive_001.png,78461db2002d89395c1415a0e1b540de112e5c4595150595ea06d5f3fda5d333
wrist_patient38582_Positive_001.png,wrist,patient38582,fractured,train,BoneFract A Bone Fracture Dataset/train/wrist/patient38582/Positive/wrist_patient38582_Positive_001.png,59394c827a3da5ee4d7b48289ad4d4e7c5cb3c5d11718bcd293f0762afc20236
wrist_patient22120_Positive_001.png,wrist,patient22120,fractured,train,BoneFract A Bone Fracture Dataset/train/wrist/patient22120/Positive/wrist_patient22120_Positive_001.png,3b01550c3755bee97b9115d4da00d03e2fbc7cad5d5312db737e58aa084d76bd
wrist_patient07495_Positive_001.png,wrist,patient07495,fractured,train,BoneFract A Bone Fracture Dataset/train/wrist/patient07495/Positive/wrist_patient07495_Positive_001.png,d5a3a5905b08599c234d4e2c7f6929ea8cc50841559a0339b9a087253a46e76a
wrist_patient42006_Positive_001.png,wrist,patient42006,fractured,train,BoneFract A Bone Fracture Dataset/train/wrist/patient42006/Positive/wrist_patient42006_Positive_001.png,5a7fa50c3b00d378b238582b8c7c305bea6421b30b4f4cc32ea612c2598163f8
wrist_patient28596_Positive_001.png,wrist,patient28596,fractured,train,BoneFract A Bone Fracture Dataset/train/wrist/patient28596/Positive/wrist_patient28596_Positive_001.png,da4b2b6c31e51e56acd010a91f808da9cee88ac7ea72650e77ffa3021e961b93
wrist_patient31144_Positive_001.png,wrist,patient31144,fractured,train,BoneFract A Bone Fracture Dataset/train/wrist/patient31144/Positive/wrist_patient31144_Positive_001.png,ddb427c6b34fac1fb556b5c4e98637e565954268fe0a3c050caa522e5826f871
wrist_patient31268_Positive_001.png,wrist,patient31268,fractured,train,BoneFract A Bone Fracture Dataset/train/wrist/patient31268/Positive/wrist_patient31268_Positive_001.png,04a304453cf0c74dda0c58a351b3f010cec79710748bec711b4469526096bcfb
wrist_patient31257_Positive_001.png,wrist,patient31257,fractured,train,BoneFract A Bone Fracture Dataset/train/wrist/patient31257/Positive/wrist_patient31257_Positive_001.png,aafc99be0f7acc604345a217e4407199d2b2247c875e541c9dba6c7466d5ef9e
wrist_patient26299_Positive_001.png,wrist,patient26299,fractured,train,BoneFract A Bone Fracture Dataset/train/wrist/patient26299/Positive/wrist_patient26299_Positive_001.png,f24082dde416a388df1bc5f9399805cea44437fedfa10d465324c2eb74da8428
wrist_patient35881_Positive_001.png,wrist,patient35881,fractured,train,BoneFract A Bone Fracture Dataset/train/wrist/patient35881/Positive/wrist_patient35881_Positive_001.png,89c8c1ff69e128ad5580f376b305ff3def5763f7b07cf4e71d5d2bf065795d38
wrist_patient38534_Positive_001.png,wrist,patient38534,fractured,train,BoneFract A Bone Fracture Dataset/train/wrist/patient38534/Positive/wrist_patient38534_Positive_001.png,b8fe967a828d60abbf89212f0eec3d474b802244bcf511a658633201377f76ad
wrist_patient31272_Positive_001.png,wrist,patient31272,fractured,train,BoneFract A Bone Fracture Dataset/train/wrist/patient31272/Positive/wrist_patient31272_Positive_001.png,b60d58aa385dd4d77cf03508e690534a2375f3fa8fa35e97b9af6089618fb5a1
wrist_patient31199_Positive_001.png,wrist,patient31199,fractured,train,BoneFract A Bone Fracture Dataset/train/wrist/patient31199/Positive/wrist_patient31199_Positive_001.png,bd67e62b035f993e389598936f47d75f06bb144f35ea56f527f488e880c8b13d
wrist_patient31292_Positive_001.png,wrist,patient31292,fractured,train,BoneFract A Bone Fracture Dataset/train/wrist/patient31292/Positive/wrist_patient31292_Positive_001.png,cb1bd5a8043e8caf27abf47e7007aacef5dadd4956f325389f15a84dca3502ad
wrist_patient22090_Positive_001.png,wrist,patient22090,fractured,train,BoneFract A Bone Fracture Dataset/train/wrist/patient22090/Positive/wrist_patient22090_Positive_001.png,896dd4e41d4b2c4c737e6dd8b4ec39b691d0f515dd0a62cd944389ace357fca2
wrist_patient22591_Positive_001.png,wrist,patient22591,fractured,train,BoneFract A Bone Fracture Dataset/train/wrist/patient22591/Positive/wrist_patient22591_Positive_001.png,2831d86f56851d8d42a3daebbbd91d26d5ab0f10db49da408528ab6a9c88274d
wrist_patient28417_Positive_001.png,wrist,patient28417,fractured,train,BoneFract A Bone Fracture Dataset/train/wrist/patient28417/Positive/wrist_patient28417_Positive_001.png,b9f9586df8d5a00ad0b1a00441723b2e3a0209bcf10ee3115920330fcc29091c
wrist_patient38495_Positive_001.png,wrist,patient38495,fractured,train,BoneFract A Bone Fracture Dataset/train/wrist/patient38495/Positive/wrist_patient38495_Positive_001.png,3c5c352c00e89ce98ac814a7d09e28887b31440f8d3e8493652691c795ae1bce
wrist_patient41918_Positive_001.png,wrist,patient41918,fractured,train,BoneFract A Bone Fracture Dataset/train/wrist/patient41918/Positive/wrist_patient41918_Positive_001.png,da5d6d585768626aecfa54f3e0156e6b8aa2fc5fde9297fe495c3a8b99b8a14a
wrist_patient28616_Positive_001.png,wrist,patient28616,fractured,train,BoneFract A Bone Fracture Dataset/train/wrist/patient28616/Positive/wrist_patient28616_Positive_001.png,8aff4f4c36f035d88cc2f11d547ca5accdd2af7685c26ac981017637920eb3a4
wrist_patient31312_Positive_001.png,wrist,patient31312,fractured,train,BoneFract A Bone Fracture Dataset/train/wrist/patient31312/Positive/wrist_patient31312_Positive_001.png,4165d457ce418cf0bf422b6546332136d50cc79286769e700e3c745ab1916a66
wrist_patient23780_Positive_001.png,wrist,patient23780,fractured,train,BoneFract A Bone Fracture Dataset/train/wrist/patient23780/Positive/wrist_patient23780_Positive_001.png,59a15166be1415fc38e2685f94d0027371f9500100f72604d83601b16cfc7562
wrist_patient34863_Positive_001.png,wrist,patient34863,fractured,train,BoneFract A Bone Fracture Dataset/train/wrist/patient34863/Positive/wrist_patient34863_Positive_001.png,7d4f1d4b693b4ae6b39249a00f146952d031f0fbdca659822aaf936b28c44f6b
wrist_patient28642_Positive_001.png,wrist,patient28642,fractured,train,BoneFract A Bone Fracture Dataset/train/wrist/patient28642/Positive/wrist_patient28642_Positive_001.png,e498a835ccee7eaca0b8855f79194952601cf345033f35f656ae6d3b98d13c97
wrist_patient31218_Positive_001.png,wrist,patient31218,fractured,train,BoneFract A Bone Fracture Dataset/train/wrist/patient31218/Positive/wrist_patient31218_Positive_001.png,fd604f2754da27f22b22f0a23048e8f7bdca7f8685af284e391d34b254bda584
wrist_patient35876_Positive_001.png,wrist,patient35876,fractured,train,BoneFract A Bone Fracture Dataset/train/wrist/patient35876/Positive/wrist_patient35876_Positive_001.png,37809b9e90e75b40b5f7c1e36f8bfb12595f6657d6ad4233f174f8819f1af854
wrist_patient01899_Positive_001.png,wrist,patient01899,fractured,train,BoneFract A Bone Fracture Dataset/train/wrist/patient01899/Positive/wrist_patient01899_Positive_001.png,c9e63b9170a4df1e09102c98901365fd6d533acf61fda3af43d4dd1f74496d95
wrist_patient28612_Positive_001.png,wrist,patient28612,fractured,train,BoneFract A Bone Fracture Dataset/train/wrist/patient28612/Positive/wrist_patient28612_Positive_001.png,454307ff852711ee1d1bd7d8ea3d1d557411b1105205369240a3890731322550
wrist_patient33885_Positive_001.png,wrist,patient33885,fractured,train,BoneFract A Bone Fracture Dataset/train/wrist/patient33885/Positive/wrist_patient33885_Positive_001.png,ffee36d0a9c887392b738642fb0b1d6a143cee66b20fe07751c4e291a26a126b
wrist_patient41912_Positive_001.png,wrist,patient41912,fractured,train,BoneFract A Bone Fracture Dataset/train/wrist/patient41912/Positive/wrist_patient41912_Positive_001.png,c5c2d12992bae25a47481bf92d84f1224e44d5a3444f5dca1421c6e9fdf255d6
wrist_patient10210_Positive_001.png,wrist,patient10210,fractured,train,BoneFract A Bone Fracture Dataset/train/wrist/patient10210/Positive/wrist_patient10210_Positive_001.png,cf3801f903b136340138abab4f31fc52154602978a8fe61f83b98a92e1f5e8c2
wrist_patient34856_Positive_001.png,wrist,patient34856,fractured,train,BoneFract A Bone Fracture Dataset/train/wrist/patient34856/Positive/wrist_patient34856_Positive_001.png,e32c03d0ec399f81b6d33adf3ff9c8e565358c30a0893d19a32f0b1a5b5ae355
wrist_patient35389_Positive_001.png,wrist,patient35389,fractured,train,BoneFract A Bone Fracture Dataset/train/wrist/patient35389/Positive/wrist_patient35389_Positive_001.png,d65b512822184f5bd55eb0ca0d7b405485b87740795cffbdaf04d23790997e67
wrist_patient13531_Positive_001.png,wrist,patient13531,fractured,train,BoneFract A Bone Fracture Dataset/train/wrist/patient13531/Positive/wrist_patient13531_Positive_001.png,b7c5d716e153bd402441191131e03af2778e7635a509c0a8c3e096a9c95c761c
wrist_patient10034_Positive_001.png,wrist,patient10034,fractured,train,BoneFract A Bone Fracture Dataset/train/wrist/patient10034/Positive/wrist_patient10034_Positive_001.png,82281124c3334dfd8477c8f951a675959c0b57d406c7d4b54def8d51994d9053
wrist_patient38569_Positive_001.png,wrist,patient38569,fractured,train,BoneFract A Bone Fracture Dataset/train/wrist/patient38569/Positive/wrist_patient38569_Positive_001.png,f6f1a2b49be55b3b12ec0ea11f13dd6d7c739f58f9bb9a3cd54c09db1e7544dd
wrist_patient35966_Positive_001.png,wrist,patient35966,fractured,train,BoneFract A Bone Fracture Dataset/train/wrist/patient35966/Positive/wrist_patient35966_Positive_001.png,13d0da674f52a726f4f49b9d315d5147e13d410154492c091933c48c5f118fe7
wrist_patient07536_Positive_001.png,wrist,patient07536,fractured,train,BoneFract A Bone Fracture Dataset/train/wrist/patient07536/Positive/wrist_patient07536_Positive_001.png,9603b0ae2da0bf8e8e377a039f8442fe7101c86557ddbaa4bbb3fac4d525992e
wrist_patient31260_Positive_001.png,wrist,patient31260,fractured,train,BoneFract A Bone Fracture Dataset/train/wrist/patient31260/Positive/wrist_patient31260_Positive_001.png,faf8cfc2e193d1a6154db3e1d0e3d5292f654e33438277c6361af3fbca730538
wrist_patient33467_Positive_001.png,wrist,patient33467,fractured,train,BoneFract A Bone Fracture Dataset/train/wrist/patient33467/Positive/wrist_patient33467_Positive_001.png,334182e4b58c4d1aa329326928e7809eb9e4c3607aae49a48dcdabbaa07e323c
wrist_patient24305_Positive_001.png,wrist,patient24305,fractured,train,BoneFract A Bone Fracture Dataset/train/wrist/patient24305/Positive/wrist_patient24305_Positive_001.png,6f87f94fdddd9d89cc02f0cefd4e265cc665ef4f0353f9c9e48d5dbbecf07be6
wrist_patient35888_Positive_001.png,wrist,patient35888,fractured,train,BoneFract A Bone Fracture Dataset/train/wrist/patient35888/Positive/wrist_patient35888_Positive_001.png,6fc068056f37a3807bcd45e3908a4008eb8f0e8976426d1f401cdd1fa156e046
wrist_patient15715_Positive_001.png,wrist,patient15715,fractured,train,BoneFract A Bone Fracture Dataset/train/wrist/patient15715/Positive/wrist_patient15715_Positive_001.png,e34d0edb267cede438d63ae3f2c5fe48316e6ea3ca4f0d75e0a84f053ef5a897
wrist_patient46759_Positive_001.png,wrist,patient46759,fractured,train,BoneFract A Bone Fracture Dataset/train/wrist/patient46759/Positive/wrist_patient46759_Positive_001.png,888c547b66bc400d9dd496fc4cb23593fbf03405ec1b27aa80f80d98f69176c1
wrist_patient31301_Positive_001.png,wrist,patient31301,fractured,train,BoneFract A Bone Fracture Dataset/train/wrist/patient31301/Positive/wrist_patient31301_Positive_001.png,bef524300c15c38a8cc0c25a1ad4c6ec9c7b1236c7f41418642f20491d8d2a70
wrist_patient07392_Positive_001.png,wrist,patient07392,fractured,train,BoneFract A Bone Fracture Dataset/train/wrist/patient07392/Positive/wrist_patient07392_Positive_001.png,46dd1ab710b711c304e9c2aeb9e963c35278797fca4dc12a54fcb8dfe947f336
wrist_patient28507_Positive_001.png,wrist,patient28507,fractured,train,BoneFract A Bone Fracture Dataset/train/wrist/patient28507/Positive/wrist_patient28507_Positive_001.png,cf7eaa51557dbfafa2a7f93802432325de9a1395b0deabbc368f3f9cffd17229
wrist_patient41961_Positive_001.png,wrist,patient41961,fractured,train,BoneFract A Bone Fracture Dataset/train/wrist/patient41961/Positive/wrist_patient41961_Positive_001.png,131d361fed7905664e3f6eb51bd6cb6fd84550d8d13cb8a3542412a5ce410916
wrist_patient31340_Positive_001.png,wrist,patient31340,fractured,train,BoneFract A Bone Fracture Dataset/train/wrist/patient31340/Positive/wrist_patient31340_Positive_001.png,a10c6215234179f5ba922d3f30954b065a4c740d5f53b115557c0a9bbed15021
wrist_patient07566_Positive_001.png,wrist,patient07566,fractured,train,BoneFract A Bone Fracture Dataset/train/wrist/patient07566/Positive/wrist_patient07566_Positive_001.png,d8b68cd2bcbaf70e6cddae9d340617b4c5b8c6798a6b0f09bcfc41269e39af91
wrist_patient04563_Positive_001.png,wrist,patient04563,fractured,train,BoneFract A Bone Fracture Dataset/train/wrist/patient04563/Positive/wrist_patient04563_Positive_001.png,3749fdef38e54c6274bf78a92d29e8f66679e3610a0293fbcd41c266704b327e
wrist_patient34717_Positive_001.png,wrist,patient34717,fractured,train,BoneFract A Bone Fracture Dataset/train/wrist/patient34717/Positive/wrist_patient34717_Positive_001.png,796ed1460f31dae7431828c230ec1f621afe4efc4831670026158955caa7a213
wrist_patient23326_Positive_001.png,wrist,patient23326,fractured,train,BoneFract A Bone Fracture Dataset/train/wrist/patient23326/Positive/wrist_patient23326_Positive_001.png,8b1cab7e5a5c8fa085fe2707d39879493aa81c367a3d49501b263ca0137080fa
wrist_patient12791_Positive_001.png,wrist,patient12791,fractured,train,BoneFract A Bone Fracture Dataset/train/wrist/patient12791/Positive/wrist_patient12791_Positive_001.png,a86126eed1dac70595f87c0fc50ca5e3925280f01b0cbc0ccd7b986d041be335
wrist_patient41963_Positive_001.png,wrist,patient41963,fractured,train,BoneFract A Bone Fracture Dataset/train/wrist/patient41963/Positive/wrist_patient41963_Positive_001.png,6ff4451a08de1ba82962d70e5d382cf22c1d6a473707c71b0e429de441f52b18
wrist_patient22922_Positive_001.png,wrist,patient22922,fractured,train,BoneFract A Bone Fracture Dataset/train/wrist/patient22922/Positive/wrist_patient22922_Positive_001.png,308c4db7b567d4fabe80b80c43e9e1a00394ee555ef7de53079d64b4e937f40b
wrist_patient11088_Positive_001.png,wrist,patient11088,fractured,train,BoneFract A Bone Fracture Dataset/train/wrist/patient11088/Positive/wrist_patient11088_Positive_001.png,09a029b0a4cdb3bb00764c85c6110f924e5d14d050bd127a77483979f213648d
wrist_patient31365_Positive_001.png,wrist,patient31365,fractured,train,BoneFract A Bone Fracture Dataset/train/wrist/patient31365/Positive/wrist_patient31365_Positive_001.png,ff0db7c7a60d4e73e896f28ed7aaf643c7f49813a9f91388ddf86721434965da
wrist_patient28446_Positive_001.png,wrist,patient28446,fractured,train,BoneFract A Bone Fracture Dataset/train/wrist/patient28446/Positive/wrist_patient28446_Positive_001.png,7d08b951357d64710a42e69c40d47274e0d5c3cb7f3c86b651923d1254ab4889
wrist_patient10930_Positive_001.png,wrist,patient10930,fractured,train,BoneFract A Bone Fracture Dataset/train/wrist/patient10930/Positive/wrist_patient10930_Positive_001.png,510cb07beda6dd4a3239f1fba56260c9b6105f08289639fc20f6caf60ebc76ac
wrist_patient23390_Positive_001.png,wrist,patient23390,fractured,train,BoneFract A Bone Fracture Dataset/train/wrist/patient23390/Positive/wrist_patient23390_Positive_001.png,4de91ef24015a90fba06fef768bed64d8e2f89749924fa0c1edfd0980b7c877f
wrist_patient35850_Positive_001.png,wrist,patient35850,fractured,train,BoneFract A Bone Fracture Dataset/train/wrist/patient35850/Positive/wrist_patient35850_Positive_001.png,22eba2250b04e8664ee197582564cd48e4e04acb75ae714606aa0f92c3023ff0
wrist_patient31357_Positive_001.png,wrist,patient31357,fractured,train,BoneFract A Bone Fracture Dataset/train/wrist/patient31357/Positive/wrist_patient31357_Positive_001.png,96327dd2e0af4c8c4542668a995df5c8c10453c57fd0fcd2aa9da3d16126a9ce
wrist_patient41955_Positive_001.png,wrist,patient41955,fractured,train,BoneFract A Bone Fracture Dataset/train/wrist/patient41955/Positive/wrist_patient41955_Positive_001.png,36b2070fe231437c7496fa0d25c91a7ee84bb82e80afa3e587ef7fe30321b24f
wrist_patient28600_Positive_001.png,wrist,patient28600,fractured,train,BoneFract A Bone Fracture Dataset/train/wrist/patient28600/Positive/wrist_patient28600_Positive_001.png,fb3f1aee64f4ba8f7cc18a3675cf662fe57e02cfc243f567b8322f8b7555b62a
wrist_patient28457_Positive_001.png,wrist,patient28457,fractured,train,BoneFract A Bone Fracture Dataset/train/wrist/patient28457/Positive/wrist_patient28457_Positive_001.png,9f02ffa7abe37b36919f5c035c6271c0f1bd3be524f0b2ba4d12048a7ac76c96
wrist_patient28443_Positive_001.png,wrist,patient28443,fractured,train,BoneFract A Bone Fracture Dataset/train/wrist/patient28443/Positive/wrist_patient28443_Positive_001.png,2d2cc6de2cb1fedf2db65d1dbe78c11a9c092620c24bf498a20a5405837fab32
wrist_patient25520_Positive_001.png,wrist,patient25520,fractured,train,BoneFract A Bone Fracture Dataset/train/wrist/patient25520/Positive/wrist_patient25520_Positive_001.png,8006fa19b31c8fbe68d90c0c384857d3a61a39bcd4110c07f2ba6ad8ab5db358
wrist_patient31282_Positive_001.png,wrist,patient31282,fractured,train,BoneFract A Bone Fracture Dataset/train/wrist/patient31282/Positive/wrist_patient31282_Positive_001.png,c9a1b4162f32ff5a9a9f829ed4bb2456d25e40663ddebdb6a929c638b33a236f
wrist_patient26631_Positive_001.png,wrist,patient26631,fractured,train,BoneFract A Bone Fracture Dataset/train/wrist/patient26631/Positive/wrist_patient26631_Positive_001.png,9e2edeca9c0d546296fe20de785554e253b7b9f58f01f577afcf19bf20f1d304
wrist_patient35846_Positive_001.png,wrist,patient35846,fractured,train,BoneFract A Bone Fracture Dataset/train/wrist/patient35846/Positive/wrist_patient35846_Positive_001.png,b13485684deef84029f5545e3c82da9a98cf2db7463267eb7d145ab7715a06a1
wrist_patient00984_Positive_001.png,wrist,patient00984,fractured,train,BoneFract A Bone Fracture Dataset/train/wrist/patient00984/Positive/wrist_patient00984_Positive_001.png,4810686cd21afaf45e63fb6c5c086be6b76a04ab56ce4e23c65826d8a82cfbc2
wrist_patient23624_Positive_001.png,wrist,patient23624,fractured,train,BoneFract A Bone Fracture Dataset/train/wrist/patient23624/Positive/wrist_patient23624_Positive_001.png,5122008f393613ce4233caaae68d9c9fef4d94907cd02b0dcba3901d0b1e0610
wrist_patient28364_Positive_001.png,wrist,patient28364,fractured,train,BoneFract A Bone Fracture Dataset/train/wrist/patient28364/Positive/wrist_patient28364_Positive_001.png,a71afb89a690b745a8edfec484f9f8e3f753fd4206fb631557d244507ee43fcb
wrist_patient24482_Positive_001.png,wrist,patient24482,fractured,train,BoneFract A Bone Fracture Dataset/train/wrist/patient24482/Positive/wrist_patient24482_Positive_001.png,f845951995928fbeeaa3cafe04252b2a4bc5efd2623476ed5c0349db608bcd30
wrist_patient38559_Positive_001.png,wrist,patient38559,fractured,train,BoneFract A Bone Fracture Dataset/train/wrist/patient38559/Positive/wrist_patient38559_Positive_001.png,b35938fc17d7a620dce98cfce826c07e38ef71a8cec1558de8542f79ba86c020
wrist_patient38499_Positive_001.png,wrist,patient38499,fractured,train,BoneFract A Bone Fracture Dataset/train/wrist/patient38499/Positive/wrist_patient38499_Positive_001.png,6a5735c2b9a9d5e3ccba35cc3dbb3c78975304c12151ca8514fcf8eede478d18
wrist_patient25236_Positive_001.png,wrist,patient25236,fractured,train,BoneFract A Bone Fracture Dataset/train/wrist/patient25236/Positive/wrist_patient25236_Positive_001.png,8bead03dd560e089abf9d4ff93b089dafdbbc60c6c8ce0f0653a6a9310246b4c
wrist_patient24849_Positive_001.png,wrist,patient24849,fractured,train,BoneFract A Bone Fracture Dataset/train/wrist/patient24849/Positive/wrist_patient24849_Positive_001.png,78c385094d7721611e94e5d2f993619e259f823da2f084de6e1e9625f1dc1014
wrist_patient23597_Positive_001.png,wrist,patient23597,fractured,train,BoneFract A Bone Fracture Dataset/train/wrist/patient23597/Positive/wrist_patient23597_Positive_001.png,19221bc453e5c42cd6494baa1e2a8793d8868c6f39b532cd4d64d6216d949ce7
wrist_patient28418_Positive_001.png,wrist,patient28418,fractured,train,BoneFract A Bone Fracture Dataset/train/wrist/patient28418/Positive/wrist_patient28418_Positive_001.png,adc8aed362ca4726de69f0ed531b47f5d468da3341d0d97d6e14a55431083778
wrist_patient41953_Positive_001.png,wrist,patient41953,fractured,train,BoneFract A Bone Fracture Dataset/train/wrist/patient41953/Positive/wrist_patient41953_Positive_001.png,c1deb5de6d42ba5b7b858ca10fb8968ae48b228054fabcc0bec6827124e8d415
wrist_patient35941_Positive_001.png,wrist,patient35941,fractured,train,BoneFract A Bone Fracture Dataset/train/wrist/patient35941/Positive/wrist_patient35941_Positive_001.png,3ccac193576f220569ceefe4e5690050427e13d7c16f84396094305a02efe697
wrist_patient28481_Positive_001.png,wrist,patient28481,fractured,train,BoneFract A Bone Fracture Dataset/train/wrist/patient28481/Positive/wrist_patient28481_Positive_001.png,e0657bd43c8d99065527e7e98d978b31fb8b929dc4f81df199523b05be2d1121
wrist_patient31269_Positive_001.png,wrist,patient31269,fractured,train,BoneFract A Bone Fracture Dataset/train/wrist/patient31269/Positive/wrist_patient31269_Positive_001.png,fca52b111cf5c5a5f318a5fb24cc3a5a9939b9852d8abce080bbd6b29997945b
wrist_patient07728_Positive_001.png,wrist,patient07728,fractured,train,BoneFract A Bone Fracture Dataset/train/wrist/patient07728/Positive/wrist_patient07728_Positive_001.png,c98b95e697c8a719327819b4df47b454a1794db3217af9ddd818591ea356b976
wrist_patient26302_Positive_001.png,wrist,patient26302,fractured,train,BoneFract A Bone Fracture Dataset/train/wrist/patient26302/Positive/wrist_patient26302_Positive_001.png,23a8c82416b7b61f769b89ca163a0a9e69990f13eeee2f56e5a551c19920ee1f
wrist_patient31313_Positive_001.png,wrist,patient31313,fractured,train,BoneFract A Bone Fracture Dataset/train/wrist/patient31313/Positive/wrist_patient31313_Positive_001.png,b96231d4509283f3601419b832fc3da3d24061d0cb22d0cca6bc9a6a12f950e3
wrist_patient31378_Positive_001.png,wrist,patient31378,fractured,train,BoneFract A Bone Fracture Dataset/train/wrist/patient31378/Positive/wrist_patient31378_Positive_001.png,4260fd6b5ecc175ad30dc8e98c53e24132a074fc473026cde83f9a84c11b448c
wrist_patient35915_Positive_001.png,wrist,patient35915,fractured,train,BoneFract A Bone Fracture Dataset/train/wrist/patient35915/Positive/wrist_patient35915_Positive_001.png,1eeb8c96c430d27db17a6c04b64f0f44e9f14d801580d81890064bd8da58b8a9
wrist_patient26325_Positive_001.png,wrist,patient26325,fractured,train,BoneFract A Bone Fracture Dataset/train/wrist/patient26325/Positive/wrist_patient26325_Positive_001.png,95bd28c7cd47ac785b836493bedf944b9af3428731e1374466862ca0713aa0a7
wrist_patient35878_Positive_001.png,wrist,patient35878,fractured,train,BoneFract A Bone Fracture Dataset/train/wrist/patient35878/Positive/wrist_patient35878_Positive_001.png,f36af6d9c061048e43ba4db32dd8fcd003c3437304061b0f4ae0bf2ebb767d2f
wrist_patient28592_Positive_001.png,wrist,patient28592,fractured,train,BoneFract A Bone Fracture Dataset/train/wrist/patient28592/Positive/wrist_patient28592_Positive_001.png,37063528420280b4ab33c8ad557bfb41d45b7e29fa2d7b3c74bdd83c830dca26
wrist_patient28439_Positive_001.png,wrist,patient28439,fractured,train,BoneFract A Bone Fracture Dataset/train/wrist/patient28439/Positive/wrist_patient28439_Positive_001.png,b2cce22a207e602731863d2e104f1e3063e3aec6992df837cc0ff92f8611a686
wrist_patient20486_Positive_001.png,wrist,patient20486,fractured,train,BoneFract A Bone Fracture Dataset/train/wrist/patient20486/Positive/wrist_patient20486_Positive_001.png,ba777494d3fc9cc9a5e3d712246f14ffa0cdb73940b36c789106984d7aa1b212
wrist_patient41956_Positive_001.png,wrist,patient41956,fractured,train,BoneFract A Bone Fracture Dataset/train/wrist/patient41956/Positive/wrist_patient41956_Positive_001.png,6b9b9410304e82a9a2334fedbc76e9905fe650174d6ddf6f1cb446c3b2ac8578
wrist_patient28514_Positive_001.png,wrist,patient28514,fractured,train,BoneFract A Bone Fracture Dataset/train/wrist/patient28514/Positive/wrist_patient28514_Positive_001.png,dac7c1720c29a92d94f30ac330e1b785e8e6350c78c147a599890f5d4c83e5f7
wrist_patient31264_Positive_001.png,wrist,patient31264,fractured,train,BoneFract A Bone Fracture Dataset/train/wrist/patient31264/Positive/wrist_patient31264_Positive_001.png,be8c0b98ee58bde6b4b66cedfba1f2457dd26f5a1aa0d5ee56674c3347eaaf2b
wrist_patient12344_Positive_001.png,wrist,patient12344,fractured,train,BoneFract A Bone Fracture Dataset/train/wrist/patient12344/Positive/wrist_patient12344_Positive_001.png,5224d2c5e4579123304b91aa43a0bea0b770b5a91a3ef14a478ff6da765571bf
wrist_patient41983_Positive_001.png,wrist,patient41983,fractured,train,BoneFract A Bone Fracture Dataset/train/wrist/patient41983/Positive/wrist_patient41983_Positive_001.png,143988a422ac307757f61f886755463bb87c6420e46d32b9b758c94efe5a303d
wrist_patient24806_Positive_001.png,wrist,patient24806,fractured,train,BoneFract A Bone Fracture Dataset/train/wrist/patient24806/Positive/wrist_patient24806_Positive_001.png,0aab2ba0ed9f17c63f91aca3f0863fd591340159d613e4b8570621bdf759ceec
wrist_patient38560_Positive_001.png,wrist,patient38560,fractured,train,BoneFract A Bone Fracture Dataset/train/wrist/patient38560/Positive/wrist_patient38560_Positive_001.png,91b452f7dd7b505e8fd6558edfd0c1e724901b919e73dad32a5d2c84ae98aea4
wrist_patient38590_Positive_001.png,wrist,patient38590,fractured,train,BoneFract A Bone Fracture Dataset/train/wrist/patient38590/Positive/wrist_patient38590_Positive_001.png,03d2469db42a452d44a275426b70a0682d55f8aa08473cc10a3883df5c298176
wrist_patient33476_Positive_001.png,wrist,patient33476,fractured,train,BoneFract A Bone Fracture Dataset/train/wrist/patient33476/Positive/wrist_patient33476_Positive_001.png,1bfdc3b8b259d45a1071ef5169bf1dd23429dc2d2aac980f8d69f017c19704bd
wrist_patient38538_Positive_001.png,wrist,patient38538,fractured,train,BoneFract A Bone Fracture Dataset/train/wrist/patient38538/Positive/wrist_patient38538_Positive_001.png,be670ced1ee9cbb7d22191d40c65c01dad69f26e25111612599d597ee06701fc
wrist_patient05053_Positive_001.png,wrist,patient05053,fractured,train,BoneFract A Bone Fracture Dataset/train/wrist/patient05053/Positive/wrist_patient05053_Positive_001.png,4d1c8f28a8becbe706274dd1f8d66175301111f81ab36f2a3334398284f48c58
wrist_patient31255_Positive_001.png,wrist,patient31255,fractured,train,BoneFract A Bone Fracture Dataset/train/wrist/patient31255/Positive/wrist_patient31255_Positive_001.png,63911d58689b4bbd1956bbf97d9112647140532fe7fc1be50f1aa018d391b557
wrist_patient31204_Positive_001.png,wrist,patient31204,fractured,train,BoneFract A Bone Fracture Dataset/train/wrist/patient31204/Positive/wrist_patient31204_Positive_001.png,831540e9c2cda19d661b91e0cfaa41bba2711a8f6887283afb14236ebeb049bf
wrist_patient44327_Positive_001.png,wrist,patient44327,fractured,train,BoneFract A Bone Fracture Dataset/train/wrist/patient44327/Positive/wrist_patient44327_Positive_001.png,6bed3756135c528ead370c11b18400d0ec0cd8c059a93caefe5fa2743898c172
wrist_patient10364_Positive_001.png,wrist,patient10364,fractured,train,BoneFract A Bone Fracture Dataset/train/wrist/patient10364/Positive/wrist_patient10364_Positive_001.png,0c42b9244603d404172593c8b29f8ce5640037e53dddaf58a3db6cf1587ec176
wrist_patient41969_Positive_001.png,wrist,patient41969,fractured,train,BoneFract A Bone Fracture Dataset/train/wrist/patient41969/Positive/wrist_patient41969_Positive_001.png,1061490eb95d9d66261f80222c5aeb380627e83d48e75a64b8769770d1811ef1
wrist_patient46753_Positive_001.png,wrist,patient46753,fractured,train,BoneFract A Bone Fracture Dataset/train/wrist/patient46753/Positive/wrist_patient46753_Positive_001.png,4d4017049c20b3c3661ebbc974e0c9cdea535cf9cb30fc5f40699d70194180d0
wrist_patient10385_Positive_001.png,wrist,patient10385,fractured,train,BoneFract A Bone Fracture Dataset/train/wrist/patient10385/Positive/wrist_patient10385_Positive_001.png,2b9829231a8b1780c7df8762cdd5ba29a5b951010614cacfa4364ea2e73178c6
wrist_patient35955_Positive_001.png,wrist,patient35955,fractured,train,BoneFract A Bone Fracture Dataset/train/wrist/patient35955/Positive/wrist_patient35955_Positive_001.png,51581ddafdc70f19ce8975e8c7aacb3953d18473d57d557911de3b30697e0b63
wrist_patient31263_Positive_001.png,wrist,patient31263,fractured,train,BoneFract A Bone Fracture Dataset/train/wrist/patient31263/Positive/wrist_patient31263_Positive_001.png,8e8df22a7e25c86aad3193f68113143db2af1cc580b3fd3ca34c66f22af8bd4e
wrist_patient28483_Positive_001.png,wrist,patient28483,fractured,train,BoneFract A Bone Fracture Dataset/train/wrist/patient28483/Positive/wrist_patient28483_Positive_001.png,d5752c33acf328701384ae8d21e597d66254af250ab5dbdf828e8c14c49dd0ac
wrist_patient11376_Positive_001.png,wrist,patient11376,fractured,train,BoneFract A Bone Fracture Dataset/train/wrist/patient11376/Positive/wrist_patient11376_Positive_001.png,3b5633c3f3ceeaf5903717947bc5b34863e70f35e008a0f1e1851f373e4b27bc
wrist_patient10650_Positive_001.png,wrist,patient10650,fractured,train,BoneFract A Bone Fracture Dataset/train/wrist/patient10650/Positive/wrist_patient10650_Positive_001.png,5f1ec6f2a3949f01bc326e8eb4a86435a0337af7928c34f6674930b84b9e1741
wrist_patient38494_Positive_001.png,wrist,patient38494,fractured,train,BoneFract A Bone Fracture Dataset/train/wrist/patient38494/Positive/wrist_patient38494_Positive_001.png,4d91a4bc69b980a1767bc3e28078d0fbc91c6269b2b3def6094f921a004f9eb4
wrist_patient31376_Positive_001.png,wrist,patient31376,fractured,train,BoneFract A Bone Fracture Dataset/train/wrist/patient31376/Positive/wrist_patient31376_Positive_001.png,a9cce81ede237590a8124820ea5b072edffecbcfa8c6b1c561f218f917552aee
wrist_patient28391_Positive_001.png,wrist,patient28391,fractured,train,BoneFract A Bone Fracture Dataset/train/wrist/patient28391/Positive/wrist_patient28391_Positive_001.png,360f60d28c43a3550e6c01a7dfffbfc8e5c84d433bc13ff59cd7e0441635f6dd
wrist_patient33899_Positive_001.png,wrist,patient33899,fractured,train,BoneFract A Bone Fracture Dataset/train/wrist/patient33899/Positive/wrist_patient33899_Positive_001.png,edd04a3a5e7a190493430340a0359b585c54f668c611fed71c639c0fc04850bc
wrist_patient38539_Positive_001.png,wrist,patient38539,fractured,train,BoneFract A Bone Fracture Dataset/train/wrist/patient38539/Positive/wrist_patient38539_Positive_001.png,1de285ccc9c372b79e15cbf81a910fe05ef43f62c86d3f39d08557a8ff750748
wrist_patient31240_Positive_001.png,wrist,patient31240,fractured,train,BoneFract A Bone Fracture Dataset/train/wrist/patient31240/Positive/wrist_patient31240_Positive_001.png,50a57365fe1c7d35f8d4bb65cd7b49131b2814168701db46f267d2a155d8ff43
wrist_patient07407_Positive_001.png,wrist,patient07407,fractured,train,BoneFract A Bone Fracture Dataset/train/wrist/patient07407/Positive/wrist_patient07407_Positive_001.png,a0a2174df6ef255b35a5ad4a19aea5d84c64b2e18232ce860beb3899341c662c
wrist_patient11715_Positive_001.png,wrist,patient11715,fractured,train,BoneFract A Bone Fracture Dataset/train/wrist/patient11715/Positive/wrist_patient11715_Positive_001.png,0f363b88490d77d88852b15e6e33a0d0de00f721fac07c6757089998f5ab4f14
wrist_patient33481_Positive_001.png,wrist,patient33481,fractured,train,BoneFract A Bone Fracture Dataset/train/wrist/patient33481/Positive/wrist_patient33481_Positive_001.png,6f92fe3b98e138b2aae3559e59ae53113e30b4cdc1ca8cdb1ac7102c4c1ce9de
wrist_patient31136_Positive_001.png,wrist,patient31136,fractured,train,BoneFract A Bone Fracture Dataset/train/wrist/patient31136/Positive/wrist_patient31136_Positive_001.png,294de3ffa4ab24fba2fae1cd705246fc6ff074cdf64a820d4f4bae234aa1bd31
wrist_patient10379_Positive_001.png,wrist,patient10379,fractured,train,BoneFract A Bone Fracture Dataset/train/wrist/patient10379/Positive/wrist_patient10379_Positive_001.png,093b9f13f6ca347cd68900b71178292e35f9208535b9047940a36a1365159800
wrist_patient44317_Positive_001.png,wrist,patient44317,fractured,train,BoneFract A Bone Fracture Dataset/train/wrist/patient44317/Positive/wrist_patient44317_Positive_001.png,2effcd17d43af86943c2dc6f7bf8984a5daced7ebc57773d7a0abfe618e81e0b
wrist_patient46712_Positive_001.png,wrist,patient46712,fractured,train,BoneFract A Bone Fracture Dataset/train/wrist/patient46712/Positive/wrist_patient46712_Positive_001.png,f370dc6ea790cd43e91f670f2d8c91de38b68574b1832dde29fd0065641a5ef4
wrist_patient10312_Positive_001.png,wrist,patient10312,fractured,train,BoneFract A Bone Fracture Dataset/train/wrist/patient10312/Positive/wrist_patient10312_Positive_001.png,3b1df24d4965e4539cc0eb1f1aea39795d6ef4fd1c010de9e32204f457c9d846
wrist_patient35969_Positive_001.png,wrist,patient35969,fractured,train,BoneFract A Bone Fracture Dataset/train/wrist/patient35969/Positive/wrist_patient35969_Positive_001.png,7ccca7ab87781a0e1b266349dfdb9bede30a78cb4c631d4b9f2eed4eb291c12c
wrist_patient31291_Positive_001.png,wrist,patient31291,fractured,train,BoneFract A Bone Fracture Dataset/train/wrist/patient31291/Positive/wrist_patient31291_Positive_001.png,66d6cce4ae02a0f02b42e20f1f19f0e4dec5a00585143a4c8e01b0739cea9017
wrist_patient42015_Positive_001.png,wrist,patient42015,fractured,train,BoneFract A Bone Fracture Dataset/train/wrist/patient42015/Positive/wrist_patient42015_Positive_001.png,641d11384eb08733ae031fdfe23e06e608d0dea783475446bc7a9738e8e2f8b1
wrist_patient26222_Positive_001.png,wrist,patient26222,fractured,train,BoneFract A Bone Fracture Dataset/train/wrist/patient26222/Positive/wrist_patient26222_Positive_001.png,ea029af39e8b36a5c30fb67b46189ea296f2ae02b3fb93fd65636c27ca8379b1
wrist_patient31200_Positive_001.png,wrist,patient31200,fractured,train,BoneFract A Bone Fracture Dataset/train/wrist/patient31200/Positive/wrist_patient31200_Positive_001.png,72418a4122b8d3803623dad35f49a43564115af6949e54641c3f0b78545bdd79
wrist_patient38572_Positive_001.png,wrist,patient38572,fractured,train,BoneFract A Bone Fracture Dataset/train/wrist/patient38572/Positive/wrist_patient38572_Positive_001.png,87b7b120d4de43900dd200f7193ae29c4bbbff79505a602b18aa9ec30f63d31d
wrist_patient26316_Positive_001.png,wrist,patient26316,fractured,train,BoneFract A Bone Fracture Dataset/train/wrist/patient26316/Positive/wrist_patient26316_Positive_001.png,8b3dd373e12aa06941adfbc6fdb35342a7a96cc5accc6f5249ca0bbd39dabf0f
wrist_patient31228_Positive_001.png,wrist,patient31228,fractured,train,BoneFract A Bone Fracture Dataset/train/wrist/patient31228/Positive/wrist_patient31228_Positive_001.png,09636118ce73919aba877aea11baf13bd556e1704d0ca889bd77622f2d3b2159
wrist_patient23026_Positive_001.png,wrist,patient23026,fractured,train,BoneFract A Bone Fracture Dataset/train/wrist/patient23026/Positive/wrist_patient23026_Positive_001.png,c4b86d3ff1d69104a516595f3e047be09fad40b13a4906b50c9e2f58b8ceecfc
wrist_patient42018_Positive_001.png,wrist,patient42018,fractured,train,BoneFract A Bone Fracture Dataset/train/wrist/patient42018/Positive/wrist_patient42018_Positive_001.png,5618195c3d0bc7bd51abda554168648c194ebe597be5ff5005f5997fee2cf539
wrist_patient31321_Positive_001.png,wrist,patient31321,fractured,train,BoneFract A Bone Fracture Dataset/train/wrist/patient31321/Positive/wrist_patient31321_Positive_001.png,efc975e5d787a4b8a60f24bf95a348e52e8083288b16791e51dcc3cf1e1c1396
wrist_patient24539_Positive_001.png,wrist,patient24539,fractured,train,BoneFract A Bone Fracture Dataset/train/wrist/patient24539/Positive/wrist_patient24539_Positive_001.png,c44bbae6b1ddd02f96930012060211e022069cd421d89379fa9cc289464895af
wrist_patient08118_Positive_001.png,wrist,patient08118,fractured,train,BoneFract A Bone Fracture Dataset/train/wrist/patient08118/Positive/wrist_patient08118_Positive_001.png,cae365f5f282e034dca299819648a748569ade4e7803141639ef56858ef6d7ad
wrist_patient28431_Positive_001.png,wrist,patient28431,fractured,train,BoneFract A Bone Fracture Dataset/train/wrist/patient28431/Positive/wrist_patient28431_Positive_001.png,d61b16c799e49761f4cbebc4908f3f6b62c51d4da3ccc4140d43ba2938bd8109
wrist_patient22311_Positive_001.png,wrist,patient22311,fractured,train,BoneFract A Bone Fracture Dataset/train/wrist/patient22311/Positive/wrist_patient22311_Positive_001.png,ab2cf513d737312a5b21d67cf14994c2d2fdca9f99424c29b527c81fd28d6d99
wrist_patient31343_Positive_001.png,wrist,patient31343,fractured,train,BoneFract A Bone Fracture Dataset/train/wrist/patient31343/Positive/wrist_patient31343_Positive_001.png,164de57739b53567bd64609a597343382668c744f87bb159e64b04acaf8f6187
wrist_patient28405_Positive_001.png,wrist,patient28405,fractured,train,BoneFract A Bone Fracture Dataset/train/wrist/patient28405/Positive/wrist_patient28405_Positive_001.png,942b58286a66c7485ed2242a208036dbe17b6b48f563b3c21be205725dfa54ac
wrist_patient31238_Positive_001.png,wrist,patient31238,fractured,train,BoneFract A Bone Fracture Dataset/train/wrist/patient31238/Positive/wrist_patient31238_Positive_001.png,bc9f44bc4da89963e37056a07b33b4ab6a3dd41576a9fa2e29f63b145b05b359
wrist_patient22626_Positive_001.png,wrist,patient22626,fractured,train,BoneFract A Bone Fracture Dataset/train/wrist/patient22626/Positive/wrist_patient22626_Positive_001.png,5720b16334dd44cd3e97ccc7373e05f72359f49ba8d4dbaf28a2040f38cebbf6
wrist_patient33063_Positive_001.png,wrist,patient33063,fractured,train,BoneFract A Bone Fracture Dataset/train/wrist/patient33063/Positive/wrist_patient33063_Positive_001.png,3fa5987683a244b1decfbab63187440ea9836bcec3e5d6b05263d11ac6a8910a
wrist_patient23385_Positive_001.png,wrist,patient23385,fractured,train,BoneFract A Bone Fracture Dataset/train/wrist/patient23385/Positive/wrist_patient23385_Positive_001.png,c6ae3c7d495371b680a26d195d09a0c39034b4c3aacbf734cad2a47ead0b1b0d
wrist_patient28367_Positive_001.png,wrist,patient28367,fractured,train,BoneFract A Bone Fracture Dataset/train/wrist/patient28367/Positive/wrist_patient28367_Positive_001.png,37da88a8c03b5f7ebb9dafe45fa6dc14e98d4dcb186bc26e27d183e267cd1dee
wrist_patient28365_Positive_001.png,wrist,patient28365,fractured,train,BoneFract A Bone Fracture Dataset/train/wrist/patient28365/Positive/wrist_patient28365_Positive_001.png,930e5a9abb553f405ef99fa12c4b50e77fc102c1a5a2803f99232f3ed47053fa
wrist_patient42026_Positive_001.png,wrist,patient42026,fractured,train,BoneFract A Bone Fracture Dataset/train/wrist/patient42026/Positive/wrist_patient42026_Positive_001.png,b7a4974862012ae5cc1284a242682fd908d623ef9e92fa9be566d1a2ccce7805
wrist_patient28606_Positive_001.png,wrist,patient28606,fractured,train,BoneFract A Bone Fracture Dataset/train/wrist/patient28606/Positive/wrist_patient28606_Positive_001.png,ca6b493f29678e6b998423c2c950edea26b825e13db5a029ed0941387cec32da
wrist_patient11546_Positive_001.png,wrist,patient11546,fractured,train,BoneFract A Bone Fracture Dataset/train/wrist/patient11546/Positive/wrist_patient11546_Positive_001.png,d6f31ee4777a3e15f632b4aa48998abcc3e4d4d667d936f93926688658e8291f
wrist_patient28614_Positive_001.png,wrist,patient28614,fractured,train,BoneFract A Bone Fracture Dataset/train/wrist/patient28614/Positive/wrist_patient28614_Positive_001.png,00db14895d88f354639e69d3e42cddfd7d89a0f05bb90651e6b3bda58a877284
wrist_patient25925_Positive_001.png,wrist,patient25925,fractured,train,BoneFract A Bone Fracture Dataset/train/wrist/patient25925/Positive/wrist_patient25925_Positive_001.png,a7df6e216f813d58e8c46b9250015b667cbf5e4a6bb8872dc53f6883194738fc
wrist_patient04704_Positive_001.png,wrist,patient04704,fractured,train,BoneFract A Bone Fracture Dataset/train/wrist/patient04704/Positive/wrist_patient04704_Positive_001.png,2df295a5ce9770111a8aad9bbafc9d451553fc96dfe54580739a6fb278329bed
wrist_patient22251_Positive_001.png,wrist,patient22251,fractured,train,BoneFract A Bone Fracture Dataset/train/wrist/patient22251/Positive/wrist_patient22251_Positive_001.png,d784c73e0968b3673da86aacec66a039ffeb45467f3c5fb56c1f8dd388fc4ed0
wrist_patient31271_Positive_001.png,wrist,patient31271,fractured,train,BoneFract A Bone Fracture Dataset/train/wrist/patient31271/Positive/wrist_patient31271_Positive_001.png,2a9020e7ca232702815cbf32c31d17b2118933f871fa8aeccb0a4807a34e356f
wrist_patient31175_Positive_001.png,wrist,patient31175,fractured,train,BoneFract A Bone Fracture Dataset/train/wrist/patient31175/Positive/wrist_patient31175_Positive_001.png,6419bf15d98a6113e5f8e2ee785162c7f9dcc9b051e1a19646ea3f38fa8d5069
wrist_patient28593_Positive_001.png,wrist,patient28593,fractured,train,BoneFract A Bone Fracture Dataset/train/wrist/patient28593/Positive/wrist_patient28593_Positive_001.png,8ff4a056fcd6ac28e80976fa5135e2e12e1b583c9a8af99190e4803c1f9b91c6
wrist_patient41940_Positive_001.png,wrist,patient41940,fractured,train,BoneFract A Bone Fracture Dataset/train/wrist/patient41940/Positive/wrist_patient41940_Positive_001.png,39880765d9123bd2cbda5e2323020c8d06eb41e12cc4154e0477144760a78801
wrist_patient28639_Positive_001.png,wrist,patient28639,fractured,train,BoneFract A Bone Fracture Dataset/train/wrist/patient28639/Positive/wrist_patient28639_Positive_001.png,0ad8030681daf06b7ef3ceebda85089aa191423a529cdaf0eab49b3718b40f70
wrist_patient26636_Positive_001.png,wrist,patient26636,fractured,train,BoneFract A Bone Fracture Dataset/train/wrist/patient26636/Positive/wrist_patient26636_Positive_001.png,742dd2226478e2f94dcf136bbef959e9bc908378d0c56d523eca45e1cc311f55
wrist_patient33482_Positive_001.png,wrist,patient33482,fractured,train,BoneFract A Bone Fracture Dataset/train/wrist/patient33482/Positive/wrist_patient33482_Positive_001.png,99775c47f48738b039827e9da9c87d4e8aa5df42d48d4c3d70462e5355fdbf85
wrist_patient12211_Positive_001.png,wrist,patient12211,fractured,train,BoneFract A Bone Fracture Dataset/train/wrist/patient12211/Positive/wrist_patient12211_Positive_001.png,7312dcc23bf2d191369ebcbff1a56f6e31dc812ee95631d1a1f581147a1c6e8f
wrist_patient34713_Positive_001.png,wrist,patient34713,fractured,train,BoneFract A Bone Fracture Dataset/train/wrist/patient34713/Positive/wrist_patient34713_Positive_001.png,5635ee65c9655b98008148e04d069451e826bc3125a13eb30caef763c3099e92
wrist_patient31243_Positive_001.png,wrist,patient31243,fractured,train,BoneFract A Bone Fracture Dataset/train/wrist/patient31243/Positive/wrist_patient31243_Positive_001.png,141c8679cbed95f74eb1bf295732c19ba8915e0cb66cf1d83709346bfe349448
wrist_patient33998_Positive_001.png,wrist,patient33998,fractured,train,BoneFract A Bone Fracture Dataset/train/wrist/patient33998/Positive/wrist_patient33998_Positive_001.png,8895a5c65c80c4c582c79d6e27137c54e5fbcee6cc6a9cc5941792345066b1b1
wrist_patient41958_Positive_001.png,wrist,patient41958,fractured,train,BoneFract A Bone Fracture Dataset/train/wrist/patient41958/Positive/wrist_patient41958_Positive_001.png,7f1843e628e2ce138d8eedb23d029c2886747195872de19f9ddeef3f6b2e3625
wrist_patient33487_Positive_001.png,wrist,patient33487,fractured,train,BoneFract A Bone Fracture Dataset/train/wrist/patient33487/Positive/wrist_patient33487_Positive_001.png,0e46e5070aed5fd8b1afbbc8a7205a5a599a0a9218dcda0ed2f37268bc76b2f0
wrist_patient31344_Positive_001.png,wrist,patient31344,fractured,train,BoneFract A Bone Fracture Dataset/train/wrist/patient31344/Positive/wrist_patient31344_Positive_001.png,29c42d3b268fe90826d661425679934c72b44bf0f8b000b6d9e8cde1c7efc0cc
wrist_patient10581_Positive_001.png,wrist,patient10581,fractured,train,BoneFract A Bone Fracture Dataset/train/wrist/patient10581/Positive/wrist_patient10581_Positive_001.png,eeaed23b15a9284b597589fe3e19e6455f1bcf85cb269878938feece8ee07e7b
wrist_patient07328_Positive_001.png,wrist,patient07328,fractured,train,BoneFract A Bone Fracture Dataset/train/wrist/patient07328/Positive/wrist_patient07328_Positive_001.png,49fe44ae9d68bac42284679d5c963ebab8e11dc0fd4d2651269c2dff3d4ca830
wrist_patient34875_Positive_001.png,wrist,patient34875,fractured,train,BoneFract A Bone Fracture Dataset/train/wrist/patient34875/Positive/wrist_patient34875_Positive_001.png,2e23372229d495681a2c4d3c899002172c09352e9e95d3bff6c07f86107761a0
wrist_patient41898_Positive_001.png,wrist,patient41898,fractured,train,BoneFract A Bone Fracture Dataset/train/wrist/patient41898/Positive/wrist_patient41898_Positive_001.png,a0097ed4b187487e6fbba7436f2c3cc726b98fc13107472760698fb7315bec6a
wrist_patient34874_Positive_001.png,wrist,patient34874,fractured,train,BoneFract A Bone Fracture Dataset/train/wrist/patient34874/Positive/wrist_patient34874_Positive_001.png,3f604a278ba93c4aee4491dbbdaeab53fe353cb58037375867ed30b09ffe75af
wrist_patient46733_Positive_001.png,wrist,patient46733,fractured,train,BoneFract A Bone Fracture Dataset/train/wrist/patient46733/Positive/wrist_patient46733_Positive_001.png,3d877cb83561ac1beb4b59777fb07a78f7b8398def08e13d6c6ee287e2f12950
wrist_patient38556_Positive_001.png,wrist,patient38556,fractured,train,BoneFract A Bone Fracture Dataset/train/wrist/patient38556/Positive/wrist_patient38556_Positive_001.png,246325f159bf851db229eb571349fe78af320cf98f1f8e94539860afbc3e0669
wrist_patient31404_Positive_001.png,wrist,patient31404,fractured,train,BoneFract A Bone Fracture Dataset/train/wrist/patient31404/Positive/wrist_patient31404_Positive_001.png,482d2b1dec9a7d4325c87043c7a3f6082e22101650938bb7d18f5852746b8a4f
wrist_patient22522_Positive_001.png,wrist,patient22522,fractured,train,BoneFract A Bone Fracture Dataset/train/wrist/patient22522/Positive/wrist_patient22522_Positive_001.png,069d2ad731424adedee889bb95408911bc1bed13932b43d666dca0b30444fc7c
wrist_patient33554_Positive_001.png,wrist,patient33554,fractured,train,BoneFract A Bone Fracture Dataset/train/wrist/patient33554/Positive/wrist_patient33554_Positive_001.png,65be04daed595ccc1dd91b3e93cf1e42a6e76e49f7b21789ac1cbc595f2c576c
wrist_patient33490_Positive_001.png,wrist,patient33490,fractured,train,BoneFract A Bone Fracture Dataset/train/wrist/patient33490/Positive/wrist_patient33490_Positive_001.png,c5b30f2f0d5284693b6cb9242d04b98e4401394919f3c5bd297e29d0db517fad
wrist_patient06964_Positive_001.png,wrist,patient06964,fractured,train,BoneFract A Bone Fracture Dataset/train/wrist/patient06964/Positive/wrist_patient06964_Positive_001.png,46e53226538321222d6f63897f2a6cb130c8cc617a2c8bfffb8b3c30082f4f47
wrist_patient46734_Positive_001.png,wrist,patient46734,fractured,train,BoneFract A Bone Fracture Dataset/train/wrist/patient46734/Positive/wrist_patient46734_Positive_001.png,73a0ea1d6a4dd12d4a345eeefb8e7c42e175f15bc3334f4295c441456e33bd6c
wrist_patient08100_Positive_001.png,wrist,patient08100,fractured,train,BoneFract A Bone Fracture Dataset/train/wrist/patient08100/Positive/wrist_patient08100_Positive_001.png,27d7de6f51a39afcf72f65cf41bdfb010f896a18daa9327fa14261d430f189c7
