split,class,kind,filename,source_filename
validation,fractured,original,93 F (A View).png,93 F (A View).png
validation,fractured,original,46 Male (A View).png,46 Male (A View).png
validation,fractured,original,IMG0002274.png,IMG0002274.png
validation,fractured,original,IMG0002085.png,IMG0002085.png
validation,fractured,original,IMG0001571.png,IMG0001571.png
validation,fractured,original,IMG0000156.png,IMG0000156.png
validation,fractured,original,86 F (A View).png,86 F (A View).png
validation,fractured,original,IMG0003399.png,IMG0003399.png
validation,fractured,original,81 Male (A View).png,81 Male (A View).png
validation,fractured,original,IMG0002565.png,IMG0002565.png
validation,fractured,original,46 Male (L View).png,46 Male (L View).png
validation,fractured,original,IMG0004356.png,IMG0004356.png
validation,fractured,original,IMG0003394.png,IMG0003394.png
validation,fractured,original,IMG0001411.png,IMG0001411.png
validation,fractured,original,IMG0004376.png,IMG0004376.png
validation,fractured,original,IMG0002086.png,IMG0002086.png
validation,fractured,original,IMG0002323.png,IMG0002323.png
validation,fractured,original,23 Male (L View).png,23 Male (L View).png
validation,fractured,original,IMG0004117.png,IMG0004117.png
validation,fractured,original,81 Male (L View).png,81 Male (L View).png
validation,fractured,original,IMG0002425.png,IMG0002425.png
validation,fractured,original,IMG0002376.png,IMG0002376.png
validation,fractured,original,IMG0002419.png,IMG0002419.png
validation,fractured,original,IMG0002148.png,IMG0002148.png
validation,fractured,original,IMG0001382.png,IMG0001382.png
validation,fractured,original,IMG0003111.png,IMG0003111.png
validation,fractured,original,IMG0003819.png,IMG0003819.png
validation,fractured,original,IMG0002314.png,IMG0002314.png
validation,fractured,original,IMG0003813.png,IMG0003813.png
validation,fractured,original,23 Male (A View).png,23 Male (A View).png
validation,fractured,original,74 M (L View).png,74 M (L View).png
validation,fractured,original,IMG0003376.png,IMG0003376.png
validation,fractured,original,IMG0003157.png,IMG0003157.png
validation,fractured,original,IMG0001148.png,IMG0001148.png
validation,fractured,original,IMG0002491.png,IMG0002491.png
validation,fractured,original,68 F (A View).png,68 F (A View).png
validation,fractured,original,IMG0003786.png,IMG0003786.png
validation,fractured,original,IMG0002409.png,IMG0002409.png
validation,fractured,original,52 Male (L View).png,52 Male (L View).png
validation,fractured,original,52 Male (A View).png,52 Male (A View).png
validation,fractured,original,IMG0001365.png,IMG0001365.png
validation,fractured,original,IMG0003034.png,IMG0003034.png
validation,fractured,original,IMG0001199.png,IMG0001199.png
validation,fractured,original,IMG0002553.png,IMG0002553.png
validation,fractured,original,IMG0000058.png,IMG0000058.png
validation,fractured,original,40 F (A View).png,40 F (A View).png
validation,fractured,original,IMG0001363.png,IMG0001363.png
validation,fractured,original,IMG0002529.png,IMG0002529.png
validation,fractured,original,IMG0002386.png,IMG0002386.png
validation,fractured,original,IMG0003312.png,IMG0003312.png
validation,fractured,original,IMG0002605.png,IMG0002605.png
validation,fractured,original,IMG0003953.png,IMG0003953.png
validation,fractured,original,IMG0002495.png,IMG0002495.png
validation,fractured,original,IMG0002566.png,IMG0002566.png
validation,fractured,original,IMG0001123.png,IMG0001123.png
validation,fractured,original,IMG0001007.png,IMG0001007.png
validation,fractured,original,IMG0003214.png,IMG0003214.png
validation,fractured,original,IMG0000852.png,IMG0000852.png
validation,fractured,original,IMG0002652.png,IMG0002652.png
validation,fractured,original,IMG0001380.png,IMG0001380.png
validation,fractured,original,IMG0002999.png,IMG0002999.png
validation,fractured,original,58 F (A View).png,58 F (A View).png
validation,fractured,original,IMG0002546.png,IMG0002546.png
validation,fractured,original,IMG0003374.png,IMG0003374.png
validation,fractured,original,IMG0003093.png,IMG0003093.png
validation,fractured,original,IMG0002599.png,IMG0002599.png
validation,fractured,original,IMG0001760.png,IMG0001760.png
validation,fractured,original,IMG0002329.png,IMG0002329.png
validation,fractured,original,IMG0002353.png,IMG0002353.png
validation,fractured,original,94 F (A View).png,94 F (A View).png
validation,fractured,original,IMG0002494.png,IMG0002494.png
validation,fractured,original,IMG0002313.png,IMG0002313.png
validation,fractured,original,IMG0002442.png,IMG0002442.png
validation,fractured,original,IMG0002021.png,IMG0002021.png
validation,fractured,original,60 F (L View).png,60 F (L View).png
validation,fractured,original,IMG0002483.png,IMG0002483.png
validation,fractured,original,IMG0002106.png,IMG0002106.png
validation,non_fractured,original,IMG0004296.png,IMG0004296.png
validation,non_fractured,original,IMG0003992.png,IMG0003992.png
validation,non_fractured,original,IMG0000080.png,IMG0000080.png
validation,non_fractured,original,IMG0003676.png,IMG0003676.png
validation,non_fractured,original,IMG0003868.png,IMG0003868.png
validation,non_fractured,original,IMG0000833.png,IMG0000833.png
validation,non_fractured,original,IMG0003329.png,IMG0003329.png
validation,non_fractured,original,IMG0001323.png,IMG0001323.png
validation,non_fractured,original,IMG0000816.png,IMG0000816.png
validation,non_fractured,original,IMG0002951.png,IMG0002951.png
validation,non_fractured,original,IMG0002132.png,IMG0002132.png
validation,non_fractured,original,IMG0001602.png,IMG0001602.png
validation,non_fractured,original,IMG0003878.png,IMG0003878.png
validation,non_fractured,original,IMG0003412.png,IMG0003412.png
validation,non_fractured,original,IMG0001241.png,IMG0001241.png
validation,non_fractured,original,IMG0001937.png,IMG0001937.png
validation,non_fractured,original,81.png,81.png
validation,non_fractured,original,IMG0001256.png,IMG0001256.png
validation,non_fractured,original,61.png,61.png
validation,non_fractured,original,IMG0001908.png,IMG0001908.png
validation,non_fractured,original,IMG0002198.png,IMG0002198.png
validation,non_fractured,original,IMG0001594.png,IMG0001594.png
validation,non_fractured,original,9.png,9.png
validation,non_fractured,original,IMG0001161.png,IMG0001161.png
validation,non_fractured,original,IMG0003451.png,IMG0003451.png
validation,non_fractured,original,IMG0003730.png,IMG0003730.png
validation,non_fractured,original,IMG0003647.png,IMG0003647.png
validation,non_fractured,original,IMG0003156.png,IMG0003156.png
validation,non_fractured,original,IMG0002193.png,IMG0002193.png
validation,non_fractured,original,IMG0002950.png,IMG0002950.png
validation,non_fractured,original,IMG0000640.png,IMG0000640.png
validation,non_fractured,original,IMG0001586.png,IMG0001586.png
validation,non_fractured,original,IMG0000629.png,IMG0000629.png
validation,non_fractured,original,IMG0001346.png,IMG0001346.png
validation,non_fractured,original,IMG0003349.png,IMG0003349.png
validation,non_fractured,original,IMG0003646.png,IMG0003646.png
validation,non_fractured,original,IMG0002678.png,IMG0002678.png
validation,non_fractured,original,IMG0003680.png,IMG0003680.png
validation,non_fractured,original,IMG0002039.png,IMG0002039.png
validation,non_fractured,original,IMG0004227.png,IMG0004227.png
validation,non_fractured,original,IMG0003448.png,IMG0003448.png
validation,non_fractured,original,IMG0003270.png,IMG0003270.png
validation,non_fractured,original,IMG0003149.png,IMG0003149.png
validation,non_fractured,original,IMG0000157.png,IMG0000157.png
validation,non_fractured,original,79.png,79.png
validation,non_fractured,original,IMG0000513.png,IMG0000513.png
validation,non_fractured,original,IMG0000760.png,IMG0000760.png
validation,non_fractured,original,IMG0000771.png,IMG0000771.png
validation,non_fractured,original,IMG0002669.png,IMG0002669.png
validation,non_fractured,original,IMG0003656.png,IMG0003656.png
validation,non_fractured,original,IMG0001003.png,IMG0001003.png
validation,non_fractured,original,IMG0000990.png,IMG0000990.png
validation,non_fractured,original,IMG0001786.png,IMG0001786.png
validation,non_fractured,original,IMG0001302.png,IMG0001302.png
validation,non_fractured,original,IMG0003401.png,IMG0003401.png
validation,non_fractured,original,IMG0000580.png,IMG0000580.png
validation,non_fractured,original,IMG0001603.png,IMG0001603.png
validation,non_fractured,original,IMG0002684.png,IMG0002684.png
validation,non_fractured,original,10.png,10.png
validation,non_fractured,original,IMG0001987.png,IMG0001987.png
validation,non_fractured,original,IMG0003351.png,IMG0003351.png
validation,non_fractured,original,IMG0003787.png,IMG0003787.png
validation,non_fractured,original,IMG0003475.png,IMG0003475.png
validation,non_fractured,original,IMG0002765.png,IMG0002765.png
validation,non_fractured,original,IMG0004279.png,IMG0004279.png
validation,non_fractured,original,IMG0002116.png,IMG0002116.png
validation,non_fractured,original,IMG0000611.png,IMG0000611.png
validation,non_fractured,original,IMG0002151.png,IMG0002151.png
validation,non_fractured,original,IMG0001936.png,IMG0001936.png
validation,non_fractured,original,IMG0004174.png,IMG0004174.png
validation,non_fractured,original,IMG0002875.png,IMG0002875.png
validation,non_fractured,original,IMG0000645.png,IMG0000645.png
validation,non_fractured,original,IMG0001235.png,IMG0001235.png
validation,non_fractured,original,IMG0000086.png,IMG0000086.png
validation,non_fractured,original,IMG0003769.png,IMG0003769.png
validation,non_fractured,original,1.png,1.png
validation,non_fractured,original,IMG0002881.png,IMG0002881.png
test,fractured,original,IMG0002420.png,IMG0002420.png
test,fractured,original,IMG0003397.png,IMG0003397.png
test,fractured,original,IMG0001570.png,IMG0001570.png
test,fractured,original,IMG0004010.png,IMG0004010.png
test,fractured,original,8 Male (L View).png,8 Male (L View).png
test,fractured,original,IMG0002502.png,IMG0002502.png
test,fractured,original,IMG0003927.png,IMG0003927.png
test,fractured,original,IMG0002319.png,IMG0002319.png
test,fractured,original,IMG0001364.png,IMG0001364.png
test,fractured,original,IMG0002668.png,IMG0002668.png
test,fractured,original,IMG0001381.png,IMG0001381.png
test,fractured,original,32 Male (A View).png,32 Male (A View).png
test,fractured,original,IMG0002525.png,IMG0002525.png
test,fractured,original,IMG0003310.png,IMG0003310.png
test,fractured,original,32 Male (L View).png,32 Male (L View).png
test,fractured,original,6 Female (A View).png,6 Female (A View).png
test,fractured,original,IMG0003234.png,IMG0003234.png
test,fractured,original,IMG0001805.png,IMG0001805.png
test,fractured,original,IMG0003171.png,IMG0003171.png
test,fractured,original,IMG0003070.png,IMG0003070.png
test,fractured,original,IMG0002849.png,IMG0002849.png
test,fractured,original,IMG0003628.png,IMG0003628.png
test,fractured,original,IMG0000319.png,IMG0000319.png
test,fractured,original,34 Male (L View).png,34 Male (L View).png
test,fractured,original,IMG0003164.png,IMG0003164.png
test,fractured,original,IMG0002493.png,IMG0002493.png
test,fractured,original,38 Male (L View).png,38 Male (L View).png
test,fractured,original,IMG0002848.png,IMG0002848.png
test,fractured,original,IMG0002647.png,IMG0002647.png
test,fractured,original,IMG0002393.png,IMG0002393.png
test,fractured,original,38 Male (A View).png,38 Male (A View).png
test,fractured,original,IMG0002441.png,IMG0002441.png
test,fractured,original,6 Female (L View).png,6 Female (L View).png
test,fractured,original,IMG0002604.png,IMG0002604.png
test,fractured,original,IMG0002569.png,IMG0002569.png
test,fractured,original,IMG0002379.png,IMG0002379.png
test,fractured,original,IMG0002468.png,IMG0002468.png
test,fractured,original,64 M (L View).png,64 M (L View).png
test,fractured,original,IMG0000470.png,IMG0000470.png
test,fractured,original,IMG0004232.png,IMG0004232.png
test,fractured,original,IMG0002349.png,IMG0002349.png
test,fractured,original,IMG0003906.png,IMG0003906.png
test,fractured,original,IMG0002609.png,IMG0002609.png
test,fractured,original,8 Male (A View).png,8 Male (A View).png
test,fractured,original,IMG0003165.png,IMG0003165.png
test,fractured,original,IMG0003734.png,IMG0003734.png
test,fractured,original,IMG0001391.png,IMG0001391.png
test,fractured,original,IMG0003619.png,IMG0003619.png
test,fractured,original,66 F (A View).png,66 F (A View).png
test,fractured,original,IMG0000284.png,IMG0000284.png
test,fractured,original,IMG0003812.png,IMG0003812.png
test,fractured,original,IMG0003217.png,IMG0003217.png
test,fractured,original,IMG0003200.png,IMG0003200.png
test,fractured,original,IMG0003301.png,IMG0003301.png
test,fractured,original,IMG0003266.png,IMG0003266.png
test,fractured,original,34 Male (A View).png,34 Male (A View).png
test,fractured,original,IMG0002505.png,IMG0002505.png
test,fractured,original,IMG0003564.png,IMG0003564.png
test,fractured,original,IMG0000805.png,IMG0000805.png
test,fractured,original,IMG0000600.png,IMG0000600.png
test,fractured,original,IMG0003952.png,IMG0003952.png
test,fractured,original,IMG0002330.png,IMG0002330.png
test,fractured,original,IMG0002416.png,IMG0002416.png
test,fractured,original,IMG0003396.png,IMG0003396.png
test,fractured,original,IMG0002356.png,IMG0002356.png
test,fractured,original,IMG0002363.png,IMG0002363.png
test,fractured,original,IMG0003620.png,IMG0003620.png
test,fractured,original,IMG0002208.png,IMG0002208.png
test,fractured,original,IMG0002519.png,IMG0002519.png
test,fractured,original,IMG0002499.png,IMG0002499.png
test,fractured,original,59 F (L View).png,59 F (L View).png
test,fractured,original,IMG0003770.png,IMG0003770.png
test,fractured,original,IMG0002987.png,IMG0002987.png
test,fractured,original,IMG0002601.png,IMG0002601.png
test,fractured,original,60 F (A View).png,60 F (A View).png
test,fractured,original,IMG0002831.png,IMG0002831.png
test,fractured,original,IMG0002810.png,IMG0002810.png
test,non_fractured,original,IMG0003573.png,IMG0003573.png
test,non_fractured,original,IMG0000610.png,IMG0000610.png
test,non_fractured,original,IMG0003624.png,IMG0003624.png
test,non_fractured,original,IMG0003637.png,IMG0003637.png
test,non_fractured,original,IMG0003125.png,IMG0003125.png
test,non_fractured,original,IMG0001528.png,IMG0001528.png
test,non_fractured,original,IMG0004255.png,IMG0004255.png
test,non_fractured,original,IMG0002866.png,IMG0002866.png
test,non_fractured,original,IMG0001173.png,IMG0001173.png
test,non_fractured,original,IMG0000379.png,IMG0000379.png
test,non_fractured,original,IMG0004138.png,IMG0004138.png
test,non_fractured,original,IMG0002948.png,IMG0002948.png
test,non_fractured,original,IMG0002205.png,IMG0002205.png
test,non_fractured,original,IMG0002941.png,IMG0002941.png
test,non_fractured,original,IMG0002883.png,IMG0002883.png
test,non_fractured,original,IMG0003079.png,IMG0003079.png
test,non_fractured,original,IMG0000049.png,IMG0000049.png
test,non_fractured,original,IMG0000448.png,IMG0000448.png
test,non_fractured,original,IMG0000236.png,IMG0000236.png
test,non_fractured,original,IMG0002821.png,IMG0002821.png
test,non_fractured,original,IMG0002034.png,IMG0002034.png
test,non_fractured,original,IMG0000496.png,IMG0000496.png
test,non_fractured,original,IMG0001532.png,IMG0001532.png
test,non_fractured,original,IMG0001194.png,IMG0001194.png
test,non_fractured,original,IMG0004195.png,IMG0004195.png
test,non_fractured,original,IMG0003554.png,IMG0003554.png
test,non_fractured,original,IMG0003040.png,IMG0003040.png
test,non_fractured,original,IMG0000713.png,IMG0000713.png
test,non_fractured,original,IMG0004002.png,IMG0004002.png
test,non_fractured,original,IMG0001119.png,IMG0001119.png
test,non_fractured,original,IMG0001621.png,IMG0001621.png
test,non_fractured,original,IMG0003075.png,IMG0003075.png
test,non_fractured,original,IMG0003773.png,IMG0003773.png
test,non_fractured,original,IMG0000282.png,IMG0000282.png
test,non_fractured,original,IMG0003022.png,IMG0003022.png
test,non_fractured,original,IMG0003593.png,IMG0003593.png
test,non_fractured,original,IMG0003923.png,IMG0003923.png
test,non_fractured,original,IMG0000011.png,IMG0000011.png
test,non_fractured,original,IMG0004295.png,IMG0004295.png
test,non_fractured,original,34.png,34.png
test,non_fractured,original,IMG0000374.png,IMG0000374.png
test,non_fractured,original,IMG0001496.png,IMG0001496.png
test,non_fractured,original,IMG0000939.png,IMG0000939.png
test,non_fractured,original,IMG0004226.png,IMG0004226.png
test,non_fractured,original,IMG0003258.png,IMG0003258.png
test,non_fractured,original,IMG0003225.png,IMG0003225.png
test,non_fractured,original,IMG0001348.png,IMG0001348.png
test,non_fractured,original,IMG0002762.png,IMG0002762.png
test,non_fractured,original,IMG0003881.png,IMG0003881.png
test,non_fractured,original,IMG0003504.png,IMG0003504.png
test,non_fractured,original,IMG0003732.png,IMG0003732.png
test,non_fractured,original,11.png,11.png
test,non_fractured,original,IMG0003772.png,IMG0003772.png
test,non_fractured,original,IMG0004290.png,IMG0004290.png
test,non_fractured,original,IMG0003614.png,IMG0003614.png
test,non_fractured,original,IMG0002716.png,IMG0002716.png
test,non_fractured,original,IMG0004244.png,IMG0004244.png
test,non_fractured,original,IMG0001406.png,IMG0001406.png
test,non_fractured,original,IMG0000803.png,IMG0000803.png
test,non_fractured,original,IMG0003462.png,IMG0003462.png
test,non_fractured,original,IMG0002158.png,IMG0002158.png
test,non_fractured,original,IMG0002273.png,IMG0002273.png
test,non_fractured,original,IMG0003098.png,IMG0003098.png
test,non_fractured,original,IMG0004280.png,IMG0004280.png
test,non_fractured,original,IMG0001996.png,IMG0001996.png
test,non_fractured,original,IMG0002209.png,IMG0002209.png
test,non_fractured,original,IMG0004251.png,IMG0004251.png
test,non_fractured,original,IMG0003610.png,IMG0003610.png
test,non_fractured,original,IMG0004075.png,IMG0004075.png
test,non_fractured,original,IMG0000806.png,IMG0000806.png
test,non_fractured,original,IMG0003788.png,IMG0003788.png
test,non_fractured,original,5.png,5.png
test,non_fractured,original,IMG0001702.png,IMG0001702.png
test,non_fractured,original,IMG0002284.png,IMG0002284.png
test,non_fractured,original,IMG0001557.png,IMG0001557.png
test,non_fractured,original,IMG0003950.png,IMG0003950.png
test,non_fractured,original,IMG0002626.png,IMG0002626.png
train,fractured,original,1 Male (A View).png,1 Male (A View).png
train,fractured,original,1 Male (L View).png,1 Male (L View).png
train,fractured,original,10 Male (A View).png,10 Male (A View).png
train,fractured,original,10 Male (L View).png,10 Male (L View).png
train,fractured,original,11 Male (A View).png,11 Male (A View).png
train,fractured,original,11 Male (L View).png,11 Male (L View).png
train,fractured,original,15 Male (A View).png,15 Male (A View).png
train,fractured,original,15 Male (L View).png,15 Male (L View).png
train,fractured,original,16 Female (A View).png,16 Female (A View).png
train,fractured,original,16 Female (L View).png,16 Female (L View).png
train,fractured,original,2 Male (A View).png,2 Male (A View).png
train,fractured,original,2 Male (L View).png,2 Male (L View).png
train,fractured,original,27 Male (A View).png,27 Male (A View).png
train,fractured,original,27 Male (L View).png,27 Male (L View).png
train,fractured,original,3 Male (A View).png,3 Male (A View).png
train,fractured,original,3 Male (L View).png,3 Male (L View).png
train,fractured,original,35 Male (A View).png,35 Male (A View).png
train,fractured,original,35 Male (L View).png,35 Male (L View).png
train,fractured,original,36 Male (A View).png,36 Male (A View).png
train,fractured,original,36 Male (A2 View).png,36 Male (A2 View).png
train,fractured,original,37 Male (A View).png,37 Male (A View).png
train,fractured,original,37 Male (L View).png,37 Male (L View).png
train,fractured,original,39 F (A View).png,39 F (A View).png
train,fractured,original,39 F (L View).png,39 F (L View).png
train,fractured,original,4 Male ( A View).png,4 Male ( A View).png
train,fractured,original,4 Male (L View).png,4 Male (L View).png
train,fractured,original,40 F (L View).png,40 F (L View).png
train,fractured,original,43 Male (A View).png,43 Male (A View).png
train,fractured,original,43 Male (L View).png,43 Male (L View).png
train,fractured,original,44 F (A View).png,44 F (A View).png
train,fractured,original,44 F (L View).png,44 F (L View).png
train,fractured,original,45 F (A View).png,45 F (A View).png
train,fractured,original,45 F (L View).png,45 F (L View).png
train,fractured,original,47 Male (A View).png,47 Male (A View).png
train,fractured,original,47 Male (L View).png,47 Male (L View).png
train,fractured,original,48 Male (A View).png,48 Male (A View).png
train,fractured,original,48 Male (L View).png,48 Male (L View).png
train,fractured,original,5 Male (A View).png,5 Male (A View).png
train,fractured,original,5 Male (L View).png,5 Male (L View).png
train,fractured,original,51 Male (A View).png,51 Male (A View).png
train,fractured,original,51 Male (L View).png,51 Male (L View).png
train,fractured,original,54 Male (A View).png,54 Male (A View).png
train,fractured,original,54 Male (L View).png,54 Male (L View).png
train,fractured,original,57 F (A View).png,57 F (A View).png
train,fractured,original,57 F (L View).png,57 F (L View).png
train,fractured,original,58 F (L View).png,58 F (L View).png
train,fractured,original,59 F (A View).png,59 F (A View).png
train,fractured,original,62 F (A View).png,62 F (A View).png
train,fractured,original,62 F (L View).png,62 F (L View).png
train,fractured,original,63 Male (A View).png,63 Male (A View).png
train,fractured,original,63 Male (L View).png,63 Male (L View).png
train,fractured,original,64 M (A View).png,64 M (A View).png
train,fractured,original,65 Male (A View).png,65 Male (A View).png
train,fractured,original,65 Male (L View).png,65 Male (L View).png
train,fractured,original,66 F (L View).png,66 F (L View).png
train,fractured,original,67 Male (A View).png,67 Male (A View).png
train,fractured,original,67 Male (L View).png,67 Male (L View).png
train,fractured,original,68 F (L View).png,68 F (L View).png
train,fractured,original,7 Male (L View).png,7 Male (L View).png
train,fractured,original,74 M (A View).png,74 M (A View).png
train,fractured,original,82 Male (A View).png,82 Male (A View).png
train,fractured,original,82 Male (L View).png,82 Male (L View).png
train,fractured,original,85 Male (A View).png,85 Male (A View).png
train,fractured,original,85 Male (L View).png,85 Male (L View).png
train,fractured,original,86 F (L View).png,86 F (L View).png
train,fractured,original,87 F (A View).png,87 F (A View).png
train,fractured,original,87 F (L View).png,87 F (L View).png
train,fractured,original,88 Male (A View).png,88 Male (A View).png
train,fractured,original,88 Male (L View).png,88 Male (L View).png
train,fractured,original,89 Male (L View).png,89 Male (L View).png
train,fractured,original,89 Male.png,89 Male.png
train,fractured,original,9 Male (A View).png,9 Male (A View).png
train,fractured,original,9 Male (L View).png,9 Male (L View).png
train,fractured,original,90 Male (A View).png,90 Male (A View).png
train,fractured,original,90 Male (L View).png,90 Male (L View).png
train,fractured,original,91 Male (A View).png,91 Male (A View).png
train,fractured,original,91 Male (L View).png,91 Male (L View).png
train,fractured,original,92 Male (A View).png,92 Male (A View).png
train,fractured,original,92 Male (L View).png,92 Male (L View).png
train,fractured,original,93 F (L View).png,93 F (L View).png
train,fractured,original,94 F (L View).png,94 F (L View).png
train,fractured,original,IMG0000019.png,IMG0000019.png
train,fractured,original,IMG0000044.png,IMG0000044.png
train,fractured,original,IMG0000057.png,IMG0000057.png
train,fractured,original,IMG0000059.png,IMG0000059.png
train,fractured,original,IMG0000142.png,IMG0000142.png
train,fractured,original,IMG0000143.png,IMG0000143.png
train,fractured,original,IMG0000144.png,IMG0000144.png
train,fractured,original,IMG0000155.png,IMG0000155.png
train,fractured,original,IMG0000189.png,IMG0000189.png
train,fractured,original,IMG0000190.png,IMG0000190.png
train,fractured,original,IMG0000206.png,IMG0000206.png
train,fractured,original,IMG0000207.png,IMG0000207.png
train,fractured,original,IMG0000261.png,IMG0000261.png
train,fractured,original,IMG0000307.png,IMG0000307.png
train,fractured,original,IMG0000351.png,IMG0000351.png
train,fractured,original,IMG0000352.png,IMG0000352.png
train,fractured,original,IMG0000599.png,IMG0000599.png
train,fractured,original,IMG0000671.png,IMG0000671.png
train,fractured,original,IMG0000692.png,IMG0000692.png
train,fractured,original,IMG0000702.png,IMG0000702.png
train,fractured,original,IMG0000750.png,IMG0000750.png
train,fractured,original,IMG0000751.png,IMG0000751.png
train,fractured,original,IMG0000758.png,IMG0000758.png
train,fractured,original,IMG0000762.png,IMG0000762.png
train,fractured,original,IMG0000801.png,IMG0000801.png
train,fractured,original,IMG0000804.png,IMG0000804.png
train,fractured,original,IMG0000844.png,IMG0000844.png
train,fractured,original,IMG0000845.png,IMG0000845.png
train,fractured,original,IMG0000851.png,IMG0000851.png
train,fractured,original,IMG0001008.png,IMG0001008.png
train,fractured,original,IMG0001025.png,IMG0001025.png
train,fractured,original,IMG0001026.png,IMG0001026.png
train,fractured,original,IMG0001041.png,IMG0001041.png
train,fractured,original,IMG0001073.png,IMG0001073.png
train,fractured,original,IMG0001147.png,IMG0001147.png
train,fractured,original,IMG0001151.png,IMG0001151.png
train,fractured,original,IMG0001152.png,IMG0001152.png
train,fractured,original,IMG0001198.png,IMG0001198.png
train,fractured,original,IMG0001200.png,IMG0001200.png
train,fractured,original,IMG0001236.png,IMG0001236.png
train,fractured,original,IMG0001361.png,IMG0001361.png
train,fractured,original,IMG0001362.png,IMG0001362.png
train,fractured,original,IMG0001366.png,IMG0001366.png
train,fractured,original,IMG0001410.png,IMG0001410.png
train,fractured,original,IMG0001428.png,IMG0001428.png
train,fractured,original,IMG0001440.png,IMG0001440.png
train,fractured,original,IMG0001441.png,IMG0001441.png
train,fractured,original,IMG0001494.png,IMG0001494.png
train,fractured,original,IMG0001495.png,IMG0001495.png
train,fractured,original,IMG0001546.png,IMG0001546.png
train,fractured,original,IMG0001572.png,IMG0001572.png
train,fractured,original,IMG0001639.png,IMG0001639.png
train,fractured,original,IMG0001640.png,IMG0001640.png
train,fractured,original,IMG0001738.png,IMG0001738.png
train,fractured,original,IMG0001739.png,IMG0001739.png
train,fractured,original,IMG0001762.png,IMG0001762.png
train,fractured,original,IMG0001763.png,IMG0001763.png
train,fractured,original,IMG0001780.png,IMG0001780.png
train,fractured,original,IMG0001781.png,IMG0001781.png
train,fractured,original,IMG0001933.png,IMG0001933.png
train,fractured,original,IMG0001934.png,IMG0001934.png
train,fractured,original,IMG0001938.png,IMG0001938.png
train,fractured,original,IMG0001939.png,IMG0001939.png
train,fractured,original,IMG0001948.png,IMG0001948.png
train,fractured,original,IMG0001970.png,IMG0001970.png
train,fractured,original,IMG0001971.png,IMG0001971.png
train,fractured,original,IMG0002020.png,IMG0002020.png
train,fractured,original,IMG0002105.png,IMG0002105.png
train,fractured,original,IMG0002126.png,IMG0002126.png
train,fractured,original,IMG0002127.png,IMG0002127.png
train,fractured,original,IMG0002181.png,IMG0002181.png
train,fractured,original,IMG0002225.png,IMG0002225.png
train,fractured,original,IMG0002265.png,IMG0002265.png
train,fractured,original,IMG0002272.png,IMG0002272.png
train,fractured,original,IMG0002287.png,IMG0002287.png
train,fractured,original,IMG0002298.png,IMG0002298.png
train,fractured,original,IMG0002299.png,IMG0002299.png
train,fractured,original,IMG0002300.png,IMG0002300.png
train,fractured,original,IMG0002309.png,IMG0002309.png
train,fractured,original,IMG0002311.png,IMG0002311.png
train,fractured,original,IMG0002312.png,IMG0002312.png
train,fractured,original,IMG0002315.png,IMG0002315.png
train,fractured,original,IMG0002317.png,IMG0002317.png
train,fractured,original,IMG0002318.png,IMG0002318.png
train,fractured,original,IMG0002325.png,IMG0002325.png
train,fractured,original,IMG0002326.png,IMG0002326.png
train,fractured,original,IMG0002327.png,IMG0002327.png
train,fractured,original,IMG0002328.png,IMG0002328.png
train,fractured,original,IMG0002331.png,IMG0002331.png
train,fractured,original,IMG0002332.png,IMG0002332.png
train,fractured,original,IMG0002334.png,IMG0002334.png
train,fractured,original,IMG0002350.png,IMG0002350.png
train,fractured,original,IMG0002351.png,IMG0002351.png
train,fractured,original,IMG0002352.png,IMG0002352.png
train,fractured,original,IMG0002354.png,IMG0002354.png
train,fractured,original,IMG0002355.png,IMG0002355.png
train,fractured,original,IMG0002357.png,IMG0002357.png
train,fractured,original,IMG0002358.png,IMG0002358.png
train,fractured,original,IMG0002359.png,IMG0002359.png
train,fractured,original,IMG0002360.png,IMG0002360.png
train,fractured,original,IMG0002361.png,IMG0002361.png
train,fractured,original,IMG0002362.png,IMG0002362.png
train,fractured,original,IMG0002364.png,IMG0002364.png
train,fractured,original,IMG0002365.png,IMG0002365.png
train,fractured,original,IMG0002375.png,IMG0002375.png
train,fractured,original,IMG0002377.png,IMG0002377.png
train,fractured,original,IMG0002380.png,IMG0002380.png
train,fractured,original,IMG0002381.png,IMG0002381.png
train,fractured,original,IMG0002382.png,IMG0002382.png
train,fractured,original,IMG0002388.png,IMG0002388.png
train,fractured,original,IMG0002392.png,IMG0002392.png
train,fractured,original,IMG0002394.png,IMG0002394.png
train,fractured,original,IMG0002395.png,IMG0002395.png
train,fractured,original,IMG0002396.png,IMG0002396.png
train,fractured,original,IMG0002397.png,IMG0002397.png
train,fractured,original,IMG0002398.png,IMG0002398.png
train,fractured,original,IMG0002402.png,IMG0002402.png
train,fractured,original,IMG0002405.png,IMG0002405.png
train,fractured,original,IMG0002408.png,IMG0002408.png
train,fractured,original,IMG0002410.png,IMG0002410.png
train,fractured,original,IMG0002411.png,IMG0002411.png
train,fractured,original,IMG0002412.png,IMG0002412.png
train,fractured,original,IMG0002413.png,IMG0002413.png
train,fractured,original,IMG0002414.png,IMG0002414.png
train,fractured,original,IMG0002415.png,IMG0002415.png
train,fractured,original,IMG0002421.png,IMG0002421.png
train,fractured,original,IMG0002422.png,IMG0002422.png
train,fractured,original,IMG0002423.png,IMG0002423.png
train,fractured,original,IMG0002445.png,IMG0002445.png
train,fractured,original,IMG0002446.png,IMG0002446.png
train,fractured,original,IMG0002450.png,IMG0002450.png
train,fractured,original,IMG0002463.png,IMG0002463.png
train,fractured,original,IMG0002464.png,IMG0002464.png
train,fractured,original,IMG0002465.png,IMG0002465.png
train,fractured,original,IMG0002466.png,IMG0002466.png
train,fractured,original,IMG0002467.png,IMG0002467.png
train,fractured,original,IMG0002469.png,IMG0002469.png
train,fractured,original,IMG0002470.png,IMG0002470.png
train,fractured,original,IMG0002480.png,IMG0002480.png
train,fractured,original,IMG0002481.png,IMG0002481.png
train,fractured,original,IMG0002482.png,IMG0002482.png
train,fractured,original,IMG0002484.png,IMG0002484.png
train,fractured,original,IMG0002485.png,IMG0002485.png
train,fractured,original,IMG0002486.png,IMG0002486.png
train,fractured,original,IMG0002487.png,IMG0002487.png
train,fractured,original,IMG0002488.png,IMG0002488.png
train,fractured,original,IMG0002492.png,IMG0002492.png
train,fractured,original,IMG0002496.png,IMG0002496.png
train,fractured,original,IMG0002497.png,IMG0002497.png
train,fractured,original,IMG0002498.png,IMG0002498.png
train,fractured,original,IMG0002500.png,IMG0002500.png
train,fractured,original,IMG0002501.png,IMG0002501.png
train,fractured,original,IMG0002503.png,IMG0002503.png
train,fractured,original,IMG0002504.png,IMG0002504.png
train,fractured,original,IMG0002508.png,IMG0002508.png
train,fractured,original,IMG0002512.png,IMG0002512.png
train,fractured,original,IMG0002516.png,IMG0002516.png
train,fractured,original,IMG0002517.png,IMG0002517.png
train,fractured,original,IMG0002518.png,IMG0002518.png
train,fractured,original,IMG0002524.png,IMG0002524.png
train,fractured,original,IMG0002530.png,IMG0002530.png
train,fractured,original,IMG0002531.png,IMG0002531.png
train,fractured,original,IMG0002532.png,IMG0002532.png
train,fractured,original,IMG0002551.png,IMG0002551.png
train,fractured,original,IMG0002552.png,IMG0002552.png
train,fractured,original,IMG0002560.png,IMG0002560.png
train,fractured,original,IMG0002561.png,IMG0002561.png
train,fractured,original,IMG0002564.png,IMG0002564.png
train,fractured,original,IMG0002568.png,IMG0002568.png
train,fractured,original,IMG0002573.png,IMG0002573.png
train,fractured,original,IMG0002574.png,IMG0002574.png
train,fractured,original,IMG0002575.png,IMG0002575.png
train,fractured,original,IMG0002576.png,IMG0002576.png
train,fractured,original,IMG0002579.png,IMG0002579.png
train,fractured,original,IMG0002580.png,IMG0002580.png
train,fractured,original,IMG0002581.png,IMG0002581.png
train,fractured,original,IMG0002582.png,IMG0002582.png
train,fractured,original,IMG0002583.png,IMG0002583.png
train,fractured,original,IMG0002584.png,IMG0002584.png
train,fractured,original,IMG0002585.png,IMG0002585.png
train,fractured,original,IMG0002597.png,IMG0002597.png
train,fractured,original,IMG0002600.png,IMG0002600.png
train,fractured,original,IMG0002602.png,IMG0002602.png
train,fractured,original,IMG0002603.png,IMG0002603.png
train,fractured,original,IMG0002606.png,IMG0002606.png
train,fractured,original,IMG0002610.png,IMG0002610.png
train,fractured,original,IMG0002611.png,IMG0002611.png
train,fractured,original,IMG0002612.png,IMG0002612.png
train,fractured,original,IMG0002614.png,IMG0002614.png
train,fractured,original,IMG0002615.png,IMG0002615.png
train,fractured,original,IMG0002646.png,IMG0002646.png
train,fractured,original,IMG0002653.png,IMG0002653.png
train,fractured,original,IMG0002737.png,IMG0002737.png
train,fractured,original,IMG0002738.png,IMG0002738.png
train,fractured,original,IMG0002745.png,IMG0002745.png
train,fractured,original,IMG0002746.png,IMG0002746.png
train,fractured,original,IMG0002809.png,IMG0002809.png
train,fractured,original,IMG0002832.png,IMG0002832.png
train,fractured,original,IMG0002833.png,IMG0002833.png
train,fractured,original,IMG0002834.png,IMG0002834.png
train,fractured,original,IMG0002885.png,IMG0002885.png
train,fractured,original,IMG0002886.png,IMG0002886.png
train,fractured,original,IMG0002904.png,IMG0002904.png
train,fractured,original,IMG0002905.png,IMG0002905.png
train,fractured,original,IMG0002934.png,IMG0002934.png
train,fractured,original,IMG0002935.png,IMG0002935.png
train,fractured,original,IMG0002979.png,IMG0002979.png
train,fractured,original,IMG0002980.png,IMG0002980.png
train,fractured,original,IMG0002998.png,IMG0002998.png
train,fractured,original,IMG0003094.png,IMG0003094.png
train,fractured,original,IMG0003101.png,IMG0003101.png
train,fractured,original,IMG0003102.png,IMG0003102.png
train,fractured,original,IMG0003112.png,IMG0003112.png
train,fractured,original,IMG0003121.png,IMG0003121.png
train,fractured,original,IMG0003172.png,IMG0003172.png
train,fractured,original,IMG0003199.png,IMG0003199.png
train,fractured,original,IMG0003213.png,IMG0003213.png
train,fractured,original,IMG0003218.png,IMG0003218.png
train,fractured,original,IMG0003233.png,IMG0003233.png
train,fractured,original,IMG0003264.png,IMG0003264.png
train,fractured,original,IMG0003267.png,IMG0003267.png
train,fractured,original,IMG0003279.png,IMG0003279.png
train,fractured,original,IMG0003280.png,IMG0003280.png
train,fractured,original,IMG0003293.png,IMG0003293.png
train,fractured,original,IMG0003294.png,IMG0003294.png
train,fractured,original,IMG0003298.png,IMG0003298.png
train,fractured,original,IMG0003311.png,IMG0003311.png
train,fractured,original,IMG0003313.png,IMG0003313.png
train,fractured,original,IMG0003373.png,IMG0003373.png
train,fractured,original,IMG0003375.png,IMG0003375.png
train,fractured,original,IMG0003381.png,IMG0003381.png
train,fractured,original,IMG0003382.png,IMG0003382.png
train,fractured,original,IMG0003383.png,IMG0003383.png
train,fractured,original,IMG0003395.png,IMG0003395.png
train,fractured,original,IMG0003398.png,IMG0003398.png
train,fractured,original,IMG0003419.png,IMG0003419.png
train,fractured,original,IMG0003420.png,IMG0003420.png
train,fractured,original,IMG0003509.png,IMG0003509.png
train,fractured,original,IMG0003510.png,IMG0003510.png
train,fractured,original,IMG0003565.png,IMG0003565.png
train,fractured,original,IMG0003586.png,IMG0003586.png
train,fractured,original,IMG0003587.png,IMG0003587.png
train,fractured,original,IMG0003653.png,IMG0003653.png
train,fractured,original,IMG0003654.png,IMG0003654.png
train,fractured,original,IMG0003712.png,IMG0003712.png
train,fractured,original,IMG0003713.png,IMG0003713.png
train,fractured,original,IMG0003733.png,IMG0003733.png
train,fractured,original,IMG0003771.png,IMG0003771.png
train,fractured,original,IMG0003785.png,IMG0003785.png
train,fractured,original,IMG0003810.png,IMG0003810.png
train,fractured,original,IMG0003870.png,IMG0003870.png
train,fractured,original,IMG0003871.png,IMG0003871.png
train,fractured,original,IMG0003905.png,IMG0003905.png
train,fractured,original,IMG0003926.png,IMG0003926.png
train,fractured,original,IMG0003942.png,IMG0003942.png
train,fractured,original,IMG0003943.png,IMG0003943.png
train,fractured,original,IMG0004009.png,IMG0004009.png
train,fractured,original,IMG0004042.png,IMG0004042.png
train,fractured,original,IMG0004043.png,IMG0004043.png
train,fractured,original,IMG0004044.png,IMG0004044.png
train,fractured,original,IMG0004045.png,IMG0004045.png
train,fractured,original,IMG0004061.png,IMG0004061.png
train,fractured,original,IMG0004067.png,IMG0004067.png
train,fractured,original,IMG0004068.png,IMG0004068.png
train,fractured,original,IMG0004071.png,IMG0004071.png
train,fractured,original,IMG0004072.png,IMG0004072.png
train,fractured,original,IMG0004116.png,IMG0004116.png
train,fractured,original,IMG0004187.png,IMG0004187.png
train,fractured,original,IMG0004206.png,IMG0004206.png
train,fractured,original,IMG0004207.png,IMG0004207.png
train,fractured,original,IMG0004217.png,IMG0004217.png
train,fractured,original,IMG0004233.png,IMG0004233.png
train,fractured,original,IMG0004262.png,IMG0004262.png
train,fractured,original,IMG0004374.png,IMG0004374.png
train,fractured,original,IMG0004375.png,IMG0004375.png
train,non_fractured,original,12.png,12.png
train,non_fractured,original,13.png,13.png
train,non_fractured,original,15.png,15.png
train,non_fractured,original,17.png,17.png
train,non_fractured,original,18.png,18.png
train,non_fractured,original,19.png,19.png
train,non_fractured,original,20.png,20.png
train,non_fractured,original,22.png,22.png
train,non_fractured,original,23.png,23.png
train,non_fractured,original,24.png,24.png
train,non_fractured,original,25.png,25.png
train,non_fractured,original,26.png,26.png
train,non_fractured,original,27.png,27.png
train,non_fractured,original,28.png,28.png
train,non_fractured,original,29.png,29.png
train,non_fractured,original,3.png,3.png
train,non_fractured,original,31.png,31.png
train,non_fractured,original,32.png,32.png
train,non_fractured,original,33.png,33.png
train,non_fractured,original,35.png,35.png
train,non_fractured,original,37.png,37.png
train,non_fractured,original,38.png,38.png
train,non_fractured,original,39.png,39.png
train,non_fractured,original,4.png,4.png
train,non_fractured,original,40.png,40.png
train,non_fractured,original,42.png,42.png
train,non_fractured,original,43.png,43.png
train,non_fractured,original,44.png,44.png
train,non_fractured,original,45.png,45.png
train,non_fractured,original,46.png,46.png
train,non_fractured,original,48.png,48.png
train,non_fractured,original,50.png,50.png
train,non_fractured,original,54.png,54.png
train,non_fractured,original,55.png,55.png
train,non_fractured,original,56.png,56.png
train,non_fractured,original,57.png,57.png
train,non_fractured,original,58.png,58.png
train,non_fractured,original,59.png,59.png
train,non_fractured,original,6.png,6.png
train,non_fractured,original,60.png,60.png
train,non_fractured,original,62.png,62.png
train,non_fractured,original,63.png,63.png
train,non_fractured,original,64.png,64.png
train,non_fractured,original,66.png,66.png
train,non_fractured,original,67.png,67.png
train,non_fractured,original,68.png,68.png
train,non_fractured,original,69.png,69.png
train,non_fractured,original,7.png,7.png
train,non_fractured,original,70.png,70.png
train,non_fractured,original,71.png,71.png
train,non_fractured,original,73.png,73.png
train,non_fractured,original,75.png,75.png
train,non_fractured,original,76.png,76.png
train,non_fractured,original,IMG0000006.png,IMG0000006.png
train,non_fractured,original,IMG0000007.png,IMG0000007.png
train,non_fractured,original,IMG0000012.png,IMG0000012.png
train,non_fractured,original,IMG0000015.png,IMG0000015.png
train,non_fractured,original,IMG0000016.png,IMG0000016.png
train,non_fractured,original,IMG0000020.png,IMG0000020.png
train,non_fractured,original,IMG0000030.png,IMG0000030.png
train,non_fractured,original,IMG0000031.png,IMG0000031.png
train,non_fractured,original,IMG0000032.png,IMG0000032.png
train,non_fractured,original,IMG0000035.png,IMG0000035.png
train,non_fractured,original,IMG0000036.png,IMG0000036.png
train,non_fractured,original,IMG0000045.png,IMG0000045.png
train,non_fractured,original,IMG0000046.png,IMG0000046.png
train,non_fractured,original,IMG0000050.png,IMG0000050.png
train,non_fractured,original,IMG0000087.png,IMG0000087.png
train,non_fractured,original,IMG0000088.png,IMG0000088.png
train,non_fractured,original,IMG0000101.png,IMG0000101.png
train,non_fractured,original,IMG0000102.png,IMG0000102.png
train,non_fractured,original,IMG0000103.png,IMG0000103.png
train,non_fractured,original,IMG0000111.png,IMG0000111.png
train,non_fractured,original,IMG0000112.png,IMG0000112.png
train,non_fractured,original,IMG0000123.png,IMG0000123.png
train,non_fractured,original,IMG0000146.png,IMG0000146.png
train,non_fractured,original,IMG0000147.png,IMG0000147.png
train,non_fractured,original,IMG0000148.png,IMG0000148.png
train,non_fractured,original,IMG0000158.png,IMG0000158.png
train,non_fractured,original,IMG0000161.png,IMG0000161.png
train,non_fractured,original,IMG0000162.png,IMG0000162.png
train,non_fractured,original,IMG0000163.png,IMG0000163.png
train,non_fractured,original,IMG0000164.png,IMG0000164.png
train,non_fractured,original,IMG0000166.png,IMG0000166.png
train,non_fractured,original,IMG0000197.png,IMG0000197.png
train,non_fractured,original,IMG0000198.png,IMG0000198.png
train,non_fractured,original,IMG0000199.png,IMG0000199.png
train,non_fractured,original,IMG0000200.png,IMG0000200.png
train,non_fractured,original,IMG0000203.png,IMG0000203.png
train,non_fractured,original,IMG0000204.png,IMG0000204.png
train,non_fractured,original,IMG0000205.png,IMG0000205.png
train,non_fractured,original,IMG0000214.png,IMG0000214.png
train,non_fractured,original,IMG0000215.png,IMG0000215.png
train,non_fractured,original,IMG0000235.png,IMG0000235.png
train,non_fractured,original,IMG0000252.png,IMG0000252.png
train,non_fractured,original,IMG0000260.png,IMG0000260.png
train,non_fractured,original,IMG0000263.png,IMG0000263.png
train,non_fractured,original,IMG0000272.png,IMG0000272.png
train,non_fractured,original,IMG0000274.png,IMG0000274.png
train,non_fractured,original,IMG0000289.png,IMG0000289.png
train,non_fractured,original,IMG0000301.png,IMG0000301.png
train,non_fractured,original,IMG0000337.png,IMG0000337.png
train,non_fractured,original,IMG0000338.png,IMG0000338.png
train,non_fractured,original,IMG0000339.png,IMG0000339.png
train,non_fractured,original,IMG0000360.png,IMG0000360.png
train,non_fractured,original,IMG0000367.png,IMG0000367.png
train,non_fractured,original,IMG0000368.png,IMG0000368.png
train,non_fractured,original,IMG0000369.png,IMG0000369.png
train,non_fractured,original,IMG0000370.png,IMG0000370.png
train,non_fractured,original,IMG0000371.png,IMG0000371.png
train,non_fractured,original,IMG0000373.png,IMG0000373.png
train,non_fractured,original,IMG0000380.png,IMG0000380.png
train,non_fractured,original,IMG0000381.png,IMG0000381.png
train,non_fractured,original,IMG0000382.png,IMG0000382.png
train,non_fractured,original,IMG0000383.png,IMG0000383.png
train,non_fractured,original,IMG0000384.png,IMG0000384.png
train,non_fractured,original,IMG0000385.png,IMG0000385.png
train,non_fractured,original,IMG0000388.png,IMG0000388.png
train,non_fractured,original,IMG0000406.png,IMG0000406.png
train,non_fractured,original,IMG0000407.png,IMG0000407.png
train,non_fractured,original,IMG0000408.png,IMG0000408.png
train,non_fractured,original,IMG0000420.png,IMG0000420.png
train,non_fractured,original,IMG0000421.png,IMG0000421.png
train,non_fractured,original,IMG0000422.png,IMG0000422.png
train,non_fractured,original,IMG0000423.png,IMG0000423.png
train,non_fractured,original,IMG0000439.png,IMG0000439.png
train,non_fractured,original,IMG0000440.png,IMG0000440.png
train,non_fractured,original,IMG0000447.png,IMG0000447.png
train,non_fractured,original,IMG0000478.png,IMG0000478.png
train,non_fractured,original,IMG0000484.png,IMG0000484.png
train,non_fractured,original,IMG0000485.png,IMG0000485.png
train,non_fractured,original,IMG0000494.png,IMG0000494.png
train,non_fractured,original,IMG0000495.png,IMG0000495.png
train,non_fractured,original,IMG0000511.png,IMG0000511.png
train,non_fractured,original,IMG0000512.png,IMG0000512.png
train,non_fractured,original,IMG0000514.png,IMG0000514.png
train,non_fractured,original,IMG0000515.png,IMG0000515.png
train,non_fractured,original,IMG0000519.png,IMG0000519.png
train,non_fractured,original,IMG0000520.png,IMG0000520.png
train,non_fractured,original,IMG0000523.png,IMG0000523.png
train,non_fractured,original,IMG0000524.png,IMG0000524.png
train,non_fractured,original,IMG0000529.png,IMG0000529.png
train,non_fractured,original,IMG0000530.png,IMG0000530.png
train,non_fractured,original,IMG0000532.png,IMG0000532.png
train,non_fractured,original,IMG0000535.png,IMG0000535.png
train,non_fractured,original,IMG0000536.png,IMG0000536.png
train,non_fractured,original,IMG0000537.png,IMG0000537.png
train,non_fractured,original,IMG0000538.png,IMG0000538.png
train,non_fractured,original,IMG0000541.png,IMG0000541.png
train,non_fractured,original,IMG0000543.png,IMG0000543.png
train,non_fractured,original,IMG0000544.png,IMG0000544.png
train,non_fractured,original,IMG0000558.png,IMG0000558.png
train,non_fractured,original,IMG0000559.png,IMG0000559.png
train,non_fractured,original,IMG0000560.png,IMG0000560.png
train,non_fractured,original,IMG0000561.png,IMG0000561.png
train,non_fractured,original,IMG0000567.png,IMG0000567.png
train,non_fractured,original,IMG0000568.png,IMG0000568.png
train,non_fractured,original,IMG0000576.png,IMG0000576.png
train,non_fractured,original,IMG0000577.png,IMG0000577.png
train,non_fractured,original,IMG0000581.png,IMG0000581.png
train,non_fractured,original,IMG0000589.png,IMG0000589.png
train,non_fractured,original,IMG0000597.png,IMG0000597.png
train,non_fractured,original,IMG0000601.png,IMG0000601.png
train,non_fractured,original,IMG0000602.png,IMG0000602.png
train,non_fractured,original,IMG0000603.png,IMG0000603.png
train,non_fractured,original,IMG0000604.png,IMG0000604.png
train,non_fractured,original,IMG0000618.png,IMG0000618.png
train,non_fractured,original,IMG0000619.png,IMG0000619.png
train,non_fractured,original,IMG0000620.png,IMG0000620.png
train,non_fractured,original,IMG0000621.png,IMG0000621.png
train,non_fractured,original,IMG0000623.png,IMG0000623.png
train,non_fractured,original,IMG0000624.png,IMG0000624.png
train,non_fractured,original,IMG0000625.png,IMG0000625.png
train,non_fractured,original,IMG0000626.png,IMG0000626.png
train,non_fractured,original,IMG0000630.png,IMG0000630.png
train,non_fractured,original,IMG0000641.png,IMG0000641.png
train,non_fractured,original,IMG0000644.png,IMG0000644.png
train,non_fractured,original,IMG0000661.png,IMG0000661.png
train,non_fractured,original,IMG0000663.png,IMG0000663.png
train,non_fractured,original,IMG0000674.png,IMG0000674.png
train,non_fractured,original,IMG0000675.png,IMG0000675.png
train,non_fractured,original,IMG0000676.png,IMG0000676.png
train,non_fractured,original,IMG0000695.png,IMG0000695.png
train,non_fractured,original,IMG0000696.png,IMG0000696.png
train,non_fractured,original,IMG0000701.png,IMG0000701.png
train,non_fractured,original,IMG0000714.png,IMG0000714.png
train,non_fractured,original,IMG0000719.png,IMG0000719.png
train,non_fractured,original,IMG0000720.png,IMG0000720.png
train,non_fractured,original,IMG0000728.png,IMG0000728.png
train,non_fractured,original,IMG0000729.png,IMG0000729.png
train,non_fractured,original,IMG0000749.png,IMG0000749.png
train,non_fractured,original,IMG0000754.png,IMG0000754.png
train,non_fractured,original,IMG0000755.png,IMG0000755.png
train,non_fractured,original,IMG0000759.png,IMG0000759.png
train,non_fractured,original,IMG0000761.png,IMG0000761.png
train,non_fractured,original,IMG0000764.png,IMG0000764.png
train,non_fractured,original,IMG0000769.png,IMG0000769.png
train,non_fractured,original,IMG0000782.png,IMG0000782.png
train,non_fractured,original,IMG0000783.png,IMG0000783.png
train,non_fractured,original,IMG0000793.png,IMG0000793.png
train,non_fractured,original,IMG0000794.png,IMG0000794.png
train,non_fractured,original,IMG0000795.png,IMG0000795.png
train,non_fractured,original,IMG0000799.png,IMG0000799.png
train,non_fractured,original,IMG0000800.png,IMG0000800.png
train,non_fractured,original,IMG0000802.png,IMG0000802.png
train,non_fractured,original,IMG0000807.png,IMG0000807.png
train,non_fractured,original,IMG0000818.png,IMG0000818.png
train,non_fractured,original,IMG0000824.png,IMG0000824.png
train,non_fractured,original,IMG0000827.png,IMG0000827.png
train,non_fractured,original,IMG0000828.png,IMG0000828.png
train,non_fractured,original,IMG0000829.png,IMG0000829.png
train,non_fractured,original,IMG0000832.png,IMG0000832.png
train,non_fractured,original,IMG0000834.png,IMG0000834.png
train,non_fractured,original,IMG0000835.png,IMG0000835.png
train,non_fractured,original,IMG0000836.png,IMG0000836.png
train,non_fractured,original,IMG0000846.png,IMG0000846.png
train,non_fractured,original,IMG0000847.png,IMG0000847.png
train,non_fractured,original,IMG0000848.png,IMG0000848.png
train,non_fractured,original,IMG0000860.png,IMG0000860.png
train,non_fractured,original,IMG0000861.png,IMG0000861.png
train,non_fractured,original,IMG0000862.png,IMG0000862.png
train,non_fractured,original,IMG0000863.png,IMG0000863.png
train,non_fractured,original,IMG0000864.png,IMG0000864.png
train,non_fractured,original,IMG0000865.png,IMG0000865.png
train,non_fractured,original,IMG0000866.png,IMG0000866.png
train,non_fractured,original,IMG0000878.png,IMG0000878.png
train,non_fractured,original,IMG0000883.png,IMG0000883.png
train,non_fractured,original,IMG0000884.png,IMG0000884.png
train,non_fractured,original,IMG0000887.png,IMG0000887.png
train,non_fractured,original,IMG0000888.png,IMG0000888.png
train,non_fractured,original,IMG0000890.png,IMG0000890.png
train,non_fractured,original,IMG0000891.png,IMG0000891.png
train,non_fractured,original,IMG0000892.png,IMG0000892.png
train,non_fractured,original,IMG0000900.png,IMG0000900.png
train,non_fractured,original,IMG0000902.png,IMG0000902.png
train,non_fractured,original,IMG0000903.png,IMG0000903.png
train,non_fractured,original,IMG0000904.png,IMG0000904.png
train,non_fractured,original,IMG0000926.png,IMG0000926.png
train,non_fractured,original,IMG0000927.png,IMG0000927.png
train,non_fractured,original,IMG0000991.png,IMG0000991.png
train,non_fractured,original,IMG0000999.png,IMG0000999.png
train,non_fractured,original,IMG0001000.png,IMG0001000.png
train,non_fractured,original,IMG0001001.png,IMG0001001.png
train,non_fractured,original,IMG0001002.png,IMG0001002.png
train,non_fractured,original,IMG0001004.png,IMG0001004.png
train,non_fractured,original,IMG0001005.png,IMG0001005.png
train,non_fractured,original,IMG0001006.png,IMG0001006.png
train,non_fractured,original,IMG0001039.png,IMG0001039.png
train,non_fractured,original,IMG0001040.png,IMG0001040.png
train,non_fractured,original,IMG0001046.png,IMG0001046.png
train,non_fractured,original,IMG0001062.png,IMG0001062.png
train,non_fractured,original,IMG0001064.png,IMG0001064.png
train,non_fractured,original,IMG0001076.png,IMG0001076.png
train,non_fractured,original,IMG0001077.png,IMG0001077.png
train,non_fractured,original,IMG0001078.png,IMG0001078.png
train,non_fractured,original,IMG0001081.png,IMG0001081.png
train,non_fractured,original,IMG0001082.png,IMG0001082.png
train,non_fractured,original,IMG0001086.png,IMG0001086.png
train,non_fractured,original,IMG0001087.png,IMG0001087.png
train,non_fractured,original,IMG0001088.png,IMG0001088.png
train,non_fractured,original,IMG0001090.png,IMG0001090.png
train,non_fractured,original,IMG0001091.png,IMG0001091.png
train,non_fractured,original,IMG0001100.png,IMG0001100.png
train,non_fractured,original,IMG0001101.png,IMG0001101.png
train,non_fractured,original,IMG0001104.png,IMG0001104.png
train,non_fractured,original,IMG0001105.png,IMG0001105.png
train,non_fractured,original,IMG0001109.png,IMG0001109.png
train,non_fractured,original,IMG0001110.png,IMG0001110.png
train,non_fractured,original,IMG0001120.png,IMG0001120.png
train,non_fractured,original,IMG0001124.png,IMG0001124.png
train,non_fractured,original,IMG0001125.png,IMG0001125.png
train,non_fractured,original,IMG0001131.png,IMG0001131.png
train,non_fractured,original,IMG0001136.png,IMG0001136.png
train,non_fractured,original,IMG0001137.png,IMG0001137.png
train,non_fractured,original,IMG0001139.png,IMG0001139.png
train,non_fractured,original,IMG0001140.png,IMG0001140.png
train,non_fractured,original,IMG0001141.png,IMG0001141.png
train,non_fractured,original,IMG0001153.png,IMG0001153.png
train,non_fractured,original,IMG0001162.png,IMG0001162.png
train,non_fractured,original,IMG0001163.png,IMG0001163.png
train,non_fractured,original,IMG0001171.png,IMG0001171.png
train,non_fractured,original,IMG0001172.png,IMG0001172.png
train,non_fractured,original,IMG0001177.png,IMG0001177.png
train,non_fractured,original,IMG0001197.png,IMG0001197.png
train,non_fractured,original,IMG0001207.png,IMG0001207.png
train,non_fractured,original,IMG0001209.png,IMG0001209.png
train,non_fractured,original,IMG0001210.png,IMG0001210.png
train,non_fractured,original,IMG0001211.png,IMG0001211.png
train,non_fractured,original,IMG0001223.png,IMG0001223.png
train,non_fractured,original,IMG0001224.png,IMG0001224.png
train,non_fractured,original,IMG0001225.png,IMG0001225.png
train,non_fractured,original,IMG0001226.png,IMG0001226.png
train,non_fractured,original,IMG0001237.png,IMG0001237.png
train,non_fractured,original,IMG0001238.png,IMG0001238.png
train,non_fractured,original,IMG0001248.png,IMG0001248.png
train,non_fractured,original,IMG0001252.png,IMG0001252.png
train,non_fractured,original,IMG0001255.png,IMG0001255.png
train,non_fractured,original,IMG0001257.png,IMG0001257.png
train,non_fractured,original,IMG0001258.png,IMG0001258.png
train,non_fractured,original,IMG0001259.png,IMG0001259.png
train,non_fractured,original,IMG0001277.png,IMG0001277.png
train,non_fractured,original,IMG0001278.png,IMG0001278.png
train,non_fractured,original,IMG0001279.png,IMG0001279.png
train,non_fractured,original,IMG0001285.png,IMG0001285.png
train,non_fractured,original,IMG0001286.png,IMG0001286.png
train,non_fractured,original,IMG0001293.png,IMG0001293.png
train,non_fractured,original,IMG0001294.png,IMG0001294.png
train,non_fractured,original,IMG0001301.png,IMG0001301.png
train,non_fractured,original,IMG0001307.png,IMG0001307.png
train,non_fractured,original,IMG0001308.png,IMG0001308.png
train,non_fractured,original,IMG0001316.png,IMG0001316.png
train,non_fractured,original,IMG0001324.png,IMG0001324.png
train,non_fractured,original,IMG0001340.png,IMG0001340.png
train,non_fractured,original,IMG0001341.png,IMG0001341.png
train,non_fractured,original,IMG0001343.png,IMG0001343.png
train,non_fractured,original,IMG0001344.png,IMG0001344.png
train,non_fractured,original,IMG0001347.png,IMG0001347.png
train,non_fractured,original,IMG0001353.png,IMG0001353.png
train,non_fractured,original,IMG0001356.png,IMG0001356.png
train,non_fractured,original,IMG0001357.png,IMG0001357.png
train,non_fractured,original,IMG0001371.png,IMG0001371.png
train,non_fractured,original,IMG0001372.png,IMG0001372.png
train,non_fractured,original,IMG0001373.png,IMG0001373.png
train,non_fractured,original,IMG0001374.png,IMG0001374.png
train,non_fractured,original,IMG0001385.png,IMG0001385.png
train,non_fractured,original,IMG0001389.png,IMG0001389.png
train,non_fractured,original,IMG0001405.png,IMG0001405.png
train,non_fractured,original,IMG0001412.png,IMG0001412.png
train,non_fractured,original,IMG0001413.png,IMG0001413.png
train,non_fractured,original,IMG0001419.png,IMG0001419.png
train,non_fractured,original,IMG0001427.png,IMG0001427.png
train,non_fractured,original,IMG0001464.png,IMG0001464.png
train,non_fractured,original,IMG0001465.png,IMG0001465.png
train,non_fractured,original,IMG0001486.png,IMG0001486.png
train,non_fractured,original,IMG0001491.png,IMG0001491.png
train,non_fractured,original,IMG0001492.png,IMG0001492.png
train,non_fractured,original,IMG0001493.png,IMG0001493.png
train,non_fractured,original,IMG0001507.png,IMG0001507.png
train,non_fractured,original,IMG0001511.png,IMG0001511.png
train,non_fractured,original,IMG0001516.png,IMG0001516.png
train,non_fractured,original,IMG0001517.png,IMG0001517.png
train,non_fractured,original,IMG0001518.png,IMG0001518.png
train,non_fractured,original,IMG0001520.png,IMG0001520.png
train,non_fractured,original,IMG0001521.png,IMG0001521.png
train,non_fractured,original,IMG0001522.png,IMG0001522.png
train,non_fractured,original,IMG0001523.png,IMG0001523.png
train,non_fractured,original,IMG0001524.png,IMG0001524.png
train,non_fractured,original,IMG0001529.png,IMG0001529.png
train,non_fractured,original,IMG0001542.png,IMG0001542.png
train,non_fractured,original,IMG0001545.png,IMG0001545.png
train,non_fractured,original,IMG0001558.png,IMG0001558.png
train,non_fractured,original,IMG0001559.png,IMG0001559.png
train,non_fractured,original,IMG0001565.png,IMG0001565.png
train,non_fractured,original,IMG0001567.png,IMG0001567.png
train,non_fractured,original,IMG0001588.png,IMG0001588.png
train,non_fractured,original,IMG0001592.png,IMG0001592.png
train,non_fractured,original,IMG0001600.png,IMG0001600.png
train,non_fractured,original,IMG0001601.png,IMG0001601.png
train,non_fractured,original,IMG0001608.png,IMG0001608.png
train,non_fractured,original,IMG0001609.png,IMG0001609.png
train,non_fractured,original,IMG0001611.png,IMG0001611.png
train,non_fractured,original,IMG0001616.png,IMG0001616.png
train,non_fractured,original,IMG0001622.png,IMG0001622.png
train,non_fractured,original,IMG0001627.png,IMG0001627.png
train,non_fractured,original,IMG0001628.png,IMG0001628.png
train,non_fractured,original,IMG0001637.png,IMG0001637.png
train,non_fractured,original,IMG0001638.png,IMG0001638.png
train,non_fractured,original,IMG0001645.png,IMG0001645.png
train,non_fractured,original,IMG0001662.png,IMG0001662.png
train,non_fractured,original,IMG0001663.png,IMG0001663.png
train,non_fractured,original,IMG0001668.png,IMG0001668.png
train,non_fractured,original,IMG0001669.png,IMG0001669.png
train,non_fractured,original,IMG0001674.png,IMG0001674.png
train,non_fractured,original,IMG0001682.png,IMG0001682.png
train,non_fractured,original,IMG0001683.png,IMG0001683.png
train,non_fractured,original,IMG0001684.png,IMG0001684.png
train,non_fractured,original,IMG0001685.png,IMG0001685.png
train,non_fractured,original,IMG0001688.png,IMG0001688.png
train,non_fractured,original,IMG0001700.png,IMG0001700.png
train,non_fractured,original,IMG0001701.png,IMG0001701.png
train,non_fractured,original,IMG0001703.png,IMG0001703.png
train,non_fractured,original,IMG0001705.png,IMG0001705.png
train,non_fractured,original,IMG0001706.png,IMG0001706.png
train,non_fractured,original,IMG0001711.png,IMG0001711.png
train,non_fractured,original,IMG0001717.png,IMG0001717.png
train,non_fractured,original,IMG0001718.png,IMG0001718.png
train,non_fractured,original,IMG0001719.png,IMG0001719.png
train,non_fractured,original,IMG0001720.png,IMG0001720.png
train,non_fractured,original,IMG0001723.png,IMG0001723.png
train,non_fractured,original,IMG0001728.png,IMG0001728.png
train,non_fractured,original,IMG0001749.png,IMG0001749.png
train,non_fractured,original,IMG0001759.png,IMG0001759.png
train,non_fractured,original,IMG0001765.png,IMG0001765.png
train,non_fractured,original,IMG0001766.png,IMG0001766.png
train,non_fractured,original,IMG0001769.png,IMG0001769.png
train,non_fractured,original,IMG0001770.png,IMG0001770.png
train,non_fractured,original,IMG0001777.png,IMG0001777.png
train,non_fractured,original,IMG0001788.png,IMG0001788.png
train,non_fractured,original,IMG0001793.png,IMG0001793.png
train,non_fractured,original,IMG0001794.png,IMG0001794.png
train,non_fractured,original,IMG0001831.png,IMG0001831.png
train,non_fractured,original,IMG0001832.png,IMG0001832.png
train,non_fractured,original,IMG0001834.png,IMG0001834.png
train,non_fractured,original,IMG0001835.png,IMG0001835.png
train,non_fractured,original,IMG0001836.png,IMG0001836.png
train,non_fractured,original,IMG0001837.png,IMG0001837.png
train,non_fractured,original,IMG0001849.png,IMG0001849.png
train,non_fractured,original,IMG0001850.png,IMG0001850.png
train,non_fractured,original,IMG0001856.png,IMG0001856.png
train,non_fractured,original,IMG0001857.png,IMG0001857.png
train,non_fractured,original,IMG0001883.png,IMG0001883.png
train,non_fractured,original,IMG0001884.png,IMG0001884.png
train,non_fractured,original,IMG0001901.png,IMG0001901.png
train,non_fractured,original,IMG0001903.png,IMG0001903.png
train,non_fractured,original,IMG0001906.png,IMG0001906.png
train,non_fractured,original,IMG0001907.png,IMG0001907.png
train,non_fractured,original,IMG0001909.png,IMG0001909.png
train,non_fractured,original,IMG0001911.png,IMG0001911.png
train,non_fractured,original,IMG0001912.png,IMG0001912.png
train,non_fractured,original,IMG0001913.png,IMG0001913.png
train,non_fractured,original,IMG0001914.png,IMG0001914.png
train,non_fractured,original,IMG0001915.png,IMG0001915.png
train,non_fractured,original,IMG0001918.png,IMG0001918.png
train,non_fractured,original,IMG0001919.png,IMG0001919.png
train,non_fractured,original,IMG0001923.png,IMG0001923.png
train,non_fractured,original,IMG0001927.png,IMG0001927.png
train,non_fractured,original,IMG0001935.png,IMG0001935.png
train,non_fractured,original,IMG0001949.png,IMG0001949.png
train,non_fractured,original,IMG0001953.png,IMG0001953.png
train,non_fractured,original,IMG0001954.png,IMG0001954.png
train,non_fractured,original,IMG0001956.png,IMG0001956.png
train,non_fractured,original,IMG0001963.png,IMG0001963.png
train,non_fractured,original,IMG0001968.png,IMG0001968.png
train,non_fractured,original,IMG0001969.png,IMG0001969.png
train,non_fractured,original,IMG0001977.png,IMG0001977.png
train,non_fractured,original,IMG0001986.png,IMG0001986.png
train,non_fractured,original,IMG0001990.png,IMG0001990.png
train,non_fractured,original,IMG0001997.png,IMG0001997.png
train,non_fractured,original,IMG0001998.png,IMG0001998.png
train,non_fractured,original,IMG0002001.png,IMG0002001.png
train,non_fractured,original,IMG0002003.png,IMG0002003.png
train,non_fractured,original,IMG0002012.png,IMG0002012.png
train,non_fractured,original,IMG0002014.png,IMG0002014.png
train,non_fractured,original,IMG0002035.png,IMG0002035.png
train,non_fractured,original,IMG0002064.png,IMG0002064.png
train,non_fractured,original,IMG0002065.png,IMG0002065.png
train,non_fractured,original,IMG0002066.png,IMG0002066.png
train,non_fractured,original,IMG0002069.png,IMG0002069.png
train,non_fractured,original,IMG0002072.png,IMG0002072.png
train,non_fractured,original,IMG0002075.png,IMG0002075.png
train,non_fractured,original,IMG0002076.png,IMG0002076.png
train,non_fractured,original,IMG0002077.png,IMG0002077.png
train,non_fractured,original,IMG0002087.png,IMG0002087.png
train,non_fractured,original,IMG0002088.png,IMG0002088.png
train,non_fractured,original,IMG0002097.png,IMG0002097.png
train,non_fractured,original,IMG0002098.png,IMG0002098.png
train,non_fractured,original,IMG0002099.png,IMG0002099.png
train,non_fractured,original,IMG0002100.png,IMG0002100.png
train,non_fractured,original,IMG0002101.png,IMG0002101.png
train,non_fractured,original,IMG0002103.png,IMG0002103.png
train,non_fractured,original,IMG0002109.png,IMG0002109.png
train,non_fractured,original,IMG0002110.png,IMG0002110.png
train,non_fractured,original,IMG0002117.png,IMG0002117.png
train,non_fractured,original,IMG0002118.png,IMG0002118.png
train,non_fractured,original,IMG0002128.png,IMG0002128.png
train,non_fractured,original,IMG0002131.png,IMG0002131.png
train,non_fractured,original,IMG0002136.png,IMG0002136.png
train,non_fractured,original,IMG0002150.png,IMG0002150.png
train,non_fractured,original,IMG0002152.png,IMG0002152.png
train,non_fractured,original,IMG0002153.png,IMG0002153.png
train,non_fractured,original,IMG0002156.png,IMG0002156.png
train,non_fractured,original,IMG0002157.png,IMG0002157.png
train,non_fractured,original,IMG0002159.png,IMG0002159.png
train,non_fractured,original,IMG0002167.png,IMG0002167.png
train,non_fractured,original,IMG0002168.png,IMG0002168.png
train,non_fractured,original,IMG0002177.png,IMG0002177.png
train,non_fractured,original,IMG0002189.png,IMG0002189.png
train,non_fractured,original,IMG0002194.png,IMG0002194.png
train,non_fractured,original,IMG0002212.png,IMG0002212.png
train,non_fractured,original,IMG0002216.png,IMG0002216.png
train,non_fractured,original,IMG0002218.png,IMG0002218.png
train,non_fractured,original,IMG0002219.png,IMG0002219.png
train,non_fractured,original,IMG0002223.png,IMG0002223.png
train,non_fractured,original,IMG0002224.png,IMG0002224.png
train,non_fractured,original,IMG0002226.png,IMG0002226.png
train,non_fractured,original,IMG0002237.png,IMG0002237.png
train,non_fractured,original,IMG0002259.png,IMG0002259.png
train,non_fractured,original,IMG0002261.png,IMG0002261.png
train,non_fractured,original,IMG0002268.png,IMG0002268.png
train,non_fractured,original,IMG0002277.png,IMG0002277.png
train,non_fractured,original,IMG0002279.png,IMG0002279.png
train,non_fractured,original,IMG0002281.png,IMG0002281.png
train,non_fractured,original,IMG0002282.png,IMG0002282.png
train,non_fractured,original,IMG0002285.png,IMG0002285.png
train,non_fractured,original,IMG0002290.png,IMG0002290.png
train,non_fractured,original,IMG0002294.png,IMG0002294.png
train,non_fractured,original,IMG0002625.png,IMG0002625.png
train,non_fractured,original,IMG0002632.png,IMG0002632.png
train,non_fractured,original,IMG0002640.png,IMG0002640.png
train,non_fractured,original,IMG0002641.png,IMG0002641.png
train,non_fractured,original,IMG0002645.png,IMG0002645.png
train,non_fractured,original,IMG0002648.png,IMG0002648.png
train,non_fractured,original,IMG0002649.png,IMG0002649.png
train,non_fractured,original,IMG0002658.png,IMG0002658.png
train,non_fractured,original,IMG0002659.png,IMG0002659.png
train,non_fractured,original,IMG0002667.png,IMG0002667.png
train,non_fractured,original,IMG0002670.png,IMG0002670.png
train,non_fractured,original,IMG0002679.png,IMG0002679.png
train,non_fractured,original,IMG0002682.png,IMG0002682.png
train,non_fractured,original,IMG0002683.png,IMG0002683.png
train,non_fractured,original,IMG0002689.png,IMG0002689.png
train,non_fractured,original,IMG0002696.png,IMG0002696.png
train,non_fractured,original,IMG0002715.png,IMG0002715.png
train,non_fractured,original,IMG0002726.png,IMG0002726.png
train,non_fractured,original,IMG0002735.png,IMG0002735.png
train,non_fractured,original,IMG0002736.png,IMG0002736.png
train,non_fractured,original,IMG0002741.png,IMG0002741.png
train,non_fractured,original,IMG0002742.png,IMG0002742.png
train,non_fractured,original,IMG0002743.png,IMG0002743.png
train,non_fractured,original,IMG0002744.png,IMG0002744.png
train,non_fractured,original,IMG0002761.png,IMG0002761.png
train,non_fractured,original,IMG0002764.png,IMG0002764.png
train,non_fractured,original,IMG0002776.png,IMG0002776.png
train,non_fractured,original,IMG0002777.png,IMG0002777.png
train,non_fractured,original,IMG0002807.png,IMG0002807.png
train,non_fractured,original,IMG0002808.png,IMG0002808.png
train,non_fractured,original,IMG0002822.png,IMG0002822.png
train,non_fractured,original,IMG0002835.png,IMG0002835.png
train,non_fractured,original,IMG0002836.png,IMG0002836.png
train,non_fractured,original,IMG0002857.png,IMG0002857.png
train,non_fractured,original,IMG0002858.png,IMG0002858.png
train,non_fractured,original,IMG0002876.png,IMG0002876.png
train,non_fractured,original,IMG0002882.png,IMG0002882.png
train,non_fractured,original,IMG0002884.png,IMG0002884.png
train,non_fractured,original,IMG0002908.png,IMG0002908.png
train,non_fractured,original,IMG0002912.png,IMG0002912.png
train,non_fractured,original,IMG0002913.png,IMG0002913.png
train,non_fractured,original,IMG0002916.png,IMG0002916.png
train,non_fractured,original,IMG0002918.png,IMG0002918.png
train,non_fractured,original,IMG0002919.png,IMG0002919.png
train,non_fractured,original,IMG0002922.png,IMG0002922.png
train,non_fractured,original,IMG0002938.png,IMG0002938.png
train,non_fractured,original,IMG0002939.png,IMG0002939.png
train,non_fractured,original,IMG0002940.png,IMG0002940.png
train,non_fractured,original,IMG0002952.png,IMG0002952.png
train,non_fractured,original,IMG0002955.png,IMG0002955.png
train,non_fractured,original,IMG0002961.png,IMG0002961.png
train,non_fractured,original,IMG0002962.png,IMG0002962.png
train,non_fractured,original,IMG0002965.png,IMG0002965.png
train,non_fractured,original,IMG0002966.png,IMG0002966.png
train,non_fractured,original,IMG0002967.png,IMG0002967.png
train,non_fractured,original,IMG0002974.png,IMG0002974.png
train,non_fractured,original,IMG0002981.png,IMG0002981.png
train,non_fractured,original,IMG0002988.png,IMG0002988.png
train,non_fractured,original,IMG0003002.png,IMG0003002.png
train,non_fractured,original,IMG0003003.png,IMG0003003.png
train,non_fractured,original,IMG0003007.png,IMG0003007.png
train,non_fractured,original,IMG0003041.png,IMG0003041.png
train,non_fractured,original,IMG0003046.png,IMG0003046.png
train,non_fractured,original,IMG0003047.png,IMG0003047.png
train,non_fractured,original,IMG0003060.png,IMG0003060.png
train,non_fractured,original,IMG0003061.png,IMG0003061.png
train,non_fractured,original,IMG0003062.png,IMG0003062.png
train,non_fractured,original,IMG0003063.png,IMG0003063.png
train,non_fractured,original,IMG0003064.png,IMG0003064.png
train,non_fractured,original,IMG0003065.png,IMG0003065.png
train,non_fractured,original,IMG0003066.png,IMG0003066.png
train,non_fractured,original,IMG0003067.png,IMG0003067.png
train,non_fractured,original,IMG0003069.png,IMG0003069.png
train,non_fractured,original,IMG0003071.png,IMG0003071.png
train,non_fractured,original,IMG0003072.png,IMG0003072.png
train,non_fractured,original,IMG0003076.png,IMG0003076.png
train,non_fractured,original,IMG0003081.png,IMG0003081.png
train,non_fractured,original,IMG0003088.png,IMG0003088.png
train,non_fractured,original,IMG0003089.png,IMG0003089.png
train,non_fractured,original,IMG0003090.png,IMG0003090.png
train,non_fractured,original,IMG0003095.png,IMG0003095.png
train,non_fractured,original,IMG0003096.png,IMG0003096.png
train,non_fractured,original,IMG0003097.png,IMG0003097.png
train,non_fractured,original,IMG0003103.png,IMG0003103.png
train,non_fractured,original,IMG0003104.png,IMG0003104.png
train,non_fractured,original,IMG0003109.png,IMG0003109.png
train,non_fractured,original,IMG0003110.png,IMG0003110.png
train,non_fractured,original,IMG0003113.png,IMG0003113.png
train,non_fractured,original,IMG0003114.png,IMG0003114.png
train,non_fractured,original,IMG0003116.png,IMG0003116.png
train,non_fractured,original,IMG0003117.png,IMG0003117.png
train,non_fractured,original,IMG0003120.png,IMG0003120.png
train,non_fractured,original,IMG0003126.png,IMG0003126.png
train,non_fractured,original,IMG0003127.png,IMG0003127.png
train,non_fractured,original,IMG0003133.png,IMG0003133.png
train,non_fractured,original,IMG0003134.png,IMG0003134.png
train,non_fractured,original,IMG0003135.png,IMG0003135.png
train,non_fractured,original,IMG0003136.png,IMG0003136.png
train,non_fractured,original,IMG0003148.png,IMG0003148.png
train,non_fractured,original,IMG0003150.png,IMG0003150.png
train,non_fractured,original,IMG0003155.png,IMG0003155.png
train,non_fractured,original,IMG0003173.png,IMG0003173.png
train,non_fractured,original,IMG0003191.png,IMG0003191.png
train,non_fractured,original,IMG0003192.png,IMG0003192.png
train,non_fractured,original,IMG0003195.png,IMG0003195.png
train,non_fractured,original,IMG0003203.png,IMG0003203.png
train,non_fractured,original,IMG0003204.png,IMG0003204.png
train,non_fractured,original,IMG0003208.png,IMG0003208.png
train,non_fractured,original,IMG0003211.png,IMG0003211.png
train,non_fractured,original,IMG0003212.png,IMG0003212.png
train,non_fractured,original,IMG0003215.png,IMG0003215.png
train,non_fractured,original,IMG0003216.png,IMG0003216.png
train,non_fractured,original,IMG0003221.png,IMG0003221.png
train,non_fractured,original,IMG0003224.png,IMG0003224.png
train,non_fractured,original,IMG0003246.png,IMG0003246.png
train,non_fractured,original,IMG0003247.png,IMG0003247.png
train,non_fractured,original,IMG0003259.png,IMG0003259.png
train,non_fractured,original,IMG0003260.png,IMG0003260.png
train,non_fractured,original,IMG0003277.png,IMG0003277.png
train,non_fractured,original,IMG0003278.png,IMG0003278.png
train,non_fractured,original,IMG0003283.png,IMG0003283.png
train,non_fractured,original,IMG0003284.png,IMG0003284.png
train,non_fractured,original,IMG0003295.png,IMG0003295.png
train,non_fractured,original,IMG0003296.png,IMG0003296.png
train,non_fractured,original,IMG0003302.png,IMG0003302.png
train,non_fractured,original,IMG0003320.png,IMG0003320.png
train,non_fractured,original,IMG0003321.png,IMG0003321.png
train,non_fractured,original,IMG0003323.png,IMG0003323.png
train,non_fractured,original,IMG0003325.png,IMG0003325.png
train,non_fractured,original,IMG0003327.png,IMG0003327.png
train,non_fractured,original,IMG0003333.png,IMG0003333.png
train,non_fractured,original,IMG0003334.png,IMG0003334.png
train,non_fractured,original,IMG0003348.png,IMG0003348.png
train,non_fractured,original,IMG0003352.png,IMG0003352.png
train,non_fractured,original,IMG0003354.png,IMG0003354.png
train,non_fractured,original,IMG0003371.png,IMG0003371.png
train,non_fractured,original,IMG0003372.png,IMG0003372.png
train,non_fractured,original,IMG0003390.png,IMG0003390.png
train,non_fractured,original,IMG0003391.png,IMG0003391.png
train,non_fractured,original,IMG0003393.png,IMG0003393.png
train,non_fractured,original,IMG0003400.png,IMG0003400.png
train,non_fractured,original,IMG0003413.png,IMG0003413.png
train,non_fractured,original,IMG0003415.png,IMG0003415.png
train,non_fractured,original,IMG0003421.png,IMG0003421.png
train,non_fractured,original,IMG0003422.png,IMG0003422.png
train,non_fractured,original,IMG0003423.png,IMG0003423.png
train,non_fractured,original,IMG0003433.png,IMG0003433.png
train,non_fractured,original,IMG0003435.png,IMG0003435.png
train,non_fractured,original,IMG0003436.png,IMG0003436.png
train,non_fractured,original,IMG0003444.png,IMG0003444.png
train,non_fractured,original,IMG0003447.png,IMG0003447.png
train,non_fractured,original,IMG0003449.png,IMG0003449.png
train,non_fractured,original,IMG0003450.png,IMG0003450.png
train,non_fractured,original,IMG0003452.png,IMG0003452.png
train,non_fractured,original,IMG0003453.png,IMG0003453.png
train,non_fractured,original,IMG0003454.png,IMG0003454.png
train,non_fractured,original,IMG0003456.png,IMG0003456.png
train,non_fractured,original,IMG0003463.png,IMG0003463.png
train,non_fractured,original,IMG0003479.png,IMG0003479.png
train,non_fractured,original,IMG0003480.png,IMG0003480.png
train,non_fractured,original,IMG0003482.png,IMG0003482.png
train,non_fractured,original,IMG0003485.png,IMG0003485.png
train,non_fractured,original,IMG0003486.png,IMG0003486.png
train,non_fractured,original,IMG0003495.png,IMG0003495.png
train,non_fractured,original,IMG0003496.png,IMG0003496.png
train,non_fractured,original,IMG0003497.png,IMG0003497.png
train,non_fractured,original,IMG0003503.png,IMG0003503.png
train,non_fractured,original,IMG0003511.png,IMG0003511.png
train,non_fractured,original,IMG0003512.png,IMG0003512.png
train,non_fractured,original,IMG0003516.png,IMG0003516.png
train,non_fractured,original,IMG0003518.png,IMG0003518.png
train,non_fractured,original,IMG0003526.png,IMG0003526.png
train,non_fractured,original,IMG0003529.png,IMG0003529.png
train,non_fractured,original,IMG0003530.png,IMG0003530.png
train,non_fractured,original,IMG0003537.png,IMG0003537.png
train,non_fractured,original,IMG0003538.png,IMG0003538.png
train,non_fractured,original,IMG0003551.png,IMG0003551.png
train,non_fractured,original,IMG0003553.png,IMG0003553.png
train,non_fractured,original,IMG0003555.png,IMG0003555.png
train,non_fractured,original,IMG0003556.png,IMG0003556.png
train,non_fractured,original,IMG0003560.png,IMG0003560.png
train,non_fractured,original,IMG0003561.png,IMG0003561.png
train,non_fractured,original,IMG0003570.png,IMG0003570.png
train,non_fractured,original,IMG0003577.png,IMG0003577.png
train,non_fractured,original,IMG0003578.png,IMG0003578.png
train,non_fractured,original,IMG0003580.png,IMG0003580.png
train,non_fractured,original,IMG0003590.png,IMG0003590.png
train,non_fractured,original,IMG0003592.png,IMG0003592.png
train,non_fractured,original,IMG0003594.png,IMG0003594.png
train,non_fractured,original,IMG0003595.png,IMG0003595.png
train,non_fractured,original,IMG0003596.png,IMG0003596.png
train,non_fractured,original,IMG0003597.png,IMG0003597.png
train,non_fractured,original,IMG0003600.png,IMG0003600.png
train,non_fractured,original,IMG0003604.png,IMG0003604.png
train,non_fractured,original,IMG0003605.png,IMG0003605.png
train,non_fractured,original,IMG0003615.png,IMG0003615.png
train,non_fractured,original,IMG0003623.png,IMG0003623.png
train,non_fractured,original,IMG0003629.png,IMG0003629.png
train,non_fractured,original,IMG0003633.png,IMG0003633.png
train,non_fractured,original,IMG0003634.png,IMG0003634.png
train,non_fractured,original,IMG0003638.png,IMG0003638.png
train,non_fractured,original,IMG0003639.png,IMG0003639.png
train,non_fractured,original,IMG0003643.png,IMG0003643.png
train,non_fractured,original,IMG0003644.png,IMG0003644.png
train,non_fractured,original,IMG0003645.png,IMG0003645.png
train,non_fractured,original,IMG0003655.png,IMG0003655.png
train,non_fractured,original,IMG0003660.png,IMG0003660.png
train,non_fractured,original,IMG0003661.png,IMG0003661.png
train,non_fractured,original,IMG0003662.png,IMG0003662.png
train,non_fractured,original,IMG0003667.png,IMG0003667.png
train,non_fractured,original,IMG0003668.png,IMG0003668.png
train,non_fractured,original,IMG0003677.png,IMG0003677.png
train,non_fractured,original,IMG0003679.png,IMG0003679.png
train,non_fractured,original,IMG0003689.png,IMG0003689.png
train,non_fractured,original,IMG0003700.png,IMG0003700.png
train,non_fractured,original,IMG0003705.png,IMG0003705.png
train,non_fractured,original,IMG0003729.png,IMG0003729.png
train,non_fractured,original,IMG0003731.png,IMG0003731.png
train,non_fractured,original,IMG0003738.png,IMG0003738.png
train,non_fractured,original,IMG0003743.png,IMG0003743.png
train,non_fractured,original,IMG0003753.png,IMG0003753.png
train,non_fractured,original,IMG0003755.png,IMG0003755.png
train,non_fractured,original,IMG0003756.png,IMG0003756.png
train,non_fractured,original,IMG0003763.png,IMG0003763.png
train,non_fractured,original,IMG0003764.png,IMG0003764.png
train,non_fractured,original,IMG0003765.png,IMG0003765.png
train,non_fractured,original,IMG0003768.png,IMG0003768.png
train,non_fractured,original,IMG0003789.png,IMG0003789.png
train,non_fractured,original,IMG0003792.png,IMG0003792.png
train,non_fractured,original,IMG0003793.png,IMG0003793.png
train,non_fractured,original,IMG0003799.png,IMG0003799.png
train,non_fractured,original,IMG0003800.png,IMG0003800.png
train,non_fractured,original,IMG0003807.png,IMG0003807.png
train,non_fractured,original,IMG0003808.png,IMG0003808.png
train,non_fractured,original,IMG0003809.png,IMG0003809.png
train,non_fractured,original,IMG0003811.png,IMG0003811.png
train,non_fractured,original,IMG0003818.png,IMG0003818.png
train,non_fractured,original,IMG0003825.png,IMG0003825.png
train,non_fractured,original,IMG0003835.png,IMG0003835.png
train,non_fractured,original,IMG0003845.png,IMG0003845.png
train,non_fractured,original,IMG0003846.png,IMG0003846.png
train,non_fractured,original,IMG0003859.png,IMG0003859.png
train,non_fractured,original,IMG0003865.png,IMG0003865.png
train,non_fractured,original,IMG0003866.png,IMG0003866.png
train,non_fractured,original,IMG0003872.png,IMG0003872.png
train,non_fractured,original,IMG0003873.png,IMG0003873.png
train,non_fractured,original,IMG0003876.png,IMG0003876.png
train,non_fractured,original,IMG0003879.png,IMG0003879.png
train,non_fractured,original,IMG0003880.png,IMG0003880.png
train,non_fractured,original,IMG0003884.png,IMG0003884.png
train,non_fractured,original,IMG0003891.png,IMG0003891.png
train,non_fractured,original,IMG0003903.png,IMG0003903.png
train,non_fractured,original,IMG0003914.png,IMG0003914.png
train,non_fractured,original,IMG0003915.png,IMG0003915.png
train,non_fractured,original,IMG0003916.png,IMG0003916.png
train,non_fractured,original,IMG0003917.png,IMG0003917.png
train,non_fractured,original,IMG0003918.png,IMG0003918.png
train,non_fractured,original,IMG0003919.png,IMG0003919.png
train,non_fractured,original,IMG0003922.png,IMG0003922.png
train,non_fractured,original,IMG0003931.png,IMG0003931.png
train,non_fractured,original,IMG0003937.png,IMG0003937.png
train,non_fractured,original,IMG0003951.png,IMG0003951.png
train,non_fractured,original,IMG0003958.png,IMG0003958.png
train,non_fractured,original,IMG0003960.png,IMG0003960.png
train,non_fractured,original,IMG0003961.png,IMG0003961.png
train,non_fractured,original,IMG0003964.png,IMG0003964.png
train,non_fractured,original,IMG0003980.png,IMG0003980.png
train,non_fractured,original,IMG0003982.png,IMG0003982.png
train,non_fractured,original,IMG0003983.png,IMG0003983.png
train,non_fractured,original,IMG0003984.png,IMG0003984.png
train,non_fractured,original,IMG0003985.png,IMG0003985.png
train,non_fractured,original,IMG0003986.png,IMG0003986.png
train,non_fractured,original,IMG0003991.png,IMG0003991.png
train,non_fractured,original,IMG0003998.png,IMG0003998.png
train,non_fractured,original,IMG0003999.png,IMG0003999.png
train,non_fractured,original,IMG0004003.png,IMG0004003.png
train,non_fractured,original,IMG0004011.png,IMG0004011.png
train,non_fractured,original,IMG0004012.png,IMG0004012.png
train,non_fractured,original,IMG0004016.png,IMG0004016.png
train,non_fractured,original,IMG0004017.png,IMG0004017.png
train,non_fractured,original,IMG0004018.png,IMG0004018.png
train,non_fractured,original,IMG0004021.png,IMG0004021.png
train,non_fractured,original,IMG0004059.png,IMG0004059.png
train,non_fractured,original,IMG0004065.png,IMG0004065.png
train,non_fractured,original,IMG0004070.png,IMG0004070.png
train,non_fractured,original,IMG0004073.png,IMG0004073.png
train,non_fractured,original,IMG0004081.png,IMG0004081.png
train,non_fractured,original,IMG0004094.png,IMG0004094.png
train,non_fractured,original,IMG0004105.png,IMG0004105.png
train,non_fractured,original,IMG0004106.png,IMG0004106.png
train,non_fractured,original,IMG0004118.png,IMG0004118.png
train,non_fractured,original,IMG0004119.png,IMG0004119.png
train,non_fractured,original,IMG0004120.png,IMG0004120.png
train,non_fractured,original,IMG0004121.png,IMG0004121.png
train,non_fractured,original,IMG0004122.png,IMG0004122.png
train,non_fractured,original,IMG0004123.png,IMG0004123.png
train,non_fractured,original,IMG0004130.png,IMG0004130.png
train,non_fractured,original,IMG0004169.png,IMG0004169.png
train,non_fractured,original,IMG0004172.png,IMG0004172.png
train,non_fractured,original,IMG0004182.png,IMG0004182.png
train,non_fractured,original,IMG0004188.png,IMG0004188.png
train,non_fractured,original,IMG0004189.png,IMG0004189.png
train,non_fractured,original,IMG0004201.png,IMG0004201.png
train,non_fractured,original,IMG0004214.png,IMG0004214.png
train,non_fractured,original,IMG0004223.png,IMG0004223.png
train,non_fractured,original,IMG0004225.png,IMG0004225.png
train,non_fractured,original,IMG0004236.png,IMG0004236.png
train,non_fractured,original,IMG0004243.png,IMG0004243.png
train,non_fractured,original,IMG0004245.png,IMG0004245.png
train,non_fractured,original,IMG0004252.png,IMG0004252.png
train,non_fractured,original,IMG0004256.png,IMG0004256.png
train,non_fractured,original,IMG0004260.png,IMG0004260.png
train,non_fractured,original,IMG0004263.png,IMG0004263.png
train,non_fractured,original,IMG0004264.png,IMG0004264.png
train,non_fractured,original,IMG0004265.png,IMG0004265.png
train,non_fractured,original,IMG0004270.png,IMG0004270.png
train,non_fractured,original,IMG0004273.png,IMG0004273.png
train,non_fractured,original,IMG0004274.png,IMG0004274.png
train,non_fractured,original,IMG0004278.png,IMG0004278.png
train,non_fractured,original,IMG0004284.png,IMG0004284.png
train,non_fractured,original,IMG0004286.png,IMG0004286.png
train,non_fractured,original,IMG0004287.png,IMG0004287.png
train,non_fractured,original,IMG0004291.png,IMG0004291.png
train,non_fractured,original,IMG0004297.png,IMG0004297.png
train,non_fractured,original,IMG0004298.png,IMG0004298.png
train,non_fractured,original,IMG0004302.png,IMG0004302.png
train,non_fractured,original,IMG0004307.png,IMG0004307.png
train,non_fractured,original,IMG0004310.png,IMG0004310.png
train,non_fractured,original,IMG0004314.png,IMG0004314.png
train,non_fractured,original,IMG0004346.png,IMG0004346.png
train,fractured,augmented,aug_0001_1 Male (A View).png,1 Male (A View).png
train,fractured,augmented,aug_0002_1 Male (L View).png,1 Male (L View).png
train,fractured,augmented,aug_0003_10 Male (A View).png,10 Male (A View).png
train,fractured,augmented,aug_0004_10 Male (L View).png,10 Male (L View).png
train,fractured,augmented,aug_0005_11 Male (A View).png,11 Male (A View).png
train,fractured,augmented,aug_0006_11 Male (L View).png,11 Male (L View).png
train,fractured,augmented,aug_0007_15 Male (A View).png,15 Male (A View).png
train,fractured,augmented,aug_0008_15 Male (L View).png,15 Male (L View).png
train,fractured,augmented,aug_0009_16 Female (A View).png,16 Female (A View).png
train,fractured,augmented,aug_0010_16 Female (L View).png,16 Female (L View).png
train,fractured,augmented,aug_0011_2 Male (A View).png,2 Male (A View).png
train,fractured,augmented,aug_0012_2 Male (L View).png,2 Male (L View).png
train,fractured,augmented,aug_0013_27 Male (A View).png,27 Male (A View).png
train,fractured,augmented,aug_0014_27 Male (L View).png,27 Male (L View).png
train,fractured,augmented,aug_0015_3 Male (A View).png,3 Male (A View).png
train,fractured,augmented,aug_0016_3 Male (L View).png,3 Male (L View).png
train,fractured,augmented,aug_0017_35 Male (A View).png,35 Male (A View).png
train,fractured,augmented,aug_0018_35 Male (L View).png,35 Male (L View).png
train,fractured,augmented,aug_0019_36 Male (A View).png,36 Male (A View).png
train,fractured,augmented,aug_0020_36 Male (A2 View).png,36 Male (A2 View).png
train,fractured,augmented,aug_0021_37 Male (A View).png,37 Male (A View).png
train,fractured,augmented,aug_0022_37 Male (L View).png,37 Male (L View).png
train,fractured,augmented,aug_0023_39 F (A View).png,39 F (A View).png
train,fractured,augmented,aug_0024_39 F (L View).png,39 F (L View).png
train,fractured,augmented,aug_0025_4 Male ( A View).png,4 Male ( A View).png
train,fractured,augmented,aug_0026_4 Male (L View).png,4 Male (L View).png
train,fractured,augmented,aug_0027_40 F (L View).png,40 F (L View).png
train,fractured,augmented,aug_0028_43 Male (A View).png,43 Male (A View).png
train,fractured,augmented,aug_0029_43 Male (L View).png,43 Male (L View).png
train,fractured,augmented,aug_0030_44 F (A View).png,44 F (A View).png
train,fractured,augmented,aug_0031_44 F (L View).png,44 F (L View).png
train,fractured,augmented,aug_0032_45 F (A View).png,45 F (A View).png
train,fractured,augmented,aug_0033_45 F (L View).png,45 F (L View).png
train,fractured,augmented,aug_0034_47 Male (A View).png,47 Male (A View).png
train,fractured,augmented,aug_0035_47 Male (L View).png,47 Male (L View).png
train,fractured,augmented,aug_0036_48 Male (A View).png,48 Male (A View).png
train,fractured,augmented,aug_0037_48 Male (L View).png,48 Male (L View).png
train,fractured,augmented,aug_0038_5 Male (A View).png,5 Male (A View).png
train,fractured,augmented,aug_0039_5 Male (L View).png,5 Male (L View).png
train,fractured,augmented,aug_0040_51 Male (A View).png,51 Male (A View).png
train,fractured,augmented,aug_0041_51 Male (L View).png,51 Male (L View).png
train,fractured,augmented,aug_0042_54 Male (A View).png,54 Male (A View).png
train,fractured,augmented,aug_0043_54 Male (L View).png,54 Male (L View).png
train,fractured,augmented,aug_0044_57 F (A View).png,57 F (A View).png
train,fractured,augmented,aug_0045_57 F (L View).png,57 F (L View).png
train,fractured,augmented,aug_0046_58 F (L View).png,58 F (L View).png
train,fractured,augmented,aug_0047_59 F (A View).png,59 F (A View).png
train,fractured,augmented,aug_0048_62 F (A View).png,62 F (A View).png
train,fractured,augmented,aug_0049_62 F (L View).png,62 F (L View).png
train,fractured,augmented,aug_0050_63 Male (A View).png,63 Male (A View).png
train,fractured,augmented,aug_0051_63 Male (L View).png,63 Male (L View).png
train,fractured,augmented,aug_0052_64 M (A View).png,64 M (A View).png
train,fractured,augmented,aug_0053_65 Male (A View).png,65 Male (A View).png
train,fractured,augmented,aug_0054_65 Male (L View).png,65 Male (L View).png
train,fractured,augmented,aug_0055_66 F (L View).png,66 F (L View).png
train,fractured,augmented,aug_0056_67 Male (A View).png,67 Male (A View).png
train,fractured,augmented,aug_0057_67 Male (L View).png,67 Male (L View).png
train,fractured,augmented,aug_0058_68 F (L View).png,68 F (L View).png
train,fractured,augmented,aug_0059_7 Male (L View).png,7 Male (L View).png
train,fractured,augmented,aug_0060_74 M (A View).png,74 M (A View).png
train,fractured,augmented,aug_0061_82 Male (A View).png,82 Male (A View).png
train,fractured,augmented,aug_0062_82 Male (L View).png,82 Male (L View).png
train,fractured,augmented,aug_0063_85 Male (A View).png,85 Male (A View).png
train,fractured,augmented,aug_0064_85 Male (L View).png,85 Male (L View).png
train,fractured,augmented,aug_0065_86 F (L View).png,86 F (L View).png
train,fractured,augmented,aug_0066_87 F (A View).png,87 F (A View).png
train,fractured,augmented,aug_0067_87 F (L View).png,87 F (L View).png
train,fractured,augmented,aug_0068_88 Male (A View).png,88 Male (A View).png
train,fractured,augmented,aug_0069_88 Male (L View).png,88 Male (L View).png
train,fractured,augmented,aug_0070_89 Male (L View).png,89 Male (L View).png
train,fractured,augmented,aug_0071_89 Male.png,89 Male.png
train,fractured,augmented,aug_0072_9 Male (A View).png,9 Male (A View).png
train,fractured,augmented,aug_0073_9 Male (L View).png,9 Male (L View).png
train,fractured,augmented,aug_0074_90 Male (A View).png,90 Male (A View).png
train,fractured,augmented,aug_0075_90 Male (L View).png,90 Male (L View).png
train,fractured,augmented,aug_0076_91 Male (A View).png,91 Male (A View).png
train,fractured,augmented,aug_0077_91 Male (L View).png,91 Male (L View).png
train,fractured,augmented,aug_0078_92 Male (A View).png,92 Male (A View).png
train,fractured,augmented,aug_0079_92 Male (L View).png,92 Male (L View).png
train,fractured,augmented,aug_0080_93 F (L View).png,93 F (L View).png
train,fractured,augmented,aug_0081_94 F (L View).png,94 F (L View).png
train,fractured,augmented,aug_0082_IMG0000019.png,IMG0000019.png
train,fractured,augmented,aug_0083_IMG0000044.png,IMG0000044.png
train,fractured,augmented,aug_0084_IMG0000057.png,IMG0000057.png
train,fractured,augmented,aug_0085_IMG0000059.png,IMG0000059.png
train,fractured,augmented,aug_0086_IMG0000142.png,IMG0000142.png
train,fractured,augmented,aug_0087_IMG0000143.png,IMG0000143.png
train,fractured,augmented,aug_0088_IMG0000144.png,IMG0000144.png
train,fractured,augmented,aug_0089_IMG0000155.png,IMG0000155.png
train,fractured,augmented,aug_0090_IMG0000189.png,IMG0000189.png
train,fractured,augmented,aug_0091_IMG0000190.png,IMG0000190.png
train,fractured,augmented,aug_0092_IMG0000206.png,IMG0000206.png
train,fractured,augmented,aug_0093_IMG0000207.png,IMG0000207.png
train,fractured,augmented,aug_0094_IMG0000261.png,IMG0000261.png
train,fractured,augmented,aug_0095_IMG0000307.png,IMG0000307.png
train,fractured,augmented,aug_0096_IMG0000351.png,IMG0000351.png
train,fractured,augmented,aug_0097_IMG0000352.png,IMG0000352.png
train,fractured,augmented,aug_0098_IMG0000599.png,IMG0000599.png
train,fractured,augmented,aug_0099_IMG0000671.png,IMG0000671.png
train,fractured,augmented,aug_0100_IMG0000692.png,IMG0000692.png
train,fractured,augmented,aug_0101_IMG0000702.png,IMG0000702.png
train,fractured,augmented,aug_0102_IMG0000750.png,IMG0000750.png
train,fractured,augmented,aug_0103_IMG0000751.png,IMG0000751.png
train,fractured,augmented,aug_0104_IMG0000758.png,IMG0000758.png
train,fractured,augmented,aug_0105_IMG0000762.png,IMG0000762.png
train,fractured,augmented,aug_0106_IMG0000801.png,IMG0000801.png
train,fractured,augmented,aug_0107_IMG0000804.png,IMG0000804.png
train,fractured,augmented,aug_0108_IMG0000844.png,IMG0000844.png
train,fractured,augmented,aug_0109_IMG0000845.png,IMG0000845.png
train,fractured,augmented,aug_0110_IMG0000851.png,IMG0000851.png
train,fractured,augmented,aug_0111_IMG0001008.png,IMG0001008.png
train,fractured,augmented,aug_0112_IMG0001025.png,IMG0001025.png
train,fractured,augmented,aug_0113_IMG0001026.png,IMG0001026.png
train,fractured,augmented,aug_0114_IMG0001041.png,IMG0001041.png
train,fractured,augmented,aug_0115_IMG0001073.png,IMG0001073.png
train,fractured,augmented,aug_0116_IMG0001147.png,IMG0001147.png
train,fractured,augmented,aug_0117_IMG0001151.png,IMG0001151.png
train,fractured,augmented,aug_0118_IMG0001152.png,IMG0001152.png
train,fractured,augmented,aug_0119_IMG0001198.png,IMG0001198.png
train,fractured,augmented,aug_0120_IMG0001200.png,IMG0001200.png
train,fractured,augmented,aug_0121_IMG0001236.png,IMG0001236.png
train,fractured,augmented,aug_0122_IMG0001361.png,IMG0001361.png
train,fractured,augmented,aug_0123_IMG0001362.png,IMG0001362.png
train,fractured,augmented,aug_0124_IMG0001366.png,IMG0001366.png
train,fractured,augmented,aug_0125_IMG0001410.png,IMG0001410.png
train,fractured,augmented,aug_0126_IMG0001428.png,IMG0001428.png
train,fractured,augmented,aug_0127_IMG0001440.png,IMG0001440.png
train,fractured,augmented,aug_0128_IMG0001441.png,IMG0001441.png
train,fractured,augmented,aug_0129_IMG0001494.png,IMG0001494.png
train,fractured,augmented,aug_0130_IMG0001495.png,IMG0001495.png
train,fractured,augmented,aug_0131_IMG0001546.png,IMG0001546.png
train,fractured,augmented,aug_0132_IMG0001572.png,IMG0001572.png
train,fractured,augmented,aug_0133_IMG0001639.png,IMG0001639.png
train,fractured,augmented,aug_0134_IMG0001640.png,IMG0001640.png
train,fractured,augmented,aug_0135_IMG0001738.png,IMG0001738.png
train,fractured,augmented,aug_0136_IMG0001739.png,IMG0001739.png
train,fractured,augmented,aug_0137_IMG0001762.png,IMG0001762.png
train,fractured,augmented,aug_0138_IMG0001763.png,IMG0001763.png
train,fractured,augmented,aug_0139_IMG0001780.png,IMG0001780.png
train,fractured,augmented,aug_0140_IMG0001781.png,IMG0001781.png
train,fractured,augmented,aug_0141_IMG0001933.png,IMG0001933.png
train,fractured,augmented,aug_0142_IMG0001934.png,IMG0001934.png
train,fractured,augmented,aug_0143_IMG0001938.png,IMG0001938.png
train,fractured,augmented,aug_0144_IMG0001939.png,IMG0001939.png
train,fractured,augmented,aug_0145_IMG0001948.png,IMG0001948.png
train,fractured,augmented,aug_0146_IMG0001970.png,IMG0001970.png
train,fractured,augmented,aug_0147_IMG0001971.png,IMG0001971.png
train,fractured,augmented,aug_0148_IMG0002020.png,IMG0002020.png
train,fractured,augmented,aug_0149_IMG0002105.png,IMG0002105.png
train,fractured,augmented,aug_0150_IMG0002126.png,IMG0002126.png
train,fractured,augmented,aug_0151_IMG0002127.png,IMG0002127.png
train,fractured,augmented,aug_0152_IMG0002181.png,IMG0002181.png
train,fractured,augmented,aug_0153_IMG0002225.png,IMG0002225.png
train,fractured,augmented,aug_0154_IMG0002265.png,IMG0002265.png
train,fractured,augmented,aug_0155_IMG0002272.png,IMG0002272.png
train,fractured,augmented,aug_0156_IMG0002287.png,IMG0002287.png
train,fractured,augmented,aug_0157_IMG0002298.png,IMG0002298.png
train,fractured,augmented,aug_0158_IMG0002299.png,IMG0002299.png
train,fractured,augmented,aug_0159_IMG0002300.png,IMG0002300.png
train,fractured,augmented,aug_0160_IMG0002309.png,IMG0002309.png
train,fractured,augmented,aug_0161_IMG0002311.png,IMG0002311.png
train,fractured,augmented,aug_0162_IMG0002312.png,IMG0002312.png
train,fractured,augmented,aug_0163_IMG0002315.png,IMG0002315.png
train,fractured,augmented,aug_0164_IMG0002317.png,IMG0002317.png
train,fractured,augmented,aug_0165_IMG0002318.png,IMG0002318.png
train,fractured,augmented,aug_0166_IMG0002325.png,IMG0002325.png
train,fractured,augmented,aug_0167_IMG0002326.png,IMG0002326.png
train,fractured,augmented,aug_0168_IMG0002327.png,IMG0002327.png
train,fractured,augmented,aug_0169_IMG0002328.png,IMG0002328.png
train,fractured,augmented,aug_0170_IMG0002331.png,IMG0002331.png
train,fractured,augmented,aug_0171_IMG0002332.png,IMG0002332.png
train,fractured,augmented,aug_0172_IMG0002334.png,IMG0002334.png
train,fractured,augmented,aug_0173_IMG0002350.png,IMG0002350.png
train,fractured,augmented,aug_0174_IMG0002351.png,IMG0002351.png
train,fractured,augmented,aug_0175_IMG0002352.png,IMG0002352.png
train,fractured,augmented,aug_0176_IMG0002354.png,IMG0002354.png
train,fractured,augmented,aug_0177_IMG0002355.png,IMG0002355.png
train,fractured,augmented,aug_0178_IMG0002357.png,IMG0002357.png
train,fractured,augmented,aug_0179_IMG0002358.png,IMG0002358.png
train,fractured,augmented,aug_0180_IMG0002359.png,IMG0002359.png
train,fractured,augmented,aug_0181_IMG0002360.png,IMG0002360.png
train,fractured,augmented,aug_0182_IMG0002361.png,IMG0002361.png
train,fractured,augmented,aug_0183_IMG0002362.png,IMG0002362.png
train,fractured,augmented,aug_0184_IMG0002364.png,IMG0002364.png
train,fractured,augmented,aug_0185_IMG0002365.png,IMG0002365.png
train,fractured,augmented,aug_0186_IMG0002375.png,IMG0002375.png
train,fractured,augmented,aug_0187_IMG0002377.png,IMG0002377.png
train,fractured,augmented,aug_0188_IMG0002380.png,IMG0002380.png
train,fractured,augmented,aug_0189_IMG0002381.png,IMG0002381.png
train,fractured,augmented,aug_0190_IMG0002382.png,IMG0002382.png
train,fractured,augmented,aug_0191_IMG0002388.png,IMG0002388.png
train,fractured,augmented,aug_0192_IMG0002392.png,IMG0002392.png
train,fractured,augmented,aug_0193_IMG0002394.png,IMG0002394.png
train,fractured,augmented,aug_0194_IMG0002395.png,IMG0002395.png
train,fractured,augmented,aug_0195_IMG0002396.png,IMG0002396.png
train,fractured,augmented,aug_0196_IMG0002397.png,IMG0002397.png
train,fractured,augmented,aug_0197_IMG0002398.png,IMG0002398.png
train,fractured,augmented,aug_0198_IMG0002402.png,IMG0002402.png
train,fractured,augmented,aug_0199_IMG0002405.png,IMG0002405.png
train,fractured,augmented,aug_0200_IMG0002408.png,IMG0002408.png
train,fractured,augmented,aug_0201_IMG0002410.png,IMG0002410.png
train,fractured,augmented,aug_0202_IMG0002411.png,IMG0002411.png
train,fractured,augmented,aug_0203_IMG0002412.png,IMG0002412.png
train,fractured,augmented,aug_0204_IMG0002413.png,IMG0002413.png
train,fractured,augmented,aug_0205_IMG0002414.png,IMG0002414.png
train,fractured,augmented,aug_0206_IMG0002415.png,IMG0002415.png
train,fractured,augmented,aug_0207_IMG0002421.png,IMG0002421.png
train,fractured,augmented,aug_0208_IMG0002422.png,IMG0002422.png
train,fractured,augmented,aug_0209_IMG0002423.png,IMG0002423.png
train,fractured,augmented,aug_0210_IMG0002445.png,IMG0002445.png
train,fractured,augmented,aug_0211_IMG0002446.png,IMG0002446.png
train,fractured,augmented,aug_0212_IMG0002450.png,IMG0002450.png
train,fractured,augmented,aug_0213_IMG0002463.png,IMG0002463.png
train,fractured,augmented,aug_0214_IMG0002464.png,IMG0002464.png
train,fractured,augmented,aug_0215_IMG0002465.png,IMG0002465.png
train,fractured,augmented,aug_0216_IMG0002466.png,IMG0002466.png
train,fractured,augmented,aug_0217_IMG0002467.png,IMG0002467.png
train,fractured,augmented,aug_0218_IMG0002469.png,IMG0002469.png
train,fractured,augmented,aug_0219_IMG0002470.png,IMG0002470.png
train,fractured,augmented,aug_0220_IMG0002480.png,IMG0002480.png
train,fractured,augmented,aug_0221_IMG0002481.png,IMG0002481.png
train,fractured,augmented,aug_0222_IMG0002482.png,IMG0002482.png
train,fractured,augmented,aug_0223_IMG0002484.png,IMG0002484.png
train,fractured,augmented,aug_0224_IMG0002485.png,IMG0002485.png
train,fractured,augmented,aug_0225_IMG0002486.png,IMG0002486.png
train,fractured,augmented,aug_0226_IMG0002487.png,IMG0002487.png
train,fractured,augmented,aug_0227_IMG0002488.png,IMG0002488.png
train,fractured,augmented,aug_0228_IMG0002492.png,IMG0002492.png
train,fractured,augmented,aug_0229_IMG0002496.png,IMG0002496.png
train,fractured,augmented,aug_0230_IMG0002497.png,IMG0002497.png
train,fractured,augmented,aug_0231_IMG0002498.png,IMG0002498.png
train,fractured,augmented,aug_0232_IMG0002500.png,IMG0002500.png
train,fractured,augmented,aug_0233_IMG0002501.png,IMG0002501.png
train,fractured,augmented,aug_0234_IMG0002503.png,IMG0002503.png
train,fractured,augmented,aug_0235_IMG0002504.png,IMG0002504.png
train,fractured,augmented,aug_0236_IMG0002508.png,IMG0002508.png
train,fractured,augmented,aug_0237_IMG0002512.png,IMG0002512.png
train,fractured,augmented,aug_0238_IMG0002516.png,IMG0002516.png
train,fractured,augmented,aug_0239_IMG0002517.png,IMG0002517.png
train,fractured,augmented,aug_0240_IMG0002518.png,IMG0002518.png
train,fractured,augmented,aug_0241_IMG0002524.png,IMG0002524.png
train,fractured,augmented,aug_0242_IMG0002530.png,IMG0002530.png
train,fractured,augmented,aug_0243_IMG0002531.png,IMG0002531.png
train,fractured,augmented,aug_0244_IMG0002532.png,IMG0002532.png
train,fractured,augmented,aug_0245_IMG0002551.png,IMG0002551.png
train,fractured,augmented,aug_0246_IMG0002552.png,IMG0002552.png
train,fractured,augmented,aug_0247_IMG0002560.png,IMG0002560.png
train,fractured,augmented,aug_0248_IMG0002561.png,IMG0002561.png
train,fractured,augmented,aug_0249_IMG0002564.png,IMG0002564.png
train,fractured,augmented,aug_0250_IMG0002568.png,IMG0002568.png
train,fractured,augmented,aug_0251_IMG0002573.png,IMG0002573.png
train,fractured,augmented,aug_0252_IMG0002574.png,IMG0002574.png
train,fractured,augmented,aug_0253_IMG0002575.png,IMG0002575.png
train,fractured,augmented,aug_0254_IMG0002576.png,IMG0002576.png
train,fractured,augmented,aug_0255_IMG0002579.png,IMG0002579.png
train,fractured,augmented,aug_0256_IMG0002580.png,IMG0002580.png
train,fractured,augmented,aug_0257_IMG0002581.png,IMG0002581.png
train,fractured,augmented,aug_0258_IMG0002582.png,IMG0002582.png
train,fractured,augmented,aug_0259_IMG0002583.png,IMG0002583.png
train,fractured,augmented,aug_0260_IMG0002584.png,IMG0002584.png
train,fractured,augmented,aug_0261_IMG0002585.png,IMG0002585.png
train,fractured,augmented,aug_0262_IMG0002597.png,IMG0002597.png
train,fractured,augmented,aug_0263_IMG0002600.png,IMG0002600.png
train,fractured,augmented,aug_0264_IMG0002602.png,IMG0002602.png
train,fractured,augmented,aug_0265_IMG0002603.png,IMG0002603.png
train,fractured,augmented,aug_0266_IMG0002606.png,IMG0002606.png
train,fractured,augmented,aug_0267_IMG0002610.png,IMG0002610.png
train,fractured,augmented,aug_0268_IMG0002611.png,IMG0002611.png
train,fractured,augmented,aug_0269_IMG0002612.png,IMG0002612.png
train,fractured,augmented,aug_0270_IMG0002614.png,IMG0002614.png
train,fractured,augmented,aug_0271_IMG0002615.png,IMG0002615.png
train,fractured,augmented,aug_0272_IMG0002646.png,IMG0002646.png
train,fractured,augmented,aug_0273_IMG0002653.png,IMG0002653.png
train,fractured,augmented,aug_0274_IMG0002737.png,IMG0002737.png
train,fractured,augmented,aug_0275_IMG0002738.png,IMG0002738.png
train,fractured,augmented,aug_0276_IMG0002745.png,IMG0002745.png
train,fractured,augmented,aug_0277_IMG0002746.png,IMG0002746.png
train,fractured,augmented,aug_0278_IMG0002809.png,IMG0002809.png
train,fractured,augmented,aug_0279_IMG0002832.png,IMG0002832.png
train,fractured,augmented,aug_0280_IMG0002833.png,IMG0002833.png
train,fractured,augmented,aug_0281_IMG0002834.png,IMG0002834.png
train,fractured,augmented,aug_0282_IMG0002885.png,IMG0002885.png
train,fractured,augmented,aug_0283_IMG0002886.png,IMG0002886.png
train,fractured,augmented,aug_0284_IMG0002904.png,IMG0002904.png
train,fractured,augmented,aug_0285_IMG0002905.png,IMG0002905.png
train,fractured,augmented,aug_0286_IMG0002934.png,IMG0002934.png
train,fractured,augmented,aug_0287_IMG0002935.png,IMG0002935.png
train,fractured,augmented,aug_0288_IMG0002979.png,IMG0002979.png
train,fractured,augmented,aug_0289_IMG0002980.png,IMG0002980.png
train,fractured,augmented,aug_0290_IMG0002998.png,IMG0002998.png
train,fractured,augmented,aug_0291_IMG0003094.png,IMG0003094.png
train,fractured,augmented,aug_0292_IMG0003101.png,IMG0003101.png
train,fractured,augmented,aug_0293_IMG0003102.png,IMG0003102.png
train,fractured,augmented,aug_0294_IMG0003112.png,IMG0003112.png
train,fractured,augmented,aug_0295_IMG0003121.png,IMG0003121.png
train,fractured,augmented,aug_0296_IMG0003172.png,IMG0003172.png
train,fractured,augmented,aug_0297_IMG0003199.png,IMG0003199.png
train,fractured,augmented,aug_0298_IMG0003213.png,IMG0003213.png
train,fractured,augmented,aug_0299_IMG0003218.png,IMG0003218.png
train,fractured,augmented,aug_0300_IMG0003233.png,IMG0003233.png
train,fractured,augmented,aug_0301_IMG0003264.png,IMG0003264.png
train,fractured,augmented,aug_0302_IMG0003267.png,IMG0003267.png
train,fractured,augmented,aug_0303_IMG0003279.png,IMG0003279.png
train,fractured,augmented,aug_0304_IMG0003280.png,IMG0003280.png
train,fractured,augmented,aug_0305_IMG0003293.png,IMG0003293.png
train,fractured,augmented,aug_0306_IMG0003294.png,IMG0003294.png
train,fractured,augmented,aug_0307_IMG0003298.png,IMG0003298.png
train,fractured,augmented,aug_0308_IMG0003311.png,IMG0003311.png
train,fractured,augmented,aug_0309_IMG0003313.png,IMG0003313.png
train,fractured,augmented,aug_0310_IMG0003373.png,IMG0003373.png
train,fractured,augmented,aug_0311_IMG0003375.png,IMG0003375.png
train,fractured,augmented,aug_0312_IMG0003381.png,IMG0003381.png
train,fractured,augmented,aug_0313_IMG0003382.png,IMG0003382.png
train,fractured,augmented,aug_0314_IMG0003383.png,IMG0003383.png
train,fractured,augmented,aug_0315_IMG0003395.png,IMG0003395.png
train,fractured,augmented,aug_0316_IMG0003398.png,IMG0003398.png
train,fractured,augmented,aug_0317_IMG0003419.png,IMG0003419.png
train,fractured,augmented,aug_0318_IMG0003420.png,IMG0003420.png
train,fractured,augmented,aug_0319_IMG0003509.png,IMG0003509.png
train,fractured,augmented,aug_0320_IMG0003510.png,IMG0003510.png
train,fractured,augmented,aug_0321_IMG0003565.png,IMG0003565.png
train,fractured,augmented,aug_0322_IMG0003586.png,IMG0003586.png
train,fractured,augmented,aug_0323_IMG0003587.png,IMG0003587.png
train,fractured,augmented,aug_0324_IMG0003653.png,IMG0003653.png
train,fractured,augmented,aug_0325_IMG0003654.png,IMG0003654.png
train,fractured,augmented,aug_0326_IMG0003712.png,IMG0003712.png
train,fractured,augmented,aug_0327_IMG0003713.png,IMG0003713.png
train,fractured,augmented,aug_0328_IMG0003733.png,IMG0003733.png
train,fractured,augmented,aug_0329_IMG0003771.png,IMG0003771.png
train,fractured,augmented,aug_0330_IMG0003785.png,IMG0003785.png
train,fractured,augmented,aug_0331_IMG0003810.png,IMG0003810.png
train,fractured,augmented,aug_0332_IMG0003870.png,IMG0003870.png
train,fractured,augmented,aug_0333_IMG0003871.png,IMG0003871.png
train,fractured,augmented,aug_0334_IMG0003905.png,IMG0003905.png
train,fractured,augmented,aug_0335_IMG0003926.png,IMG0003926.png
train,fractured,augmented,aug_0336_IMG0003942.png,IMG0003942.png
train,fractured,augmented,aug_0337_IMG0003943.png,IMG0003943.png
train,fractured,augmented,aug_0338_IMG0004009.png,IMG0004009.png
train,fractured,augmented,aug_0339_IMG0004042.png,IMG0004042.png
train,fractured,augmented,aug_0340_IMG0004043.png,IMG0004043.png
train,fractured,augmented,aug_0341_IMG0004044.png,IMG0004044.png
train,fractured,augmented,aug_0342_IMG0004045.png,IMG0004045.png
train,fractured,augmented,aug_0343_IMG0004061.png,IMG0004061.png
train,fractured,augmented,aug_0344_IMG0004067.png,IMG0004067.png
train,fractured,augmented,aug_0345_IMG0004068.png,IMG0004068.png
train,fractured,augmented,aug_0346_IMG0004071.png,IMG0004071.png
train,fractured,augmented,aug_0347_IMG0004072.png,IMG0004072.png
train,fractured,augmented,aug_0348_IMG0004116.png,IMG0004116.png
train,fractured,augmented,aug_0349_IMG0004187.png,IMG0004187.png
train,fractured,augmented,aug_0350_IMG0004206.png,IMG0004206.png
train,fractured,augmented,aug_0351_IMG0004207.png,IMG0004207.png
train,fractured,augmented,aug_0352_IMG0004217.png,IMG0004217.png
train,fractured,augmented,aug_0353_IMG0004233.png,IMG0004233.png
train,fractured,augmented,aug_0354_IMG0004262.png,IMG0004262.png
train,fractured,augmented,aug_0355_IMG0004374.png,IMG0004374.png
train,fractured,augmented,aug_0356_IMG0004375.png,IMG0004375.png
train,fractured,augmented,aug_0357_1 Male (A View).png,1 Male (A View).png
train,fractured,augmented,aug_0358_1 Male (L View).png,1 Male (L View).png
train,fractured,augmented,aug_0359_10 Male (A View).png,10 Male (A View).png
train,fractured,augmented,aug_0360_10 Male (L View).png,10 Male (L View).png
train,fractured,augmented,aug_0361_11 Male (A View).png,11 Male (A View).png
train,fractured,augmented,aug_0362_11 Male (L View).png,11 Male (L View).png
train,fractured,augmented,aug_0363_15 Male (A View).png,15 Male (A View).png
train,fractured,augmented,aug_0364_15 Male (L View).png,15 Male (L View).png
train,fractured,augmented,aug_0365_16 Female (A View).png,16 Female (A View).png
train,fractured,augmented,aug_0366_16 Female (L View).png,16 Female (L View).png
train,fractured,augmented,aug_0367_2 Male (A View).png,2 Male (A View).png
train,fractured,augmented,aug_0368_2 Male (L View).png,2 Male (L View).png
train,fractured,augmented,aug_0369_27 Male (A View).png,27 Male (A View).png
train,fractured,augmented,aug_0370_27 Male (L View).png,27 Male (L View).png
train,fractured,augmented,aug_0371_3 Male (A View).png,3 Male (A View).png
train,fractured,augmented,aug_0372_3 Male (L View).png,3 Male (L View).png
train,fractured,augmented,aug_0373_35 Male (A View).png,35 Male (A View).png
train,fractured,augmented,aug_0374_35 Male (L View).png,35 Male (L View).png
train,fractured,augmented,aug_0375_36 Male (A View).png,36 Male (A View).png
train,fractured,augmented,aug_0376_36 Male (A2 View).png,36 Male (A2 View).png
train,fractured,augmented,aug_0377_37 Male (A View).png,37 Male (A View).png
train,fractured,augmented,aug_0378_37 Male (L View).png,37 Male (L View).png
train,fractured,augmented,aug_0379_39 F (A View).png,39 F (A View).png
train,fractured,augmented,aug_0380_39 F (L View).png,39 F (L View).png
train,fractured,augmented,aug_0381_4 Male ( A View).png,4 Male ( A View).png
train,fractured,augmented,aug_0382_4 Male (L View).png,4 Male (L View).png
train,fractured,augmented,aug_0383_40 F (L View).png,40 F (L View).png
train,fractured,augmented,aug_0384_43 Male (A View).png,43 Male (A View).png
train,fractured,augmented,aug_0385_43 Male (L View).png,43 Male (L View).png
train,fractured,augmented,aug_0386_44 F (A View).png,44 F (A View).png
train,fractured,augmented,aug_0387_44 F (L View).png,44 F (L View).png
train,fractured,augmented,aug_0388_45 F (A View).png,45 F (A View).png
train,fractured,augmented,aug_0389_45 F (L View).png,45 F (L View).png
train,fractured,augmented,aug_0390_47 Male (A View).png,47 Male (A View).png
train,fractured,augmented,aug_0391_47 Male (L View).png,47 Male (L View).png
train,fractured,augmented,aug_0392_48 Male (A View).png,48 Male (A View).png
train,fractured,augmented,aug_0393_48 Male (L View).png,48 Male (L View).png
train,fractured,augmented,aug_0394_5 Male (A View).png,5 Male (A View).png
train,fractured,augmented,aug_0395_5 Male (L View).png,5 Male (L View).png
train,fractured,augmented,aug_0396_51 Male (A View).png,51 Male (A View).png
train,fractured,augmented,aug_0397_51 Male (L View).png,51 Male (L View).png
train,fractured,augmented,aug_0398_54 Male (A View).png,54 Male (A View).png
train,fractured,augmented,aug_0399_54 Male (L View).png,54 Male (L View).png
train,fractured,augmented,aug_0400_57 F (A View).png,57 F (A View).png
train,fractured,augmented,aug_0401_57 F (L View).png,57 F (L View).png
train,fractured,augmented,aug_0402_58 F (L View).png,58 F (L View).png
train,fractured,augmented,aug_0403_59 F (A View).png,59 F (A View).png
train,fractured,augmented,aug_0404_62 F (A View).png,62 F (A View).png
train,fractured,augmented,aug_0405_62 F (L View).png,62 F (L View).png
train,fractured,augmented,aug_0406_63 Male (A View).png,63 Male (A View).png
train,fractured,augmented,aug_0407_63 Male (L View).png,63 Male (L View).png
train,fractured,augmented,aug_0408_64 M (A View).png,64 M (A View).png
train,fractured,augmented,aug_0409_65 Male (A View).png,65 Male (A View).png
train,fractured,augmented,aug_0410_65 Male (L View).png,65 Male (L View).png
train,fractured,augmented,aug_0411_66 F (L View).png,66 F (L View).png
train,fractured,augmented,aug_0412_67 Male (A View).png,67 Male (A View).png
train,fractured,augmented,aug_0413_67 Male (L View).png,67 Male (L View).png
train,fractured,augmented,aug_0414_68 F (L View).png,68 F (L View).png
train,fractured,augmented,aug_0415_7 Male (L View).png,7 Male (L View).png
train,fractured,augmented,aug_0416_74 M (A View).png,74 M (A View).png
train,fractured,augmented,aug_0417_82 Male (A View).png,82 Male (A View).png
train,fractured,augmented,aug_0418_82 Male (L View).png,82 Male (L View).png
train,fractured,augmented,aug_0419_85 Male (A View).png,85 Male (A View).png
train,fractured,augmented,aug_0420_85 Male (L View).png,85 Male (L View).png
train,fractured,augmented,aug_0421_86 F (L View).png,86 F (L View).png
train,fractured,augmented,aug_0422_87 F (A View).png,87 F (A View).png
train,fractured,augmented,aug_0423_87 F (L View).png,87 F (L View).png
train,fractured,augmented,aug_0424_88 Male (A View).png,88 Male (A View).png
train,fractured,augmented,aug_0425_88 Male (L View).png,88 Male (L View).png
train,fractured,augmented,aug_0426_89 Male (L View).png,89 Male (L View).png
train,fractured,augmented,aug_0427_89 Male.png,89 Male.png
train,fractured,augmented,aug_0428_9 Male (A View).png,9 Male (A View).png
train,fractured,augmented,aug_0429_9 Male (L View).png,9 Male (L View).png
train,fractured,augmented,aug_0430_90 Male (A View).png,90 Male (A View).png
train,fractured,augmented,aug_0431_90 Male (L View).png,90 Male (L View).png
train,fractured,augmented,aug_0432_91 Male (A View).png,91 Male (A View).png
train,fractured,augmented,aug_0433_91 Male (L View).png,91 Male (L View).png
train,fractured,augmented,aug_0434_92 Male (A View).png,92 Male (A View).png
train,fractured,augmented,aug_0435_92 Male (L View).png,92 Male (L View).png
train,fractured,augmented,aug_0436_93 F (L View).png,93 F (L View).png
train,fractured,augmented,aug_0437_94 F (L View).png,94 F (L View).png
train,fractured,augmented,aug_0438_IMG0000019.png,IMG0000019.png
train,fractured,augmented,aug_0439_IMG0000044.png,IMG0000044.png
train,fractured,augmented,aug_0440_IMG0000057.png,IMG0000057.png
train,fractured,augmented,aug_0441_IMG0000059.png,IMG0000059.png
train,fractured,augmented,aug_0442_IMG0000142.png,IMG0000142.png
train,fractured,augmented,aug_0443_IMG0000143.png,IMG0000143.png
train,fractured,augmented,aug_0444_IMG0000144.png,IMG0000144.png
train,fractured,augmented,aug_0445_IMG0000155.png,IMG0000155.png
train,fractured,augmented,aug_0446_IMG0000189.png,IMG0000189.png
train,fractured,augmented,aug_0447_IMG0000190.png,IMG0000190.png
train,fractured,augmented,aug_0448_IMG0000206.png,IMG0000206.png
train,fractured,augmented,aug_0449_IMG0000207.png,IMG0000207.png
train,fractured,augmented,aug_0450_IMG0000261.png,IMG0000261.png
train,fractured,augmented,aug_0451_IMG0000307.png,IMG0000307.png
train,fractured,augmented,aug_0452_IMG0000351.png,IMG0000351.png
train,fractured,augmented,aug_0453_IMG0000352.png,IMG0000352.png
train,fractured,augmented,aug_0454_IMG0000599.png,IMG0000599.png
train,fractured,augmented,aug_0455_IMG0000671.png,IMG0000671.png
train,fractured,augmented,aug_0456_IMG0000692.png,IMG0000692.png
train,fractured,augmented,aug_0457_IMG0000702.png,IMG0000702.png
train,fractured,augmented,aug_0458_IMG0000750.png,IMG0000750.png
train,fractured,augmented,aug_0459_IMG0000751.png,IMG0000751.png
train,fractured,augmented,aug_0460_IMG0000758.png,IMG0000758.png
train,fractured,augmented,aug_0461_IMG0000762.png,IMG0000762.png
train,fractured,augmented,aug_0462_IMG0000801.png,IMG0000801.png
train,fractured,augmented,aug_0463_IMG0000804.png,IMG0000804.png
train,fractured,augmented,aug_0464_IMG0000844.png,IMG0000844.png
train,fractured,augmented,aug_0465_IMG0000845.png,IMG0000845.png
train,fractured,augmented,aug_0466_IMG0000851.png,IMG0000851.png
train,fractured,augmented,aug_0467_IMG0001008.png,IMG0001008.png
train,fractured,augmented,aug_0468_IMG0001025.png,IMG0001025.png
train,fractured,augmented,aug_0469_IMG0001026.png,IMG0001026.png
train,fractured,augmented,aug_0470_IMG0001041.png,IMG0001041.png
