filename,anatomy,patient_id,source_member
bonefract_hand_patient08246.jpg,hand,patient08246,BoneFract A Bone Fracture Dataset/train/Hand/patient08246/Negative/Hand_patient08246_Negative_001.png
bonefract_hand_patient22815.jpg,hand,patient22815,BoneFract A Bone Fracture Dataset/train/Hand/patient22815/Negative/Hand_patient22815_Negative_001.png
bonefract_wrist_patient32954.jpg,wrist,patient32954,BoneFract A Bone Fracture Dataset/train/wrist/patient32954/Negative/wrist_patient32954_Negative_001.png
bonefract_hand_patient07493.jpg,hand,patient07493,BoneFract A Bone Fracture Dataset/train/Hand/patient07493/Negative/Hand_patient07493_Negative_001.png
bonefract_wrist_patient35280.jpg,wrist,patient35280,BoneFract A Bone Fracture Dataset/train/wrist/patient35280/Negative/wrist_patient35280_Negative_001.png
bonefract_hand_patient23141.jpg,hand,patient23141,BoneFract A Bone Fracture Dataset/train/Hand/patient23141/Negative/Hand_patient23141_Negative_001.png
bonefract_wrist_patient09233.jpg,wrist,patient09233,BoneFract A Bone Fracture Dataset/train/wrist/patient09233/Negative/wrist_patient09233_Negative_001.png
bonefract_hand_patient39673.jpg,hand,patient39673,BoneFract A Bone Fracture Dataset/train/Hand/patient39673/Negative/Hand_patient39673_Negative_001.png
bonefract_wrist_patient24523.jpg,wrist,patient24523,BoneFract A Bone Fracture Dataset/train/wrist/patient24523/Negative/wrist_patient24523_Negative_001.png
bonefract_wrist_patient23976.jpg,wrist,patient23976,BoneFract A Bone Fracture Dataset/train/wrist/patient23976/Negative/wrist_patient23976_Negative_001.png
bonefract_wrist_patient24685.jpg,wrist,patient24685,BoneFract A Bone Fracture Dataset/train/wrist/patient24685/Negative/wrist_patient24685_Negative_001.png
bonefract_hand_patient25040.jpg,hand,patient25040,BoneFract A Bone Fracture Dataset/train/Hand/patient25040/Negative/Hand_patient25040_Negative_001.png
bonefract_hand_patient10309.jpg,hand,patient10309,BoneFract A Bone Fracture Dataset/train/Hand/patient10309/Negative/Hand_patient10309_Negative_001.png
bonefract_hand_patient09883.jpg,hand,patient09883,BoneFract A Bone Fracture Dataset/train/Hand/patient09883/Negative/Hand_patient09883_Negative_001.png
bonefract_wrist_patient25473.jpg,wrist,patient25473,BoneFract A Bone Fracture Dataset/train/wrist/patient25473/Negative/wrist_patient25473_Negative_001.png
bonefract_hand_patient08042.jpg,hand,patient08042,BoneFract A Bone Fracture Dataset/train/Hand/patient08042/Negative/Hand_patient08042_Negative_001.png
bonefract_wrist_patient04348.jpg,wrist,patient04348,BoneFract A Bone Fracture Dataset/train/wrist/patient04348/Negative/wrist_patient04348_Negative_001.png
bonefract_hand_patient25901.jpg,hand,patient25901,BoneFract A Bone Fracture Dataset/train/Hand/patient25901/Negative/Hand_patient25901_Negative_001.png
bonefract_wrist_patient23858.jpg,wrist,patient23858,BoneFract A Bone Fracture Dataset/train/wrist/patient23858/Negative/wrist_patient23858_Negative_001.png
bonefract_hand_patient08597.jpg,hand,patient08597,BoneFract A Bone Fracture Dataset/train/Hand/patient08597/Negative/Hand_patient08597_Negative_001.png
bonefract_hand_patient08283.jpg,hand,patient08283,BoneFract A Bone Fracture Dataset/train/Hand/patient08283/Negative/Hand_patient08283_Negative_001.png
bonefract_wrist_patient43704.jpg,wrist,patient43704,BoneFract A Bone Fracture Dataset/train/wrist/patient43704/Negative/wrist_patient43704_Negative_001.png
bonefract_wrist_patient22146.jpg,wrist,patient22146,BoneFract A Bone Fracture Dataset/train/wrist/patient22146/Negative/wrist_patient22146_Negative_001.png
bonefract_wrist_patient22915.jpg,wrist,patient22915,BoneFract A Bone Fracture Dataset/train/wrist/patient22915/Negative/wrist_patient22915_Negative_001.png
bonefract_hand_patient10305.jpg,hand,patient10305,BoneFract A Bone Fracture Dataset/train/Hand/patient10305/Negative/Hand_patient10305_Negative_001.png
bonefract_wrist_patient35272.jpg,wrist,patient35272,BoneFract A Bone Fracture Dataset/train/wrist/patient35272/Negative/wrist_patient35272_Negative_001.png
bonefract_hand_patient08631.jpg,hand,patient08631,BoneFract A Bone Fracture Dataset/train/Hand/patient08631/Negative/Hand_patient08631_Negative_001.png
bonefract_wrist_patient41014.jpg,wrist,patient41014,BoneFract A Bone Fracture Dataset/train/wrist/patient41014/Negative/wrist_patient41014_Negative_001.png
bonefract_hand_patient22278.jpg,hand,patient22278,BoneFract A Bone Fracture Dataset/train/Hand/patient22278/Negative/Hand_patient22278_Negative_001.png
bonefract_hand_patient09781.jpg,hand,patient09781,BoneFract A Bone Fracture Dataset/train/Hand/patient09781/Negative/Hand_patient09781_Negative_001.png
bonefract_wrist_patient07460.jpg,wrist,patient07460,BoneFract A Bone Fracture Dataset/train/wrist/patient07460/Negative/wrist_patient07460_Negative_001.png
bonefract_wrist_patient22105.jpg,wrist,patient22105,BoneFract A Bone Fracture Dataset/train/wrist/patient22105/Negative/wrist_patient22105_Negative_001.png
bonefract_hand_patient22704.jpg,hand,patient22704,BoneFract A Bone Fracture Dataset/train/Hand/patient22704/Negative/Hand_patient22704_Negative_001.png
bonefract_hand_patient09466.jpg,hand,patient09466,BoneFract A Bone Fracture Dataset/train/Hand/patient09466/Negative/Hand_patient09466_Negative_001.png
bonefract_hand_patient25020.jpg,hand,patient25020,BoneFract A Bone Fracture Dataset/train/Hand/patient25020/Negative/Hand_patient25020_Negative_001.png
bonefract_wrist_patient24388.jpg,wrist,patient24388,BoneFract A Bone Fracture Dataset/train/wrist/patient24388/Negative/wrist_patient24388_Negative_001.png
bonefract_wrist_patient25779.jpg,wrist,patient25779,BoneFract A Bone Fracture Dataset/train/wrist/patient25779/Negative/wrist_patient25779_Negative_001.png
bonefract_wrist_patient22917.jpg,wrist,patient22917,BoneFract A Bone Fracture Dataset/train/wrist/patient22917/Negative/wrist_patient22917_Negative_001.png
bonefract_hand_patient08629.jpg,hand,patient08629,BoneFract A Bone Fracture Dataset/train/Hand/patient08629/Negative/Hand_patient08629_Negative_001.png
bonefract_wrist_patient26040.jpg,wrist,patient26040,BoneFract A Bone Fracture Dataset/train/wrist/patient26040/Negative/wrist_patient26040_Negative_001.png
bonefract_hand_patient44945.jpg,hand,patient44945,BoneFract A Bone Fracture Dataset/train/Hand/patient44945/Negative/Hand_patient44945_Negative_001.png
bonefract_wrist_patient38190.jpg,wrist,patient38190,BoneFract A Bone Fracture Dataset/train/wrist/patient38190/Negative/wrist_patient38190_Negative_001.png
bonefract_hand_patient25321.jpg,hand,patient25321,BoneFract A Bone Fracture Dataset/train/Hand/patient25321/Negative/Hand_patient25321_Negative_001.png
bonefract_wrist_patient25379.jpg,wrist,patient25379,BoneFract A Bone Fracture Dataset/train/wrist/patient25379/Negative/wrist_patient25379_Negative_001.png
bonefract_wrist_patient25552.jpg,wrist,patient25552,BoneFract A Bone Fracture Dataset/train/wrist/patient25552/Negative/wrist_patient25552_Negative_001.png
bonefract_wrist_patient04259.jpg,wrist,patient04259,BoneFract A Bone Fracture Dataset/train/wrist/patient04259/Negative/wrist_patient04259_Negative_001.png
bonefract_wrist_patient28771.jpg,wrist,patient28771,BoneFract A Bone Fracture Dataset/train/wrist/patient28771/Negative/wrist_patient28771_Negative_001.png
bonefract_wrist_patient22668.jpg,wrist,patient22668,BoneFract A Bone Fracture Dataset/train/wrist/patient22668/Negative/wrist_patient22668_Negative_001.png
bonefract_hand_patient24983.jpg,hand,patient24983,BoneFract A Bone Fracture Dataset/train/Hand/patient24983/Negative/Hand_patient24983_Negative_001.png
bonefract_hand_patient44947.jpg,hand,patient44947,BoneFract A Bone Fracture Dataset/train/Hand/patient44947/Negative/Hand_patient44947_Negative_001.png
bonefract_hand_patient25305.jpg,hand,patient25305,BoneFract A Bone Fracture Dataset/train/Hand/patient25305/Negative/Hand_patient25305_Negative_001.png
bonefract_wrist_patient49018.jpg,wrist,patient49018,BoneFract A Bone Fracture Dataset/train/wrist/patient49018/Negative/wrist_patient49018_Negative_001.png
bonefract_wrist_patient24162.jpg,wrist,patient24162,BoneFract A Bone Fracture Dataset/train/wrist/patient24162/Negative/wrist_patient24162_Negative_001.png
bonefract_wrist_patient40921.jpg,wrist,patient40921,BoneFract A Bone Fracture Dataset/train/wrist/patient40921/Negative/wrist_patient40921_Negative_001.png
bonefract_hand_patient47552.jpg,hand,patient47552,BoneFract A Bone Fracture Dataset/train/Hand/patient47552/Negative/Hand_patient47552_Negative_001.png
bonefract_hand_patient25381.jpg,hand,patient25381,BoneFract A Bone Fracture Dataset/train/Hand/patient25381/Negative/Hand_patient25381_Negative_001.png
bonefract_hand_patient09129.jpg,hand,patient09129,BoneFract A Bone Fracture Dataset/train/Hand/patient09129/Negative/Hand_patient09129_Negative_001.png
bonefract_wrist_patient40785.jpg,wrist,patient40785,BoneFract A Bone Fracture Dataset/train/wrist/patient40785/Negative/wrist_patient40785_Negative_001.png
bonefract_wrist_patient32874.jpg,wrist,patient32874,BoneFract A Bone Fracture Dataset/train/wrist/patient32874/Negative/wrist_patient32874_Negative_001.png
bonefract_wrist_patient22195.jpg,wrist,patient22195,BoneFract A Bone Fracture Dataset/train/wrist/patient22195/Negative/wrist_patient22195_Negative_001.png
bonefract_hand_patient25197.jpg,hand,patient25197,BoneFract A Bone Fracture Dataset/train/Hand/patient25197/Negative/Hand_patient25197_Negative_001.png
bonefract_wrist_patient09333.jpg,wrist,patient09333,BoneFract A Bone Fracture Dataset/train/wrist/patient09333/Negative/wrist_patient09333_Negative_001.png
bonefract_wrist_patient38245.jpg,wrist,patient38245,BoneFract A Bone Fracture Dataset/train/wrist/patient38245/Negative/wrist_patient38245_Negative_001.png
bonefract_hand_patient10109.jpg,hand,patient10109,BoneFract A Bone Fracture Dataset/train/Hand/patient10109/Negative/Hand_patient10109_Negative_001.png
bonefract_wrist_patient32861.jpg,wrist,patient32861,BoneFract A Bone Fracture Dataset/train/wrist/patient32861/Negative/wrist_patient32861_Negative_001.png
bonefract_hand_patient08274.jpg,hand,patient08274,BoneFract A Bone Fracture Dataset/train/Hand/patient08274/Negative/Hand_patient08274_Negative_001.png
bonefract_hand_patient42735.jpg,hand,patient42735,BoneFract A Bone Fracture Dataset/train/Hand/patient42735/Negative/Hand_patient42735_Negative_001.png
bonefract_wrist_patient32948.jpg,wrist,patient32948,BoneFract A Bone Fracture Dataset/train/wrist/patient32948/Negative/wrist_patient32948_Negative_001.png
bonefract_hand_patient25764.jpg,hand,patient25764,BoneFract A Bone Fracture Dataset/train/Hand/patient25764/Negative/Hand_patient25764_Negative_001.png
bonefract_hand_patient23693.jpg,hand,patient23693,BoneFract A Bone Fracture Dataset/train/Hand/patient23693/Negative/Hand_patient23693_Negative_001.png
bonefract_wrist_patient25980.jpg,wrist,patient25980,BoneFract A Bone Fracture Dataset/train/wrist/patient25980/Negative/wrist_patient25980_Negative_001.png
bonefract_wrist_patient23290.jpg,wrist,patient23290,BoneFract A Bone Fracture Dataset/train/wrist/patient23290/Negative/wrist_patient23290_Negative_001.png
bonefract_wrist_patient22223.jpg,wrist,patient22223,BoneFract A Bone Fracture Dataset/train/wrist/patient22223/Negative/wrist_patient22223_Negative_001.png
bonefract_wrist_patient35275.jpg,wrist,patient35275,BoneFract A Bone Fracture Dataset/train/wrist/patient35275/Negative/wrist_patient35275_Negative_001.png
bonefract_hand_patient10447.jpg,hand,patient10447,BoneFract A Bone Fracture Dataset/train/Hand/patient10447/Negative/Hand_patient10447_Negative_001.png
bonefract_wrist_patient23935.jpg,wrist,patient23935,BoneFract A Bone Fracture Dataset/train/wrist/patient23935/Negative/wrist_patient23935_Negative_001.png
bonefract_hand_patient44984.jpg,hand,patient44984,BoneFract A Bone Fracture Dataset/train/Hand/patient44984/Negative/Hand_patient44984_Negative_001.png
bonefract_wrist_patient22866.jpg,wrist,patient22866,BoneFract A Bone Fracture Dataset/train/wrist/patient22866/Negative/wrist_patient22866_Negative_001.png
bonefract_hand_patient26268.jpg,hand,patient26268,BoneFract A Bone Fracture Dataset/train/Hand/patient26268/Negative/Hand_patient26268_Negative_001.png
bonefract_wrist_patient49084.jpg,wrist,patient49084,BoneFract A Bone Fracture Dataset/train/wrist/patient49084/Negative/wrist_patient49084_Negative_001.png
bonefract_hand_patient09936.jpg,hand,patient09936,BoneFract A Bone Fracture Dataset/train/Hand/patient09936/Negative/Hand_patient09936_Negative_001.png
bonefract_wrist_patient23743.jpg,wrist,patient23743,BoneFract A Bone Fracture Dataset/train/wrist/patient23743/Negative/wrist_patient23743_Negative_001.png
bonefract_wrist_patient26096.jpg,wrist,patient26096,BoneFract A Bone Fracture Dataset/train/wrist/patient26096/Negative/wrist_patient26096_Negative_001.png
bonefract_hand_patient08232.jpg,hand,patient08232,BoneFract A Bone Fracture Dataset/train/Hand/patient08232/Negative/Hand_patient08232_Negative_001.png
bonefract_wrist_patient24352.jpg,wrist,patient24352,BoneFract A Bone Fracture Dataset/train/wrist/patient24352/Negative/wrist_patient24352_Negative_001.png
bonefract_wrist_patient25490.jpg,wrist,patient25490,BoneFract A Bone Fracture Dataset/train/wrist/patient25490/Negative/wrist_patient25490_Negative_001.png
bonefract_hand_patient26034.jpg,hand,patient26034,BoneFract A Bone Fracture Dataset/train/Hand/patient26034/Negative/Hand_patient26034_Negative_001.png
bonefract_hand_patient22441.jpg,hand,patient22441,BoneFract A Bone Fracture Dataset/train/Hand/patient22441/Negative/Hand_patient22441_Negative_001.png
bonefract_hand_patient22752.jpg,hand,patient22752,BoneFract A Bone Fracture Dataset/train/Hand/patient22752/Negative/Hand_patient22752_Negative_001.png
bonefract_hand_patient26017.jpg,hand,patient26017,BoneFract A Bone Fracture Dataset/train/Hand/patient26017/Negative/Hand_patient26017_Negative_001.png
bonefract_wrist_patient37960.jpg,wrist,patient37960,BoneFract A Bone Fracture Dataset/train/wrist/patient37960/Negative/wrist_patient37960_Negative_001.png
bonefract_hand_patient24668.jpg,hand,patient24668,BoneFract A Bone Fracture Dataset/train/Hand/patient24668/Negative/Hand_patient24668_Negative_001.png
bonefract_wrist_patient49073.jpg,wrist,patient49073,BoneFract A Bone Fracture Dataset/train/wrist/patient49073/Negative/wrist_patient49073_Negative_001.png
bonefract_hand_patient09832.jpg,hand,patient09832,BoneFract A Bone Fracture Dataset/train/Hand/patient09832/Negative/Hand_patient09832_Negative_001.png
bonefract_hand_patient08797.jpg,hand,patient08797,BoneFract A Bone Fracture Dataset/train/Hand/patient08797/Negative/Hand_patient08797_Negative_001.png
bonefract_wrist_patient38259.jpg,wrist,patient38259,BoneFract A Bone Fracture Dataset/train/wrist/patient38259/Negative/wrist_patient38259_Negative_001.png
bonefract_hand_patient25563.jpg,hand,patient25563,BoneFract A Bone Fracture Dataset/train/Hand/patient25563/Negative/Hand_patient25563_Negative_001.png
bonefract_hand_patient08569.jpg,hand,patient08569,BoneFract A Bone Fracture Dataset/train/Hand/patient08569/Negative/Hand_patient08569_Negative_001.png
bonefract_wrist_patient25501.jpg,wrist,patient25501,BoneFract A Bone Fracture Dataset/train/wrist/patient25501/Negative/wrist_patient25501_Negative_001.png
bonefract_hand_patient42784.jpg,hand,patient42784,BoneFract A Bone Fracture Dataset/train/Hand/patient42784/Negative/Hand_patient42784_Negative_001.png
bonefract_hand_patient25217.jpg,hand,patient25217,BoneFract A Bone Fracture Dataset/train/Hand/patient25217/Negative/Hand_patient25217_Negative_001.png
bonefract_hand_patient09419.jpg,hand,patient09419,BoneFract A Bone Fracture Dataset/train/Hand/patient09419/Negative/Hand_patient09419_Negative_001.png
bonefract_wrist_patient40990.jpg,wrist,patient40990,BoneFract A Bone Fracture Dataset/train/wrist/patient40990/Negative/wrist_patient40990_Negative_001.png
bonefract_wrist_patient24916.jpg,wrist,patient24916,BoneFract A Bone Fracture Dataset/train/wrist/patient24916/Negative/wrist_patient24916_Negative_001.png
bonefract_hand_patient25716.jpg,hand,patient25716,BoneFract A Bone Fracture Dataset/train/Hand/patient25716/Negative/Hand_patient25716_Negative_001.png
bonefract_wrist_patient10142.jpg,wrist,patient10142,BoneFract A Bone Fracture Dataset/train/wrist/patient10142/Negative/wrist_patient10142_Negative_001.png
bonefract_hand_patient26272.jpg,hand,patient26272,BoneFract A Bone Fracture Dataset/train/Hand/patient26272/Negative/Hand_patient26272_Negative_001.png
bonefract_hand_patient08651.jpg,hand,patient08651,BoneFract A Bone Fracture Dataset/train/Hand/patient08651/Negative/Hand_patient08651_Negative_001.png
bonefract_wrist_patient23071.jpg,wrist,patient23071,BoneFract A Bone Fracture Dataset/train/wrist/patient23071/Negative/wrist_patient23071_Negative_001.png
bonefract_hand_patient25967.jpg,hand,patient25967,BoneFract A Bone Fracture Dataset/train/Hand/patient25967/Negative/Hand_patient25967_Negative_001.png
bonefract_hand_patient10138.jpg,hand,patient10138,BoneFract A Bone Fracture Dataset/train/Hand/patient10138/Negative/Hand_patient10138_Negative_001.png
bonefract_hand_patient03171.jpg,hand,patient03171,BoneFract A Bone Fracture Dataset/train/Hand/patient03171/Negative/Hand_patient03171_Negative_001.png
bonefract_hand_patient08890.jpg,hand,patient08890,BoneFract A Bone Fracture Dataset/train/Hand/patient08890/Negative/Hand_patient08890_Negative_001.png
bonefract_hand_patient10243.jpg,hand,patient10243,BoneFract A Bone Fracture Dataset/train/Hand/patient10243/Negative/Hand_patient10243_Negative_001.png
bonefract_wrist_patient23217.jpg,wrist,patient23217,BoneFract A Bone Fracture Dataset/train/wrist/patient23217/Negative/wrist_patient23217_Negative_001.png
bonefract_wrist_patient49168.jpg,wrist,patient49168,BoneFract A Bone Fracture Dataset/train/wrist/patient49168/Negative/wrist_patient49168_Negative_001.png
bonefract_wrist_patient25685.jpg,wrist,patient25685,BoneFract A Bone Fracture Dataset/train/wrist/patient25685/Negative/wrist_patient25685_Negative_001.png
bonefract_hand_patient10153.jpg,hand,patient10153,BoneFract A Bone Fracture Dataset/train/Hand/patient10153/Negative/Hand_patient10153_Negative_001.png
bonefract_wrist_patient23981.jpg,wrist,patient23981,BoneFract A Bone Fracture Dataset/train/wrist/patient23981/Negative/wrist_patient23981_Negative_001.png
bonefract_wrist_patient26089.jpg,wrist,patient26089,BoneFract A Bone Fracture Dataset/train/wrist/patient26089/Negative/wrist_patient26089_Negative_001.png
bonefract_hand_patient24756.jpg,hand,patient24756,BoneFract A Bone Fracture Dataset/train/Hand/patient24756/Negative/Hand_patient24756_Negative_001.png
bonefract_hand_patient22458.jpg,hand,patient22458,BoneFract A Bone Fracture Dataset/train/Hand/patient22458/Negative/Hand_patient22458_Negative_001.png
bonefract_wrist_patient32992.jpg,wrist,patient32992,BoneFract A Bone Fracture Dataset/train/wrist/patient32992/Negative/wrist_patient32992_Negative_001.png
bonefract_wrist_patient40910.jpg,wrist,patient40910,BoneFract A Bone Fracture Dataset/train/wrist/patient40910/Negative/wrist_patient40910_Negative_001.png
bonefract_wrist_patient22840.jpg,wrist,patient22840,BoneFract A Bone Fracture Dataset/train/wrist/patient22840/Negative/wrist_patient22840_Negative_001.png
bonefract_wrist_patient23135.jpg,wrist,patient23135,BoneFract A Bone Fracture Dataset/train/wrist/patient23135/Negative/wrist_patient23135_Negative_001.png
bonefract_hand_patient08197.jpg,hand,patient08197,BoneFract A Bone Fracture Dataset/train/Hand/patient08197/Negative/Hand_patient08197_Negative_001.png
bonefract_wrist_patient22467.jpg,wrist,patient22467,BoneFract A Bone Fracture Dataset/train/wrist/patient22467/Negative/wrist_patient22467_Negative_001.png
bonefract_hand_patient10198.jpg,hand,patient10198,BoneFract A Bone Fracture Dataset/train/Hand/patient10198/Negative/Hand_patient10198_Negative_001.png
bonefract_wrist_patient11754.jpg,wrist,patient11754,BoneFract A Bone Fracture Dataset/train/wrist/patient11754/Negative/wrist_patient11754_Negative_001.png
bonefract_hand_patient08252.jpg,hand,patient08252,BoneFract A Bone Fracture Dataset/train/Hand/patient08252/Negative/Hand_patient08252_Negative_001.png
bonefract_hand_patient24684.jpg,hand,patient24684,BoneFract A Bone Fracture Dataset/train/Hand/patient24684/Negative/Hand_patient24684_Negative_001.png
bonefract_wrist_patient43690.jpg,wrist,patient43690,BoneFract A Bone Fracture Dataset/train/wrist/patient43690/Negative/wrist_patient43690_Negative_001.png
bonefract_wrist_patient23058.jpg,wrist,patient23058,BoneFract A Bone Fracture Dataset/train/wrist/patient23058/Negative/wrist_patient23058_Negative_001.png
bonefract_hand_patient09015.jpg,hand,patient09015,BoneFract A Bone Fracture Dataset/train/Hand/patient09015/Negative/Hand_patient09015_Negative_001.png
bonefract_hand_patient26164.jpg,hand,patient26164,BoneFract A Bone Fracture Dataset/train/Hand/patient26164/Negative/Hand_patient26164_Negative_001.png
bonefract_wrist_patient23095.jpg,wrist,patient23095,BoneFract A Bone Fracture Dataset/train/wrist/patient23095/Negative/wrist_patient23095_Negative_001.png
bonefract_wrist_patient22333.jpg,wrist,patient22333,BoneFract A Bone Fracture Dataset/train/wrist/patient22333/Negative/wrist_patient22333_Negative_001.png
bonefract_wrist_patient41125.jpg,wrist,patient41125,BoneFract A Bone Fracture Dataset/train/wrist/patient41125/Negative/wrist_patient41125_Negative_001.png
bonefract_wrist_patient40874.jpg,wrist,patient40874,BoneFract A Bone Fracture Dataset/train/wrist/patient40874/Negative/wrist_patient40874_Negative_001.png
bonefract_wrist_patient08171.jpg,wrist,patient08171,BoneFract A Bone Fracture Dataset/train/wrist/patient08171/Negative/wrist_patient08171_Negative_001.png
bonefract_hand_patient09967.jpg,hand,patient09967,BoneFract A Bone Fracture Dataset/train/Hand/patient09967/Negative/Hand_patient09967_Negative_001.png
bonefract_wrist_patient24070.jpg,wrist,patient24070,BoneFract A Bone Fracture Dataset/train/wrist/patient24070/Negative/wrist_patient24070_Negative_001.png
bonefract_wrist_patient23211.jpg,wrist,patient23211,BoneFract A Bone Fracture Dataset/train/wrist/patient23211/Negative/wrist_patient23211_Negative_001.png
bonefract_hand_patient36942.jpg,hand,patient36942,BoneFract A Bone Fracture Dataset/train/Hand/patient36942/Negative/Hand_patient36942_Negative_001.png
bonefract_hand_patient23792.jpg,hand,patient23792,BoneFract A Bone Fracture Dataset/train/Hand/patient23792/Negative/Hand_patient23792_Negative_001.png
bonefract_wrist_patient23950.jpg,wrist,patient23950,BoneFract A Bone Fracture Dataset/train/wrist/patient23950/Negative/wrist_patient23950_Negative_001.png
bonefract_wrist_patient23199.jpg,wrist,patient23199,BoneFract A Bone Fracture Dataset/train/wrist/patient23199/Negative/wrist_patient23199_Negative_001.png
bonefract_hand_patient23437.jpg,hand,patient23437,BoneFract A Bone Fracture Dataset/train/Hand/patient23437/Negative/Hand_patient23437_Negative_001.png
bonefract_wrist_patient24078.jpg,wrist,patient24078,BoneFract A Bone Fracture Dataset/train/wrist/patient24078/Negative/wrist_patient24078_Negative_001.png
bonefract_hand_patient08873.jpg,hand,patient08873,BoneFract A Bone Fracture Dataset/train/Hand/patient08873/Negative/Hand_patient08873_Negative_001.png
bonefract_wrist_patient23333.jpg,wrist,patient23333,BoneFract A Bone Fracture Dataset/train/wrist/patient23333/Negative/wrist_patient23333_Negative_001.png
bonefract_hand_patient24268.jpg,hand,patient24268,BoneFract A Bone Fracture Dataset/train/Hand/patient24268/Negative/Hand_patient24268_Negative_001.png
bonefract_hand_patient09621.jpg,hand,patient09621,BoneFract A Bone Fracture Dataset/train/Hand/patient09621/Negative/Hand_patient09621_Negative_001.png
bonefract_hand_patient08940.jpg,hand,patient08940,BoneFract A Bone Fracture Dataset/train/Hand/patient08940/Negative/Hand_patient08940_Negative_001.png
bonefract_hand_patient08258.jpg,hand,patient08258,BoneFract A Bone Fracture Dataset/train/Hand/patient08258/Negative/Hand_patient08258_Negative_001.png
bonefract_hand_patient07314.jpg,hand,patient07314,BoneFract A Bone Fracture Dataset/train/Hand/patient07314/Negative/Hand_patient07314_Negative_001.png
bonefract_wrist_patient22792.jpg,wrist,patient22792,BoneFract A Bone Fracture Dataset/train/wrist/patient22792/Negative/wrist_patient22792_Negative_001.png
bonefract_hand_patient36791.jpg,hand,patient36791,BoneFract A Bone Fracture Dataset/train/Hand/patient36791/Negative/Hand_patient36791_Negative_001.png
bonefract_hand_patient08174.jpg,hand,patient08174,BoneFract A Bone Fracture Dataset/train/Hand/patient08174/Negative/Hand_patient08174_Negative_001.png
bonefract_hand_patient39665.jpg,hand,patient39665,BoneFract A Bone Fracture Dataset/train/Hand/patient39665/Negative/Hand_patient39665_Negative_001.png
bonefract_hand_patient36848.jpg,hand,patient36848,BoneFract A Bone Fracture Dataset/train/Hand/patient36848/Negative/Hand_patient36848_Negative_001.png
bonefract_hand_patient22443.jpg,hand,patient22443,BoneFract A Bone Fracture Dataset/train/Hand/patient22443/Negative/Hand_patient22443_Negative_001.png
bonefract_wrist_patient04185.jpg,wrist,patient04185,BoneFract A Bone Fracture Dataset/train/wrist/patient04185/Negative/wrist_patient04185_Negative_001.png
bonefract_wrist_patient24597.jpg,wrist,patient24597,BoneFract A Bone Fracture Dataset/train/wrist/patient24597/Negative/wrist_patient24597_Negative_001.png
bonefract_hand_patient09102.jpg,hand,patient09102,BoneFract A Bone Fracture Dataset/train/Hand/patient09102/Negative/Hand_patient09102_Negative_001.png
bonefract_hand_patient25429.jpg,hand,patient25429,BoneFract A Bone Fracture Dataset/train/Hand/patient25429/Negative/Hand_patient25429_Negative_001.png
bonefract_hand_patient07625.jpg,hand,patient07625,BoneFract A Bone Fracture Dataset/train/Hand/patient07625/Negative/Hand_patient07625_Negative_001.png
bonefract_wrist_patient40963.jpg,wrist,patient40963,BoneFract A Bone Fracture Dataset/train/wrist/patient40963/Negative/wrist_patient40963_Negative_001.png
bonefract_wrist_patient22110.jpg,wrist,patient22110,BoneFract A Bone Fracture Dataset/train/wrist/patient22110/Negative/wrist_patient22110_Negative_001.png
bonefract_wrist_patient22887.jpg,wrist,patient22887,BoneFract A Bone Fracture Dataset/train/wrist/patient22887/Negative/wrist_patient22887_Negative_001.png
bonefract_wrist_patient26213.jpg,wrist,patient26213,BoneFract A Bone Fracture Dataset/train/wrist/patient26213/Negative/wrist_patient26213_Negative_001.png
bonefract_hand_patient08943.jpg,hand,patient08943,BoneFract A Bone Fracture Dataset/train/Hand/patient08943/Negative/Hand_patient08943_Negative_001.png
bonefract_wrist_patient43587.jpg,wrist,patient43587,BoneFract A Bone Fracture Dataset/train/wrist/patient43587/Negative/wrist_patient43587_Negative_001.png
bonefract_hand_patient07735.jpg,hand,patient07735,BoneFract A Bone Fracture Dataset/train/Hand/patient07735/Negative/Hand_patient07735_Negative_001.png
bonefract_hand_patient22778.jpg,hand,patient22778,BoneFract A Bone Fracture Dataset/train/Hand/patient22778/Negative/Hand_patient22778_Negative_001.png
bonefract_wrist_patient24500.jpg,wrist,patient24500,BoneFract A Bone Fracture Dataset/train/wrist/patient24500/Negative/wrist_patient24500_Negative_001.png
bonefract_hand_patient36862.jpg,hand,patient36862,BoneFract A Bone Fracture Dataset/train/Hand/patient36862/Negative/Hand_patient36862_Negative_001.png
bonefract_hand_patient08426.jpg,hand,patient08426,BoneFract A Bone Fracture Dataset/train/Hand/patient08426/Negative/Hand_patient08426_Negative_001.png
bonefract_hand_patient09519.jpg,hand,patient09519,BoneFract A Bone Fracture Dataset/train/Hand/patient09519/Negative/Hand_patient09519_Negative_001.png
bonefract_wrist_patient23119.jpg,wrist,patient23119,BoneFract A Bone Fracture Dataset/train/wrist/patient23119/Negative/wrist_patient23119_Negative_001.png
bonefract_hand_patient10245.jpg,hand,patient10245,BoneFract A Bone Fracture Dataset/train/Hand/patient10245/Negative/Hand_patient10245_Negative_001.png
bonefract_hand_patient08419.jpg,hand,patient08419,BoneFract A Bone Fracture Dataset/train/Hand/patient08419/Negative/Hand_patient08419_Negative_001.png
bonefract_wrist_patient40737.jpg,wrist,patient40737,BoneFract A Bone Fracture Dataset/train/wrist/patient40737/Negative/wrist_patient40737_Negative_001.png
bonefract_wrist_patient22984.jpg,wrist,patient22984,BoneFract A Bone Fracture Dataset/train/wrist/patient22984/Negative/wrist_patient22984_Negative_001.png
bonefract_hand_patient08700.jpg,hand,patient08700,BoneFract A Bone Fracture Dataset/train/Hand/patient08700/Negative/Hand_patient08700_Negative_001.png
bonefract_wrist_patient49033.jpg,wrist,patient49033,BoneFract A Bone Fracture Dataset/train/wrist/patient49033/Negative/wrist_patient49033_Negative_001.png
bonefract_hand_patient45047.jpg,hand,patient45047,BoneFract A Bone Fracture Dataset/train/Hand/patient45047/Negative/Hand_patient45047_Negative_001.png
bonefract_wrist_patient22699.jpg,wrist,patient22699,BoneFract A Bone Fracture Dataset/train/wrist/patient22699/Negative/wrist_patient22699_Negative_001.png
bonefract_hand_patient07894.jpg,hand,patient07894,BoneFract A Bone Fracture Dataset/train/Hand/patient07894/Negative/Hand_patient07894_Negative_001.png
bonefract_hand_patient07400.jpg,hand,patient07400,BoneFract A Bone Fracture Dataset/train/Hand/patient07400/Negative/Hand_patient07400_Negative_001.png
bonefract_wrist_patient23989.jpg,wrist,patient23989,BoneFract A Bone Fracture Dataset/train/wrist/patient23989/Negative/wrist_patient23989_Negative_001.png
bonefract_hand_patient09400.jpg,hand,patient09400,BoneFract A Bone Fracture Dataset/train/Hand/patient09400/Negative/Hand_patient09400_Negative_001.png
bonefract_wrist_patient25510.jpg,wrist,patient25510,BoneFract A Bone Fracture Dataset/train/wrist/patient25510/Negative/wrist_patient25510_Negative_001.png
bonefract_hand_patient47617.jpg,hand,patient47617,BoneFract A Bone Fracture Dataset/train/Hand/patient47617/Negative/Hand_patient47617_Negative_001.png
bonefract_wrist_patient22287.jpg,wrist,patient22287,BoneFract A Bone Fracture Dataset/train/wrist/patient22287/Negative/wrist_patient22287_Negative_001.png
bonefract_wrist_patient43615.jpg,wrist,patient43615,BoneFract A Bone Fracture Dataset/train/wrist/patient43615/Negative/wrist_patient43615_Negative_001.png
bonefract_hand_patient36823.jpg,hand,patient36823,BoneFract A Bone Fracture Dataset/train/Hand/patient36823/Negative/Hand_patient36823_Negative_001.png
bonefract_hand_patient39579.jpg,hand,patient39579,BoneFract A Bone Fracture Dataset/train/Hand/patient39579/Negative/Hand_patient39579_Negative_001.png
bonefract_wrist_patient25084.jpg,wrist,patient25084,BoneFract A Bone Fracture Dataset/train/wrist/patient25084/Negative/wrist_patient25084_Negative_001.png
bonefract_hand_patient22812.jpg,hand,patient22812,BoneFract A Bone Fracture Dataset/train/Hand/patient22812/Negative/Hand_patient22812_Negative_001.png
bonefract_hand_patient24906.jpg,hand,patient24906,BoneFract A Bone Fracture Dataset/train/Hand/patient24906/Negative/Hand_patient24906_Negative_001.png
bonefract_hand_patient10620.jpg,hand,patient10620,BoneFract A Bone Fracture Dataset/train/Hand/patient10620/Negative/Hand_patient10620_Negative_001.png
bonefract_hand_patient25313.jpg,hand,patient25313,BoneFract A Bone Fracture Dataset/train/Hand/patient25313/Negative/Hand_patient25313_Negative_001.png
bonefract_hand_patient07633.jpg,hand,patient07633,BoneFract A Bone Fracture Dataset/train/Hand/patient07633/Negative/Hand_patient07633_Negative_001.png
bonefract_wrist_patient40983.jpg,wrist,patient40983,BoneFract A Bone Fracture Dataset/train/wrist/patient40983/Negative/wrist_patient40983_Negative_001.png
bonefract_wrist_patient23216.jpg,wrist,patient23216,BoneFract A Bone Fracture Dataset/train/wrist/patient23216/Negative/wrist_patient23216_Negative_001.png
bonefract_wrist_patient09100.jpg,wrist,patient09100,BoneFract A Bone Fracture Dataset/train/wrist/patient09100/Negative/wrist_patient09100_Negative_001.png
bonefract_hand_patient08965.jpg,hand,patient08965,BoneFract A Bone Fracture Dataset/train/Hand/patient08965/Negative/Hand_patient08965_Negative_001.png
bonefract_wrist_patient25005.jpg,wrist,patient25005,BoneFract A Bone Fracture Dataset/train/wrist/patient25005/Negative/wrist_patient25005_Negative_001.png
bonefract_wrist_patient24390.jpg,wrist,patient24390,BoneFract A Bone Fracture Dataset/train/wrist/patient24390/Negative/wrist_patient24390_Negative_001.png
bonefract_wrist_patient25877.jpg,wrist,patient25877,BoneFract A Bone Fracture Dataset/train/wrist/patient25877/Negative/wrist_patient25877_Negative_001.png
bonefract_wrist_patient22484.jpg,wrist,patient22484,BoneFract A Bone Fracture Dataset/train/wrist/patient22484/Negative/wrist_patient22484_Negative_001.png
bonefract_hand_patient24111.jpg,hand,patient24111,BoneFract A Bone Fracture Dataset/train/Hand/patient24111/Negative/Hand_patient24111_Negative_001.png
bonefract_hand_patient09131.jpg,hand,patient09131,BoneFract A Bone Fracture Dataset/train/Hand/patient09131/Negative/Hand_patient09131_Negative_001.png
bonefract_wrist_patient38047.jpg,wrist,patient38047,BoneFract A Bone Fracture Dataset/train/wrist/patient38047/Negative/wrist_patient38047_Negative_001.png
bonefract_hand_patient23603.jpg,hand,patient23603,BoneFract A Bone Fracture Dataset/train/Hand/patient23603/Negative/Hand_patient23603_Negative_001.png
bonefract_hand_patient09974.jpg,hand,patient09974,BoneFract A Bone Fracture Dataset/train/Hand/patient09974/Negative/Hand_patient09974_Negative_001.png
bonefract_wrist_patient22519.jpg,wrist,patient22519,BoneFract A Bone Fracture Dataset/train/wrist/patient22519/Negative/wrist_patient22519_Negative_001.png
bonefract_wrist_patient25057.jpg,wrist,patient25057,BoneFract A Bone Fracture Dataset/train/wrist/patient25057/Negative/wrist_patient25057_Negative_001.png
bonefract_wrist_patient22627.jpg,wrist,patient22627,BoneFract A Bone Fracture Dataset/train/wrist/patient22627/Negative/wrist_patient22627_Negative_001.png
bonefract_hand_patient34988.jpg,hand,patient34988,BoneFract A Bone Fracture Dataset/train/Hand/patient34988/Negative/Hand_patient34988_Negative_001.png
bonefract_wrist_patient11916.jpg,wrist,patient11916,BoneFract A Bone Fracture Dataset/train/wrist/patient11916/Negative/wrist_patient11916_Negative_001.png
bonefract_hand_patient22825.jpg,hand,patient22825,BoneFract A Bone Fracture Dataset/train/Hand/patient22825/Negative/Hand_patient22825_Negative_001.png
bonefract_hand_patient39523.jpg,hand,patient39523,BoneFract A Bone Fracture Dataset/train/Hand/patient39523/Negative/Hand_patient39523_Negative_001.png
bonefract_hand_patient23103.jpg,hand,patient23103,BoneFract A Bone Fracture Dataset/train/Hand/patient23103/Negative/Hand_patient23103_Negative_001.png
bonefract_hand_patient10191.jpg,hand,patient10191,BoneFract A Bone Fracture Dataset/train/Hand/patient10191/Negative/Hand_patient10191_Negative_001.png
bonefract_hand_patient39566.jpg,hand,patient39566,BoneFract A Bone Fracture Dataset/train/Hand/patient39566/Negative/Hand_patient39566_Negative_001.png
bonefract_hand_patient25714.jpg,hand,patient25714,BoneFract A Bone Fracture Dataset/train/Hand/patient25714/Negative/Hand_patient25714_Negative_001.png
bonefract_hand_patient08763.jpg,hand,patient08763,BoneFract A Bone Fracture Dataset/train/Hand/patient08763/Negative/Hand_patient08763_Negative_001.png
bonefract_wrist_patient38094.jpg,wrist,patient38094,BoneFract A Bone Fracture Dataset/train/wrist/patient38094/Negative/wrist_patient38094_Negative_001.png
bonefract_wrist_patient22549.jpg,wrist,patient22549,BoneFract A Bone Fracture Dataset/train/wrist/patient22549/Negative/wrist_patient22549_Negative_001.png
bonefract_wrist_patient23501.jpg,wrist,patient23501,BoneFract A Bone Fracture Dataset/train/wrist/patient23501/Negative/wrist_patient23501_Negative_001.png
bonefract_wrist_patient23177.jpg,wrist,patient23177,BoneFract A Bone Fracture Dataset/train/wrist/patient23177/Negative/wrist_patient23177_Negative_001.png
bonefract_hand_patient36802.jpg,hand,patient36802,BoneFract A Bone Fracture Dataset/train/Hand/patient36802/Negative/Hand_patient36802_Negative_001.png
bonefract_hand_patient22994.jpg,hand,patient22994,BoneFract A Bone Fracture Dataset/train/Hand/patient22994/Negative/Hand_patient22994_Negative_001.png
bonefract_wrist_patient49102.jpg,wrist,patient49102,BoneFract A Bone Fracture Dataset/train/wrist/patient49102/Negative/wrist_patient49102_Negative_001.png
bonefract_hand_patient09576.jpg,hand,patient09576,BoneFract A Bone Fracture Dataset/train/Hand/patient09576/Negative/Hand_patient09576_Negative_001.png
bonefract_wrist_patient22578.jpg,wrist,patient22578,BoneFract A Bone Fracture Dataset/train/wrist/patient22578/Negative/wrist_patient22578_Negative_001.png
bonefract_wrist_patient24842.jpg,wrist,patient24842,BoneFract A Bone Fracture Dataset/train/wrist/patient24842/Negative/wrist_patient24842_Negative_001.png
bonefract_hand_patient09059.jpg,hand,patient09059,BoneFract A Bone Fracture Dataset/train/Hand/patient09059/Negative/Hand_patient09059_Negative_001.png
bonefract_hand_patient42820.jpg,hand,patient42820,BoneFract A Bone Fracture Dataset/train/Hand/patient42820/Negative/Hand_patient42820_Negative_001.png
bonefract_wrist_patient22356.jpg,wrist,patient22356,BoneFract A Bone Fracture Dataset/train/wrist/patient22356/Negative/wrist_patient22356_Negative_001.png
bonefract_hand_patient09771.jpg,hand,patient09771,BoneFract A Bone Fracture Dataset/train/Hand/patient09771/Negative/Hand_patient09771_Negative_001.png
bonefract_hand_patient25287.jpg,hand,patient25287,BoneFract A Bone Fracture Dataset/train/Hand/patient25287/Negative/Hand_patient25287_Negative_001.png
bonefract_wrist_patient26163.jpg,wrist,patient26163,BoneFract A Bone Fracture Dataset/train/wrist/patient26163/Negative/wrist_patient26163_Negative_001.png
bonefract_hand_patient08977.jpg,hand,patient08977,BoneFract A Bone Fracture Dataset/train/Hand/patient08977/Negative/Hand_patient08977_Negative_001.png
bonefract_hand_patient07987.jpg,hand,patient07987,BoneFract A Bone Fracture Dataset/train/Hand/patient07987/Negative/Hand_patient07987_Negative_001.png
bonefract_wrist_patient26024.jpg,wrist,patient26024,BoneFract A Bone Fracture Dataset/train/wrist/patient26024/Negative/wrist_patient26024_Negative_001.png
bonefract_wrist_patient07504.jpg,wrist,patient07504,BoneFract A Bone Fracture Dataset/train/wrist/patient07504/Negative/wrist_patient07504_Negative_001.png
bonefract_hand_patient07568.jpg,hand,patient07568,BoneFract A Bone Fracture Dataset/train/Hand/patient07568/Negative/Hand_patient07568_Negative_001.png
bonefract_hand_patient25246.jpg,hand,patient25246,BoneFract A Bone Fracture Dataset/train/Hand/patient25246/Negative/Hand_patient25246_Negative_001.png
bonefract_wrist_patient22324.jpg,wrist,patient22324,BoneFract A Bone Fracture Dataset/train/wrist/patient22324/Negative/wrist_patient22324_Negative_001.png
bonefract_hand_patient10330.jpg,hand,patient10330,BoneFract A Bone Fracture Dataset/train/Hand/patient10330/Negative/Hand_patient10330_Negative_001.png
bonefract_wrist_patient38059.jpg,wrist,patient38059,BoneFract A Bone Fracture Dataset/train/wrist/patient38059/Negative/wrist_patient38059_Negative_001.png
bonefract_wrist_patient24183.jpg,wrist,patient24183,BoneFract A Bone Fracture Dataset/train/wrist/patient24183/Negative/wrist_patient24183_Negative_001.png
bonefract_hand_patient10371.jpg,hand,patient10371,BoneFract A Bone Fracture Dataset/train/Hand/patient10371/Negative/Hand_patient10371_Negative_001.png
bonefract_hand_patient07518.jpg,hand,patient07518,BoneFract A Bone Fracture Dataset/train/Hand/patient07518/Negative/Hand_patient07518_Negative_001.png
bonefract_hand_patient08781.jpg,hand,patient08781,BoneFract A Bone Fracture Dataset/train/Hand/patient08781/Negative/Hand_patient08781_Negative_001.png
bonefract_hand_patient09296.jpg,hand,patient09296,BoneFract A Bone Fracture Dataset/train/Hand/patient09296/Negative/Hand_patient09296_Negative_001.png
bonefract_hand_patient09122.jpg,hand,patient09122,BoneFract A Bone Fracture Dataset/train/Hand/patient09122/Negative/Hand_patient09122_Negative_001.png
bonefract_hand_patient25899.jpg,hand,patient25899,BoneFract A Bone Fracture Dataset/train/Hand/patient25899/Negative/Hand_patient25899_Negative_001.png
bonefract_wrist_patient26135.jpg,wrist,patient26135,BoneFract A Bone Fracture Dataset/train/wrist/patient26135/Negative/wrist_patient26135_Negative_001.png
bonefract_hand_patient23611.jpg,hand,patient23611,BoneFract A Bone Fracture Dataset/train/Hand/patient23611/Negative/Hand_patient23611_Negative_001.png
bonefract_wrist_patient25870.jpg,wrist,patient25870,BoneFract A Bone Fracture Dataset/train/wrist/patient25870/Negative/wrist_patient25870_Negative_001.png
bonefract_hand_patient36906.jpg,hand,patient36906,BoneFract A Bone Fracture Dataset/train/Hand/patient36906/Negative/Hand_patient36906_Negative_001.png
bonefract_wrist_patient25175.jpg,wrist,patient25175,BoneFract A Bone Fracture Dataset/train/wrist/patient25175/Negative/wrist_patient25175_Negative_001.png
bonefract_hand_patient07325.jpg,hand,patient07325,BoneFract A Bone Fracture Dataset/train/Hand/patient07325/Negative/Hand_patient07325_Negative_001.png
bonefract_wrist_patient26126.jpg,wrist,patient26126,BoneFract A Bone Fracture Dataset/train/wrist/patient26126/Negative/wrist_patient26126_Negative_001.png
bonefract_hand_patient24777.jpg,hand,patient24777,BoneFract A Bone Fracture Dataset/train/Hand/patient24777/Negative/Hand_patient24777_Negative_001.png
bonefract_wrist_patient23940.jpg,wrist,patient23940,BoneFract A Bone Fracture Dataset/train/wrist/patient23940/Negative/wrist_patient23940_Negative_001.png
bonefract_hand_patient44996.jpg,hand,patient44996,BoneFract A Bone Fracture Dataset/train/Hand/patient44996/Negative/Hand_patient44996_Negative_001.png
bonefract_hand_patient10027.jpg,hand,patient10027,BoneFract A Bone Fracture Dataset/train/Hand/patient10027/Negative/Hand_patient10027_Negative_001.png
bonefract_wrist_patient22967.jpg,wrist,patient22967,BoneFract A Bone Fracture Dataset/train/wrist/patient22967/Negative/wrist_patient22967_Negative_001.png
bonefract_hand_patient36824.jpg,hand,patient36824,BoneFract A Bone Fracture Dataset/train/Hand/patient36824/Negative/Hand_patient36824_Negative_001.png
bonefract_hand_patient10063.jpg,hand,patient10063,BoneFract A Bone Fracture Dataset/train/Hand/patient10063/Negative/Hand_patient10063_Negative_001.png
bonefract_hand_patient10418.jpg,hand,patient10418,BoneFract A Bone Fracture Dataset/train/Hand/patient10418/Negative/Hand_patient10418_Negative_001.png
bonefract_wrist_patient23455.jpg,wrist,patient23455,BoneFract A Bone Fracture Dataset/train/wrist/patient23455/Negative/wrist_patient23455_Negative_001.png
bonefract_wrist_patient32968.jpg,wrist,patient32968,BoneFract A Bone Fracture Dataset/train/wrist/patient32968/Negative/wrist_patient32968_Negative_001.png
bonefract_hand_patient39431.jpg,hand,patient39431,BoneFract A Bone Fracture Dataset/train/Hand/patient39431/Negative/Hand_patient39431_Negative_001.png
bonefract_hand_patient25997.jpg,hand,patient25997,BoneFract A Bone Fracture Dataset/train/Hand/patient25997/Negative/Hand_patient25997_Negative_001.png
bonefract_hand_patient23587.jpg,hand,patient23587,BoneFract A Bone Fracture Dataset/train/Hand/patient23587/Negative/Hand_patient23587_Negative_001.png
bonefract_hand_patient10498.jpg,hand,patient10498,BoneFract A Bone Fracture Dataset/train/Hand/patient10498/Negative/Hand_patient10498_Negative_001.png
bonefract_wrist_patient10526.jpg,wrist,patient10526,BoneFract A Bone Fracture Dataset/train/wrist/patient10526/Negative/wrist_patient10526_Negative_001.png
bonefract_wrist_patient23500.jpg,wrist,patient23500,BoneFract A Bone Fracture Dataset/train/wrist/patient23500/Negative/wrist_patient23500_Negative_001.png
bonefract_hand_patient23416.jpg,hand,patient23416,BoneFract A Bone Fracture Dataset/train/Hand/patient23416/Negative/Hand_patient23416_Negative_001.png
bonefract_wrist_patient41084.jpg,wrist,patient41084,BoneFract A Bone Fracture Dataset/train/wrist/patient41084/Negative/wrist_patient41084_Negative_001.png
bonefract_hand_patient23230.jpg,hand,patient23230,BoneFract A Bone Fracture Dataset/train/Hand/patient23230/Negative/Hand_patient23230_Negative_001.png
bonefract_hand_patient24566.jpg,hand,patient24566,BoneFract A Bone Fracture Dataset/train/Hand/patient24566/Negative/Hand_patient24566_Negative_001.png
bonefract_hand_patient08561.jpg,hand,patient08561,BoneFract A Bone Fracture Dataset/train/Hand/patient08561/Negative/Hand_patient08561_Negative_001.png
bonefract_wrist_patient25234.jpg,wrist,patient25234,BoneFract A Bone Fracture Dataset/train/wrist/patient25234/Negative/wrist_patient25234_Negative_001.png
bonefract_hand_patient24776.jpg,hand,patient24776,BoneFract A Bone Fracture Dataset/train/Hand/patient24776/Negative/Hand_patient24776_Negative_001.png
bonefract_wrist_patient04539.jpg,wrist,patient04539,BoneFract A Bone Fracture Dataset/train/wrist/patient04539/Negative/wrist_patient04539_Negative_001.png
bonefract_hand_patient25158.jpg,hand,patient25158,BoneFract A Bone Fracture Dataset/train/Hand/patient25158/Negative/Hand_patient25158_Negative_001.png
bonefract_hand_patient10053.jpg,hand,patient10053,BoneFract A Bone Fracture Dataset/train/Hand/patient10053/Negative/Hand_patient10053_Negative_001.png
bonefract_wrist_patient23169.jpg,wrist,patient23169,BoneFract A Bone Fracture Dataset/train/wrist/patient23169/Negative/wrist_patient23169_Negative_001.png
bonefract_wrist_patient24358.jpg,wrist,patient24358,BoneFract A Bone Fracture Dataset/train/wrist/patient24358/Negative/wrist_patient24358_Negative_001.png
bonefract_hand_patient09799.jpg,hand,patient09799,BoneFract A Bone Fracture Dataset/train/Hand/patient09799/Negative/Hand_patient09799_Negative_001.png
bonefract_wrist_patient26321.jpg,wrist,patient26321,BoneFract A Bone Fracture Dataset/train/wrist/patient26321/Negative/wrist_patient26321_Negative_001.png
bonefract_hand_patient08869.jpg,hand,patient08869,BoneFract A Bone Fracture Dataset/train/Hand/patient08869/Negative/Hand_patient08869_Negative_001.png
bonefract_hand_patient44931.jpg,hand,patient44931,BoneFract A Bone Fracture Dataset/train/Hand/patient44931/Negative/Hand_patient44931_Negative_001.png
bonefract_hand_patient45074.jpg,hand,patient45074,BoneFract A Bone Fracture Dataset/train/Hand/patient45074/Negative/Hand_patient45074_Negative_001.png
bonefract_wrist_patient24283.jpg,wrist,patient24283,BoneFract A Bone Fracture Dataset/train/wrist/patient24283/Negative/wrist_patient24283_Negative_001.png
bonefract_wrist_patient26118.jpg,wrist,patient26118,BoneFract A Bone Fracture Dataset/train/wrist/patient26118/Negative/wrist_patient26118_Negative_001.png
bonefract_hand_patient10002.jpg,hand,patient10002,BoneFract A Bone Fracture Dataset/train/Hand/patient10002/Negative/Hand_patient10002_Negative_001.png
bonefract_wrist_patient07024.jpg,wrist,patient07024,BoneFract A Bone Fracture Dataset/train/wrist/patient07024/Negative/wrist_patient07024_Negative_001.png
bonefract_hand_patient08017.jpg,hand,patient08017,BoneFract A Bone Fracture Dataset/train/Hand/patient08017/Negative/Hand_patient08017_Negative_001.png
bonefract_hand_patient10289.jpg,hand,patient10289,BoneFract A Bone Fracture Dataset/train/Hand/patient10289/Negative/Hand_patient10289_Negative_001.png
bonefract_wrist_patient24807.jpg,wrist,patient24807,BoneFract A Bone Fracture Dataset/train/wrist/patient24807/Negative/wrist_patient24807_Negative_001.png
bonefract_hand_patient07664.jpg,hand,patient07664,BoneFract A Bone Fracture Dataset/train/Hand/patient07664/Negative/Hand_patient07664_Negative_001.png
bonefract_wrist_patient23991.jpg,wrist,patient23991,BoneFract A Bone Fracture Dataset/train/wrist/patient23991/Negative/wrist_patient23991_Negative_001.png
bonefract_hand_patient07812.jpg,hand,patient07812,BoneFract A Bone Fracture Dataset/train/Hand/patient07812/Negative/Hand_patient07812_Negative_001.png
bonefract_hand_patient23540.jpg,hand,patient23540,BoneFract A Bone Fracture Dataset/train/Hand/patient23540/Negative/Hand_patient23540_Negative_001.png
bonefract_wrist_patient04643.jpg,wrist,patient04643,BoneFract A Bone Fracture Dataset/train/wrist/patient04643/Negative/wrist_patient04643_Negative_001.png
bonefract_wrist_patient24079.jpg,wrist,patient24079,BoneFract A Bone Fracture Dataset/train/wrist/patient24079/Negative/wrist_patient24079_Negative_001.png
bonefract_hand_patient22019.jpg,hand,patient22019,BoneFract A Bone Fracture Dataset/train/Hand/patient22019/Negative/Hand_patient22019_Negative_001.png
bonefract_wrist_patient38074.jpg,wrist,patient38074,BoneFract A Bone Fracture Dataset/train/wrist/patient38074/Negative/wrist_patient38074_Negative_001.png
bonefract_hand_patient08984.jpg,hand,patient08984,BoneFract A Bone Fracture Dataset/train/Hand/patient08984/Negative/Hand_patient08984_Negative_001.png
bonefract_hand_patient25495.jpg,hand,patient25495,BoneFract A Bone Fracture Dataset/train/Hand/patient25495/Negative/Hand_patient25495_Negative_001.png
bonefract_hand_patient25455.jpg,hand,patient25455,BoneFract A Bone Fracture Dataset/train/Hand/patient25455/Negative/Hand_patient25455_Negative_001.png
bonefract_wrist_patient25468.jpg,wrist,patient25468,BoneFract A Bone Fracture Dataset/train/wrist/patient25468/Negative/wrist_patient25468_Negative_001.png
bonefract_wrist_patient25531.jpg,wrist,patient25531,BoneFract A Bone Fracture Dataset/train/wrist/patient25531/Negative/wrist_patient25531_Negative_001.png
bonefract_wrist_patient04332.jpg,wrist,patient04332,BoneFract A Bone Fracture Dataset/train/wrist/patient04332/Negative/wrist_patient04332_Negative_001.png
bonefract_hand_patient42786.jpg,hand,patient42786,BoneFract A Bone Fracture Dataset/train/Hand/patient42786/Negative/Hand_patient42786_Negative_001.png
bonefract_wrist_patient25397.jpg,wrist,patient25397,BoneFract A Bone Fracture Dataset/train/wrist/patient25397/Negative/wrist_patient25397_Negative_001.png
bonefract_wrist_patient25448.jpg,wrist,patient25448,BoneFract A Bone Fracture Dataset/train/wrist/patient25448/Negative/wrist_patient25448_Negative_001.png
bonefract_hand_patient25634.jpg,hand,patient25634,BoneFract A Bone Fracture Dataset/train/Hand/patient25634/Negative/Hand_patient25634_Negative_001.png
bonefract_wrist_patient41070.jpg,wrist,patient41070,BoneFract A Bone Fracture Dataset/train/wrist/patient41070/Negative/wrist_patient41070_Negative_001.png
bonefract_wrist_patient23964.jpg,wrist,patient23964,BoneFract A Bone Fracture Dataset/train/wrist/patient23964/Negative/wrist_patient23964_Negative_001.png
bonefract_wrist_patient24452.jpg,wrist,patient24452,BoneFract A Bone Fracture Dataset/train/wrist/patient24452/Negative/wrist_patient24452_Negative_001.png
bonefract_wrist_patient09246.jpg,wrist,patient09246,BoneFract A Bone Fracture Dataset/train/wrist/patient09246/Negative/wrist_patient09246_Negative_001.png
bonefract_wrist_patient23638.jpg,wrist,patient23638,BoneFract A Bone Fracture Dataset/train/wrist/patient23638/Negative/wrist_patient23638_Negative_001.png
bonefract_hand_patient22214.jpg,hand,patient22214,BoneFract A Bone Fracture Dataset/train/Hand/patient22214/Negative/Hand_patient22214_Negative_001.png
bonefract_wrist_patient26203.jpg,wrist,patient26203,BoneFract A Bone Fracture Dataset/train/wrist/patient26203/Negative/wrist_patient26203_Negative_001.png
bonefract_hand_patient08846.jpg,hand,patient08846,BoneFract A Bone Fracture Dataset/train/Hand/patient08846/Negative/Hand_patient08846_Negative_001.png
bonefract_wrist_patient22754.jpg,wrist,patient22754,BoneFract A Bone Fracture Dataset/train/wrist/patient22754/Negative/wrist_patient22754_Negative_001.png
bonefract_wrist_patient09444.jpg,wrist,patient09444,BoneFract A Bone Fracture Dataset/train/wrist/patient09444/Negative/wrist_patient09444_Negative_001.png
bonefract_wrist_patient40954.jpg,wrist,patient40954,BoneFract A Bone Fracture Dataset/train/wrist/patient40954/Negative/wrist_patient40954_Negative_001.png
bonefract_wrist_patient22542.jpg,wrist,patient22542,BoneFract A Bone Fracture Dataset/train/wrist/patient22542/Negative/wrist_patient22542_Negative_001.png
bonefract_wrist_patient41049.jpg,wrist,patient41049,BoneFract A Bone Fracture Dataset/train/wrist/patient41049/Negative/wrist_patient41049_Negative_001.png
bonefract_wrist_patient22362.jpg,wrist,patient22362,BoneFract A Bone Fracture Dataset/train/wrist/patient22362/Negative/wrist_patient22362_Negative_001.png
bonefract_hand_patient08748.jpg,hand,patient08748,BoneFract A Bone Fracture Dataset/train/Hand/patient08748/Negative/Hand_patient08748_Negative_001.png
bonefract_hand_patient22320.jpg,hand,patient22320,BoneFract A Bone Fracture Dataset/train/Hand/patient22320/Negative/Hand_patient22320_Negative_001.png
bonefract_wrist_patient35336.jpg,wrist,patient35336,BoneFract A Bone Fracture Dataset/train/wrist/patient35336/Negative/wrist_patient35336_Negative_001.png
bonefract_hand_patient25017.jpg,hand,patient25017,BoneFract A Bone Fracture Dataset/train/Hand/patient25017/Negative/Hand_patient25017_Negative_001.png
bonefract_hand_patient24752.jpg,hand,patient24752,BoneFract A Bone Fracture Dataset/train/Hand/patient24752/Negative/Hand_patient24752_Negative_001.png
bonefract_hand_patient07282.jpg,hand,patient07282,BoneFract A Bone Fracture Dataset/train/Hand/patient07282/Negative/Hand_patient07282_Negative_001.png
bonefract_wrist_patient23705.jpg,wrist,patient23705,BoneFract A Bone Fracture Dataset/train/wrist/patient23705/Negative/wrist_patient23705_Negative_001.png
bonefract_hand_patient25356.jpg,hand,patient25356,BoneFract A Bone Fracture Dataset/train/Hand/patient25356/Negative/Hand_patient25356_Negative_001.png
bonefract_hand_patient22713.jpg,hand,patient22713,BoneFract A Bone Fracture Dataset/train/Hand/patient22713/Negative/Hand_patient22713_Negative_001.png
bonefract_hand_patient26068.jpg,hand,patient26068,BoneFract A Bone Fracture Dataset/train/Hand/patient26068/Negative/Hand_patient26068_Negative_001.png
bonefract_wrist_patient41031.jpg,wrist,patient41031,BoneFract A Bone Fracture Dataset/train/wrist/patient41031/Negative/wrist_patient41031_Negative_001.png
bonefract_hand_patient09008.jpg,hand,patient09008,BoneFract A Bone Fracture Dataset/train/Hand/patient09008/Negative/Hand_patient09008_Negative_001.png
bonefract_hand_patient07707.jpg,hand,patient07707,BoneFract A Bone Fracture Dataset/train/Hand/patient07707/Negative/Hand_patient07707_Negative_001.png
bonefract_hand_patient09950.jpg,hand,patient09950,BoneFract A Bone Fracture Dataset/train/Hand/patient09950/Negative/Hand_patient09950_Negative_001.png
bonefract_hand_patient08936.jpg,hand,patient08936,BoneFract A Bone Fracture Dataset/train/Hand/patient08936/Negative/Hand_patient08936_Negative_001.png
bonefract_hand_patient42736.jpg,hand,patient42736,BoneFract A Bone Fracture Dataset/train/Hand/patient42736/Negative/Hand_patient42736_Negative_001.png
bonefract_hand_patient25628.jpg,hand,patient25628,BoneFract A Bone Fracture Dataset/train/Hand/patient25628/Negative/Hand_patient25628_Negative_001.png
bonefract_wrist_patient04494.jpg,wrist,patient04494,BoneFract A Bone Fracture Dataset/train/wrist/patient04494/Negative/wrist_patient04494_Negative_001.png
bonefract_hand_patient44930.jpg,hand,patient44930,BoneFract A Bone Fracture Dataset/train/Hand/patient44930/Negative/Hand_patient44930_Negative_001.png
bonefract_hand_patient09162.jpg,hand,patient09162,BoneFract A Bone Fracture Dataset/train/Hand/patient09162/Negative/Hand_patient09162_Negative_001.png
bonefract_hand_patient09860.jpg,hand,patient09860,BoneFract A Bone Fracture Dataset/train/Hand/patient09860/Negative/Hand_patient09860_Negative_001.png
bonefract_hand_patient09796.jpg,hand,patient09796,BoneFract A Bone Fracture Dataset/train/Hand/patient09796/Negative/Hand_patient09796_Negative_001.png
bonefract_hand_patient25853.jpg,hand,patient25853,BoneFract A Bone Fracture Dataset/train/Hand/patient25853/Negative/Hand_patient25853_Negative_001.png
bonefract_hand_patient22032.jpg,hand,patient22032,BoneFract A Bone Fracture Dataset/train/Hand/patient22032/Negative/Hand_patient22032_Negative_001.png
bonefract_wrist_patient38054.jpg,wrist,patient38054,BoneFract A Bone Fracture Dataset/train/wrist/patient38054/Negative/wrist_patient38054_Negative_001.png
bonefract_wrist_patient40876.jpg,wrist,patient40876,BoneFract A Bone Fracture Dataset/train/wrist/patient40876/Negative/wrist_patient40876_Negative_001.png
bonefract_wrist_patient38049.jpg,wrist,patient38049,BoneFract A Bone Fracture Dataset/train/wrist/patient38049/Negative/wrist_patient38049_Negative_001.png
bonefract_wrist_patient24843.jpg,wrist,patient24843,BoneFract A Bone Fracture Dataset/train/wrist/patient24843/Negative/wrist_patient24843_Negative_001.png
bonefract_hand_patient08198.jpg,hand,patient08198,BoneFract A Bone Fracture Dataset/train/Hand/patient08198/Negative/Hand_patient08198_Negative_001.png
bonefract_wrist_patient25135.jpg,wrist,patient25135,BoneFract A Bone Fracture Dataset/train/wrist/patient25135/Negative/wrist_patient25135_Negative_001.png
bonefract_wrist_patient24839.jpg,wrist,patient24839,BoneFract A Bone Fracture Dataset/train/wrist/patient24839/Negative/wrist_patient24839_Negative_001.png
bonefract_wrist_patient25772.jpg,wrist,patient25772,BoneFract A Bone Fracture Dataset/train/wrist/patient25772/Negative/wrist_patient25772_Negative_001.png
bonefract_hand_patient25273.jpg,hand,patient25273,BoneFract A Bone Fracture Dataset/train/Hand/patient25273/Negative/Hand_patient25273_Negative_001.png
bonefract_hand_patient25444.jpg,hand,patient25444,BoneFract A Bone Fracture Dataset/train/Hand/patient25444/Negative/Hand_patient25444_Negative_001.png
bonefract_wrist_patient23421.jpg,wrist,patient23421,BoneFract A Bone Fracture Dataset/train/wrist/patient23421/Negative/wrist_patient23421_Negative_001.png
bonefract_wrist_patient32885.jpg,wrist,patient32885,BoneFract A Bone Fracture Dataset/train/wrist/patient32885/Negative/wrist_patient32885_Negative_001.png
bonefract_wrist_patient24772.jpg,wrist,patient24772,BoneFract A Bone Fracture Dataset/train/wrist/patient24772/Negative/wrist_patient24772_Negative_001.png
bonefract_wrist_patient22804.jpg,wrist,patient22804,BoneFract A Bone Fracture Dataset/train/wrist/patient22804/Negative/wrist_patient22804_Negative_001.png
bonefract_hand_patient09627.jpg,hand,patient09627,BoneFract A Bone Fracture Dataset/train/Hand/patient09627/Negative/Hand_patient09627_Negative_001.png
bonefract_hand_patient09300.jpg,hand,patient09300,BoneFract A Bone Fracture Dataset/train/Hand/patient09300/Negative/Hand_patient09300_Negative_001.png
bonefract_hand_patient24139.jpg,hand,patient24139,BoneFract A Bone Fracture Dataset/train/Hand/patient24139/Negative/Hand_patient24139_Negative_001.png
bonefract_hand_patient22879.jpg,hand,patient22879,BoneFract A Bone Fracture Dataset/train/Hand/patient22879/Negative/Hand_patient22879_Negative_001.png
bonefract_wrist_patient38069.jpg,wrist,patient38069,BoneFract A Bone Fracture Dataset/train/wrist/patient38069/Negative/wrist_patient38069_Negative_001.png
bonefract_wrist_patient25025.jpg,wrist,patient25025,BoneFract A Bone Fracture Dataset/train/wrist/patient25025/Negative/wrist_patient25025_Negative_001.png
bonefract_wrist_patient35296.jpg,wrist,patient35296,BoneFract A Bone Fracture Dataset/train/wrist/patient35296/Negative/wrist_patient35296_Negative_001.png
bonefract_wrist_patient26236.jpg,wrist,patient26236,BoneFract A Bone Fracture Dataset/train/wrist/patient26236/Negative/wrist_patient26236_Negative_001.png
bonefract_wrist_patient24731.jpg,wrist,patient24731,BoneFract A Bone Fracture Dataset/train/wrist/patient24731/Negative/wrist_patient24731_Negative_001.png
bonefract_hand_patient09569.jpg,hand,patient09569,BoneFract A Bone Fracture Dataset/train/Hand/patient09569/Negative/Hand_patient09569_Negative_001.png
bonefract_wrist_patient26305.jpg,wrist,patient26305,BoneFract A Bone Fracture Dataset/train/wrist/patient26305/Negative/wrist_patient26305_Negative_001.png
bonefract_wrist_patient25523.jpg,wrist,patient25523,BoneFract A Bone Fracture Dataset/train/wrist/patient25523/Negative/wrist_patient25523_Negative_001.png
bonefract_hand_patient07351.jpg,hand,patient07351,BoneFract A Bone Fracture Dataset/train/Hand/patient07351/Negative/Hand_patient07351_Negative_001.png
bonefract_hand_patient42793.jpg,hand,patient42793,BoneFract A Bone Fracture Dataset/train/Hand/patient42793/Negative/Hand_patient42793_Negative_001.png
bonefract_wrist_patient25456.jpg,wrist,patient25456,BoneFract A Bone Fracture Dataset/train/wrist/patient25456/Negative/wrist_patient25456_Negative_001.png
bonefract_wrist_patient35500.jpg,wrist,patient35500,BoneFract A Bone Fracture Dataset/train/wrist/patient35500/Negative/wrist_patient35500_Negative_001.png
bonefract_hand_patient09418.jpg,hand,patient09418,BoneFract A Bone Fracture Dataset/train/Hand/patient09418/Negative/Hand_patient09418_Negative_001.png
bonefract_wrist_patient23937.jpg,wrist,patient23937,BoneFract A Bone Fracture Dataset/train/wrist/patient23937/Negative/wrist_patient23937_Negative_001.png
bonefract_wrist_patient23931.jpg,wrist,patient23931,BoneFract A Bone Fracture Dataset/train/wrist/patient23931/Negative/wrist_patient23931_Negative_001.png
bonefract_hand_patient36960.jpg,hand,patient36960,BoneFract A Bone Fracture Dataset/train/Hand/patient36960/Negative/Hand_patient36960_Negative_001.png
bonefract_wrist_patient22721.jpg,wrist,patient22721,BoneFract A Bone Fracture Dataset/train/wrist/patient22721/Negative/wrist_patient22721_Negative_001.png
bonefract_wrist_patient25815.jpg,wrist,patient25815,BoneFract A Bone Fracture Dataset/train/wrist/patient25815/Negative/wrist_patient25815_Negative_001.png
bonefract_wrist_patient22453.jpg,wrist,patient22453,BoneFract A Bone Fracture Dataset/train/wrist/patient22453/Negative/wrist_patient22453_Negative_001.png
bonefract_hand_patient10152.jpg,hand,patient10152,BoneFract A Bone Fracture Dataset/train/Hand/patient10152/Negative/Hand_patient10152_Negative_001.png
bonefract_wrist_patient26253.jpg,wrist,patient26253,BoneFract A Bone Fracture Dataset/train/wrist/patient26253/Negative/wrist_patient26253_Negative_001.png
bonefract_hand_patient22632.jpg,hand,patient22632,BoneFract A Bone Fracture Dataset/train/Hand/patient22632/Negative/Hand_patient22632_Negative_001.png
bonefract_hand_patient08731.jpg,hand,patient08731,BoneFract A Bone Fracture Dataset/train/Hand/patient08731/Negative/Hand_patient08731_Negative_001.png
bonefract_wrist_patient33027.jpg,wrist,patient33027,BoneFract A Bone Fracture Dataset/train/wrist/patient33027/Negative/wrist_patient33027_Negative_001.png
bonefract_hand_patient10028.jpg,hand,patient10028,BoneFract A Bone Fracture Dataset/train/Hand/patient10028/Negative/Hand_patient10028_Negative_001.png
bonefract_hand_patient10375.jpg,hand,patient10375,BoneFract A Bone Fracture Dataset/train/Hand/patient10375/Negative/Hand_patient10375_Negative_001.png
bonefract_hand_patient21969.jpg,hand,patient21969,BoneFract A Bone Fracture Dataset/train/Hand/patient21969/Negative/Hand_patient21969_Negative_001.png
bonefract_hand_patient42714.jpg,hand,patient42714,BoneFract A Bone Fracture Dataset/train/Hand/patient42714/Negative/Hand_patient42714_Negative_001.png
bonefract_hand_patient23110.jpg,hand,patient23110,BoneFract A Bone Fracture Dataset/train/Hand/patient23110/Negative/Hand_patient23110_Negative_001.png
bonefract_hand_patient22885.jpg,hand,patient22885,BoneFract A Bone Fracture Dataset/train/Hand/patient22885/Negative/Hand_patient22885_Negative_001.png
bonefract_hand_patient09744.jpg,hand,patient09744,BoneFract A Bone Fracture Dataset/train/Hand/patient09744/Negative/Hand_patient09744_Negative_001.png
bonefract_hand_patient22052.jpg,hand,patient22052,BoneFract A Bone Fracture Dataset/train/Hand/patient22052/Negative/Hand_patient22052_Negative_001.png
bonefract_wrist_patient38137.jpg,wrist,patient38137,BoneFract A Bone Fracture Dataset/train/wrist/patient38137/Negative/wrist_patient38137_Negative_001.png
bonefract_hand_patient25350.jpg,hand,patient25350,BoneFract A Bone Fracture Dataset/train/Hand/patient25350/Negative/Hand_patient25350_Negative_001.png
bonefract_wrist_patient15461.jpg,wrist,patient15461,BoneFract A Bone Fracture Dataset/train/wrist/patient15461/Negative/wrist_patient15461_Negative_001.png
bonefract_wrist_patient25430.jpg,wrist,patient25430,BoneFract A Bone Fracture Dataset/train/wrist/patient25430/Negative/wrist_patient25430_Negative_001.png
bonefract_hand_patient22528.jpg,hand,patient22528,BoneFract A Bone Fracture Dataset/train/Hand/patient22528/Negative/Hand_patient22528_Negative_001.png
bonefract_hand_patient07775.jpg,hand,patient07775,BoneFract A Bone Fracture Dataset/train/Hand/patient07775/Negative/Hand_patient07775_Negative_001.png
bonefract_hand_patient08870.jpg,hand,patient08870,BoneFract A Bone Fracture Dataset/train/Hand/patient08870/Negative/Hand_patient08870_Negative_001.png
bonefract_hand_patient10596.jpg,hand,patient10596,BoneFract A Bone Fracture Dataset/train/Hand/patient10596/Negative/Hand_patient10596_Negative_001.png
bonefract_wrist_patient29244.jpg,wrist,patient29244,BoneFract A Bone Fracture Dataset/train/wrist/patient29244/Negative/wrist_patient29244_Negative_001.png
bonefract_hand_patient08982.jpg,hand,patient08982,BoneFract A Bone Fracture Dataset/train/Hand/patient08982/Negative/Hand_patient08982_Negative_001.png
bonefract_hand_patient10487.jpg,hand,patient10487,BoneFract A Bone Fracture Dataset/train/Hand/patient10487/Negative/Hand_patient10487_Negative_001.png
bonefract_hand_patient36792.jpg,hand,patient36792,BoneFract A Bone Fracture Dataset/train/Hand/patient36792/Negative/Hand_patient36792_Negative_001.png
bonefract_hand_patient22374.jpg,hand,patient22374,BoneFract A Bone Fracture Dataset/train/Hand/patient22374/Negative/Hand_patient22374_Negative_001.png
bonefract_hand_patient08906.jpg,hand,patient08906,BoneFract A Bone Fracture Dataset/train/Hand/patient08906/Negative/Hand_patient08906_Negative_001.png
bonefract_wrist_patient08115.jpg,wrist,patient08115,BoneFract A Bone Fracture Dataset/train/wrist/patient08115/Negative/wrist_patient08115_Negative_001.png
bonefract_hand_patient08521.jpg,hand,patient08521,BoneFract A Bone Fracture Dataset/train/Hand/patient08521/Negative/Hand_patient08521_Negative_001.png
bonefract_hand_patient07688.jpg,hand,patient07688,BoneFract A Bone Fracture Dataset/train/Hand/patient07688/Negative/Hand_patient07688_Negative_001.png
bonefract_wrist_patient40974.jpg,wrist,patient40974,BoneFract A Bone Fracture Dataset/train/wrist/patient40974/Negative/wrist_patient40974_Negative_001.png
bonefract_wrist_patient24642.jpg,wrist,patient24642,BoneFract A Bone Fracture Dataset/train/wrist/patient24642/Negative/wrist_patient24642_Negative_001.png
bonefract_wrist_patient10587.jpg,wrist,patient10587,BoneFract A Bone Fracture Dataset/train/wrist/patient10587/Negative/wrist_patient10587_Negative_001.png
bonefract_wrist_patient22305.jpg,wrist,patient22305,BoneFract A Bone Fracture Dataset/train/wrist/patient22305/Negative/wrist_patient22305_Negative_001.png
bonefract_hand_patient10187.jpg,hand,patient10187,BoneFract A Bone Fracture Dataset/train/Hand/patient10187/Negative/Hand_patient10187_Negative_001.png
bonefract_hand_patient08382.jpg,hand,patient08382,BoneFract A Bone Fracture Dataset/train/Hand/patient08382/Negative/Hand_patient08382_Negative_001.png
bonefract_wrist_patient24457.jpg,wrist,patient24457,BoneFract A Bone Fracture Dataset/train/wrist/patient24457/Negative/wrist_patient24457_Negative_001.png
bonefract_hand_patient08256.jpg,hand,patient08256,BoneFract A Bone Fracture Dataset/train/Hand/patient08256/Negative/Hand_patient08256_Negative_001.png
bonefract_hand_patient25860.jpg,hand,patient25860,BoneFract A Bone Fracture Dataset/train/Hand/patient25860/Negative/Hand_patient25860_Negative_001.png
bonefract_wrist_patient25537.jpg,wrist,patient25537,BoneFract A Bone Fracture Dataset/train/wrist/patient25537/Negative/wrist_patient25537_Negative_001.png
bonefract_wrist_patient25481.jpg,wrist,patient25481,BoneFract A Bone Fracture Dataset/train/wrist/patient25481/Negative/wrist_patient25481_Negative_001.png
bonefract_wrist_patient23229.jpg,wrist,patient23229,BoneFract A Bone Fracture Dataset/train/wrist/patient23229/Negative/wrist_patient23229_Negative_001.png
bonefract_hand_patient25976.jpg,hand,patient25976,BoneFract A Bone Fracture Dataset/train/Hand/patient25976/Negative/Hand_patient25976_Negative_001.png
bonefract_hand_patient08437.jpg,hand,patient08437,BoneFract A Bone Fracture Dataset/train/Hand/patient08437/Negative/Hand_patient08437_Negative_001.png
bonefract_hand_patient08324.jpg,hand,patient08324,BoneFract A Bone Fracture Dataset/train/Hand/patient08324/Negative/Hand_patient08324_Negative_001.png
bonefract_wrist_patient24748.jpg,wrist,patient24748,BoneFract A Bone Fracture Dataset/train/wrist/patient24748/Negative/wrist_patient24748_Negative_001.png
bonefract_hand_patient39603.jpg,hand,patient39603,BoneFract A Bone Fracture Dataset/train/Hand/patient39603/Negative/Hand_patient39603_Negative_001.png
bonefract_hand_patient08563.jpg,hand,patient08563,BoneFract A Bone Fracture Dataset/train/Hand/patient08563/Negative/Hand_patient08563_Negative_001.png
bonefract_wrist_patient49048.jpg,wrist,patient49048,BoneFract A Bone Fracture Dataset/train/wrist/patient49048/Negative/wrist_patient49048_Negative_001.png
bonefract_wrist_patient04217.jpg,wrist,patient04217,BoneFract A Bone Fracture Dataset/train/wrist/patient04217/Negative/wrist_patient04217_Negative_001.png
bonefract_hand_patient22680.jpg,hand,patient22680,BoneFract A Bone Fracture Dataset/train/Hand/patient22680/Negative/Hand_patient22680_Negative_001.png
bonefract_hand_patient36915.jpg,hand,patient36915,BoneFract A Bone Fracture Dataset/train/Hand/patient36915/Negative/Hand_patient36915_Negative_001.png
bonefract_wrist_patient22440.jpg,wrist,patient22440,BoneFract A Bone Fracture Dataset/train/wrist/patient22440/Negative/wrist_patient22440_Negative_001.png
bonefract_wrist_patient23391.jpg,wrist,patient23391,BoneFract A Bone Fracture Dataset/train/wrist/patient23391/Negative/wrist_patient23391_Negative_001.png
bonefract_hand_patient22448.jpg,hand,patient22448,BoneFract A Bone Fracture Dataset/train/Hand/patient22448/Negative/Hand_patient22448_Negative_001.png
bonefract_hand_patient36821.jpg,hand,patient36821,BoneFract A Bone Fracture Dataset/train/Hand/patient36821/Negative/Hand_patient36821_Negative_001.png
bonefract_wrist_patient32955.jpg,wrist,patient32955,BoneFract A Bone Fracture Dataset/train/wrist/patient32955/Negative/wrist_patient32955_Negative_001.png
bonefract_hand_patient47567.jpg,hand,patient47567,BoneFract A Bone Fracture Dataset/train/Hand/patient47567/Negative/Hand_patient47567_Negative_001.png
bonefract_wrist_patient25486.jpg,wrist,patient25486,BoneFract A Bone Fracture Dataset/train/wrist/patient25486/Negative/wrist_patient25486_Negative_001.png
bonefract_hand_patient39531.jpg,hand,patient39531,BoneFract A Bone Fracture Dataset/train/Hand/patient39531/Negative/Hand_patient39531_Negative_001.png
bonefract_hand_patient25229.jpg,hand,patient25229,BoneFract A Bone Fracture Dataset/train/Hand/patient25229/Negative/Hand_patient25229_Negative_001.png
bonefract_hand_patient09224.jpg,hand,patient09224,BoneFract A Bone Fracture Dataset/train/Hand/patient09224/Negative/Hand_patient09224_Negative_001.png
bonefract_wrist_patient24606.jpg,wrist,patient24606,BoneFract A Bone Fracture Dataset/train/wrist/patient24606/Negative/wrist_patient24606_Negative_001.png
bonefract_wrist_patient25106.jpg,wrist,patient25106,BoneFract A Bone Fracture Dataset/train/wrist/patient25106/Negative/wrist_patient25106_Negative_001.png
bonefract_wrist_patient23744.jpg,wrist,patient23744,BoneFract A Bone Fracture Dataset/train/wrist/patient23744/Negative/wrist_patient23744_Negative_001.png
bonefract_wrist_patient25618.jpg,wrist,patient25618,BoneFract A Bone Fracture Dataset/train/wrist/patient25618/Negative/wrist_patient25618_Negative_001.png
bonefract_wrist_patient40955.jpg,wrist,patient40955,BoneFract A Bone Fracture Dataset/train/wrist/patient40955/Negative/wrist_patient40955_Negative_001.png
bonefract_hand_patient23878.jpg,hand,patient23878,BoneFract A Bone Fracture Dataset/train/Hand/patient23878/Negative/Hand_patient23878_Negative_001.png
bonefract_hand_patient39645.jpg,hand,patient39645,BoneFract A Bone Fracture Dataset/train/Hand/patient39645/Negative/Hand_patient39645_Negative_001.png
bonefract_hand_patient44969.jpg,hand,patient44969,BoneFract A Bone Fracture Dataset/train/Hand/patient44969/Negative/Hand_patient44969_Negative_001.png
bonefract_hand_patient09468.jpg,hand,patient09468,BoneFract A Bone Fracture Dataset/train/Hand/patient09468/Negative/Hand_patient09468_Negative_001.png
bonefract_wrist_patient41004.jpg,wrist,patient41004,BoneFract A Bone Fracture Dataset/train/wrist/patient41004/Negative/wrist_patient41004_Negative_001.png
bonefract_hand_patient25214.jpg,hand,patient25214,BoneFract A Bone Fracture Dataset/train/Hand/patient25214/Negative/Hand_patient25214_Negative_001.png
bonefract_wrist_patient23509.jpg,wrist,patient23509,BoneFract A Bone Fracture Dataset/train/wrist/patient23509/Negative/wrist_patient23509_Negative_001.png
bonefract_wrist_patient05873.jpg,wrist,patient05873,BoneFract A Bone Fracture Dataset/train/wrist/patient05873/Negative/wrist_patient05873_Negative_001.png
bonefract_wrist_patient37956.jpg,wrist,patient37956,BoneFract A Bone Fracture Dataset/train/wrist/patient37956/Negative/wrist_patient37956_Negative_001.png
bonefract_hand_patient23883.jpg,hand,patient23883,BoneFract A Bone Fracture Dataset/train/Hand/patient23883/Negative/Hand_patient23883_Negative_001.png
bonefract_wrist_patient22116.jpg,wrist,patient22116,BoneFract A Bone Fracture Dataset/train/wrist/patient22116/Negative/wrist_patient22116_Negative_001.png
bonefract_wrist_patient23565.jpg,wrist,patient23565,BoneFract A Bone Fracture Dataset/train/wrist/patient23565/Negative/wrist_patient23565_Negative_001.png
bonefract_hand_patient10087.jpg,hand,patient10087,BoneFract A Bone Fracture Dataset/train/Hand/patient10087/Negative/Hand_patient10087_Negative_001.png
bonefract_hand_patient07699.jpg,hand,patient07699,BoneFract A Bone Fracture Dataset/train/Hand/patient07699/Negative/Hand_patient07699_Negative_001.png
bonefract_wrist_patient32919.jpg,wrist,patient32919,BoneFract A Bone Fracture Dataset/train/wrist/patient32919/Negative/wrist_patient32919_Negative_001.png
bonefract_wrist_patient23485.jpg,wrist,patient23485,BoneFract A Bone Fracture Dataset/train/wrist/patient23485/Negative/wrist_patient23485_Negative_001.png
bonefract_wrist_patient23078.jpg,wrist,patient23078,BoneFract A Bone Fracture Dataset/train/wrist/patient23078/Negative/wrist_patient23078_Negative_001.png
bonefract_hand_patient25309.jpg,hand,patient25309,BoneFract A Bone Fracture Dataset/train/Hand/patient25309/Negative/Hand_patient25309_Negative_001.png
bonefract_wrist_patient35289.jpg,wrist,patient35289,BoneFract A Bone Fracture Dataset/train/wrist/patient35289/Negative/wrist_patient35289_Negative_001.png
bonefract_wrist_patient11857.jpg,wrist,patient11857,BoneFract A Bone Fracture Dataset/train/wrist/patient11857/Negative/wrist_patient11857_Negative_001.png
bonefract_wrist_patient40997.jpg,wrist,patient40997,BoneFract A Bone Fracture Dataset/train/wrist/patient40997/Negative/wrist_patient40997_Negative_001.png
bonefract_hand_patient36814.jpg,hand,patient36814,BoneFract A Bone Fracture Dataset/train/Hand/patient36814/Negative/Hand_patient36814_Negative_001.png
bonefract_hand_patient23102.jpg,hand,patient23102,BoneFract A Bone Fracture Dataset/train/Hand/patient23102/Negative/Hand_patient23102_Negative_001.png
bonefract_hand_patient24094.jpg,hand,patient24094,BoneFract A Bone Fracture Dataset/train/Hand/patient24094/Negative/Hand_patient24094_Negative_001.png
bonefract_wrist_patient38167.jpg,wrist,patient38167,BoneFract A Bone Fracture Dataset/train/wrist/patient38167/Negative/wrist_patient38167_Negative_001.png
bonefract_hand_patient09035.jpg,hand,patient09035,BoneFract A Bone Fracture Dataset/train/Hand/patient09035/Negative/Hand_patient09035_Negative_001.png
bonefract_wrist_patient24412.jpg,wrist,patient24412,BoneFract A Bone Fracture Dataset/train/wrist/patient24412/Negative/wrist_patient24412_Negative_001.png
bonefract_hand_patient24704.jpg,hand,patient24704,BoneFract A Bone Fracture Dataset/train/Hand/patient24704/Negative/Hand_patient24704_Negative_001.png
bonefract_wrist_patient25541.jpg,wrist,patient25541,BoneFract A Bone Fracture Dataset/train/wrist/patient25541/Negative/wrist_patient25541_Negative_001.png
bonefract_wrist_patient35270.jpg,wrist,patient35270,BoneFract A Bone Fracture Dataset/train/wrist/patient35270/Negative/wrist_patient35270_Negative_001.png
bonefract_wrist_patient25029.jpg,wrist,patient25029,BoneFract A Bone Fracture Dataset/train/wrist/patient25029/Negative/wrist_patient25029_Negative_001.png
bonefract_wrist_patient41080.jpg,wrist,patient41080,BoneFract A Bone Fracture Dataset/train/wrist/patient41080/Negative/wrist_patient41080_Negative_001.png
bonefract_wrist_patient08550.jpg,wrist,patient08550,BoneFract A Bone Fracture Dataset/train/wrist/patient08550/Negative/wrist_patient08550_Negative_001.png
bonefract_wrist_patient24712.jpg,wrist,patient24712,BoneFract A Bone Fracture Dataset/train/wrist/patient24712/Negative/wrist_patient24712_Negative_001.png
bonefract_wrist_patient32910.jpg,wrist,patient32910,BoneFract A Bone Fracture Dataset/train/wrist/patient32910/Negative/wrist_patient32910_Negative_001.png
bonefract_wrist_patient24969.jpg,wrist,patient24969,BoneFract A Bone Fracture Dataset/train/wrist/patient24969/Negative/wrist_patient24969_Negative_001.png
bonefract_wrist_patient35305.jpg,wrist,patient35305,BoneFract A Bone Fracture Dataset/train/wrist/patient35305/Negative/wrist_patient35305_Negative_001.png
bonefract_hand_patient09385.jpg,hand,patient09385,BoneFract A Bone Fracture Dataset/train/Hand/patient09385/Negative/Hand_patient09385_Negative_001.png
bonefract_hand_patient25811.jpg,hand,patient25811,BoneFract A Bone Fracture Dataset/train/Hand/patient25811/Negative/Hand_patient25811_Negative_001.png
bonefract_wrist_patient04267.jpg,wrist,patient04267,BoneFract A Bone Fracture Dataset/train/wrist/patient04267/Negative/wrist_patient04267_Negative_001.png
bonefract_hand_patient42809.jpg,hand,patient42809,BoneFract A Bone Fracture Dataset/train/Hand/patient42809/Negative/Hand_patient42809_Negative_001.png
bonefract_hand_patient09803.jpg,hand,patient09803,BoneFract A Bone Fracture Dataset/train/Hand/patient09803/Negative/Hand_patient09803_Negative_001.png
bonefract_hand_patient22894.jpg,hand,patient22894,BoneFract A Bone Fracture Dataset/train/Hand/patient22894/Negative/Hand_patient22894_Negative_001.png
bonefract_hand_patient22170.jpg,hand,patient22170,BoneFract A Bone Fracture Dataset/train/Hand/patient22170/Negative/Hand_patient22170_Negative_001.png
bonefract_hand_patient09398.jpg,hand,patient09398,BoneFract A Bone Fracture Dataset/train/Hand/patient09398/Negative/Hand_patient09398_Negative_001.png
bonefract_hand_patient44990.jpg,hand,patient44990,BoneFract A Bone Fracture Dataset/train/Hand/patient44990/Negative/Hand_patient44990_Negative_001.png
bonefract_hand_patient08750.jpg,hand,patient08750,BoneFract A Bone Fracture Dataset/train/Hand/patient08750/Negative/Hand_patient08750_Negative_001.png
bonefract_wrist_patient40925.jpg,wrist,patient40925,BoneFract A Bone Fracture Dataset/train/wrist/patient40925/Negative/wrist_patient40925_Negative_001.png
bonefract_wrist_patient24255.jpg,wrist,patient24255,BoneFract A Bone Fracture Dataset/train/wrist/patient24255/Negative/wrist_patient24255_Negative_001.png
bonefract_wrist_patient23122.jpg,wrist,patient23122,BoneFract A Bone Fracture Dataset/train/wrist/patient23122/Negative/wrist_patient23122_Negative_001.png
bonefract_hand_patient09069.jpg,hand,patient09069,BoneFract A Bone Fracture Dataset/train/Hand/patient09069/Negative/Hand_patient09069_Negative_001.png
bonefract_wrist_patient43649.jpg,wrist,patient43649,BoneFract A Bone Fracture Dataset/train/wrist/patient43649/Negative/wrist_patient43649_Negative_001.png
bonefract_hand_patient08769.jpg,hand,patient08769,BoneFract A Bone Fracture Dataset/train/Hand/patient08769/Negative/Hand_patient08769_Negative_001.png
bonefract_hand_patient39468.jpg,hand,patient39468,BoneFract A Bone Fracture Dataset/train/Hand/patient39468/Negative/Hand_patient39468_Negative_001.png
bonefract_wrist_patient33024.jpg,wrist,patient33024,BoneFract A Bone Fracture Dataset/train/wrist/patient33024/Negative/wrist_patient33024_Negative_001.png
bonefract_wrist_patient43695.jpg,wrist,patient43695,BoneFract A Bone Fracture Dataset/train/wrist/patient43695/Negative/wrist_patient43695_Negative_001.png
bonefract_wrist_patient25184.jpg,wrist,patient25184,BoneFract A Bone Fracture Dataset/train/wrist/patient25184/Negative/wrist_patient25184_Negative_001.png
bonefract_hand_patient10348.jpg,hand,patient10348,BoneFract A Bone Fracture Dataset/train/Hand/patient10348/Negative/Hand_patient10348_Negative_001.png
bonefract_wrist_patient38207.jpg,wrist,patient38207,BoneFract A Bone Fracture Dataset/train/wrist/patient38207/Negative/wrist_patient38207_Negative_001.png
bonefract_hand_patient42824.jpg,hand,patient42824,BoneFract A Bone Fracture Dataset/train/Hand/patient42824/Negative/Hand_patient42824_Negative_001.png
bonefract_hand_patient36861.jpg,hand,patient36861,BoneFract A Bone Fracture Dataset/train/Hand/patient36861/Negative/Hand_patient36861_Negative_001.png
bonefract_hand_patient09280.jpg,hand,patient09280,BoneFract A Bone Fracture Dataset/train/Hand/patient09280/Negative/Hand_patient09280_Negative_001.png
bonefract_wrist_patient21970.jpg,wrist,patient21970,BoneFract A Bone Fracture Dataset/train/wrist/patient21970/Negative/wrist_patient21970_Negative_001.png
bonefract_hand_patient08752.jpg,hand,patient08752,BoneFract A Bone Fracture Dataset/train/Hand/patient08752/Negative/Hand_patient08752_Negative_001.png
bonefract_hand_patient39657.jpg,hand,patient39657,BoneFract A Bone Fracture Dataset/train/Hand/patient39657/Negative/Hand_patient39657_Negative_001.png
bonefract_wrist_patient23936.jpg,wrist,patient23936,BoneFract A Bone Fracture Dataset/train/wrist/patient23936/Negative/wrist_patient23936_Negative_001.png
bonefract_wrist_patient25401.jpg,wrist,patient25401,BoneFract A Bone Fracture Dataset/train/wrist/patient25401/Negative/wrist_patient25401_Negative_001.png
bonefract_wrist_patient35509.jpg,wrist,patient35509,BoneFract A Bone Fracture Dataset/train/wrist/patient35509/Negative/wrist_patient35509_Negative_001.png
bonefract_wrist_patient49027.jpg,wrist,patient49027,BoneFract A Bone Fracture Dataset/train/wrist/patient49027/Negative/wrist_patient49027_Negative_001.png
bonefract_hand_patient22808.jpg,hand,patient22808,BoneFract A Bone Fracture Dataset/train/Hand/patient22808/Negative/Hand_patient22808_Negative_001.png
bonefract_wrist_patient26038.jpg,wrist,patient26038,BoneFract A Bone Fracture Dataset/train/wrist/patient26038/Negative/wrist_patient26038_Negative_001.png
bonefract_hand_patient25307.jpg,hand,patient25307,BoneFract A Bone Fracture Dataset/train/Hand/patient25307/Negative/Hand_patient25307_Negative_001.png
bonefract_wrist_patient22359.jpg,wrist,patient22359,BoneFract A Bone Fracture Dataset/train/wrist/patient22359/Negative/wrist_patient22359_Negative_001.png
bonefract_hand_patient09498.jpg,hand,patient09498,BoneFract A Bone Fracture Dataset/train/Hand/patient09498/Negative/Hand_patient09498_Negative_001.png
bonefract_hand_patient09446.jpg,hand,patient09446,BoneFract A Bone Fracture Dataset/train/Hand/patient09446/Negative/Hand_patient09446_Negative_001.png
bonefract_hand_patient23797.jpg,hand,patient23797,BoneFract A Bone Fracture Dataset/train/Hand/patient23797/Negative/Hand_patient23797_Negative_001.png
bonefract_wrist_patient38152.jpg,wrist,patient38152,BoneFract A Bone Fracture Dataset/train/wrist/patient38152/Negative/wrist_patient38152_Negative_001.png
bonefract_wrist_patient49089.jpg,wrist,patient49089,BoneFract A Bone Fracture Dataset/train/wrist/patient49089/Negative/wrist_patient49089_Negative_001.png
bonefract_hand_patient25019.jpg,hand,patient25019,BoneFract A Bone Fracture Dataset/train/Hand/patient25019/Negative/Hand_patient25019_Negative_001.png
bonefract_wrist_patient26216.jpg,wrist,patient26216,BoneFract A Bone Fracture Dataset/train/wrist/patient26216/Negative/wrist_patient26216_Negative_001.png
bonefract_wrist_patient25113.jpg,wrist,patient25113,BoneFract A Bone Fracture Dataset/train/wrist/patient25113/Negative/wrist_patient25113_Negative_001.png
bonefract_wrist_patient25587.jpg,wrist,patient25587,BoneFract A Bone Fracture Dataset/train/wrist/patient25587/Negative/wrist_patient25587_Negative_001.png
bonefract_wrist_patient38095.jpg,wrist,patient38095,BoneFract A Bone Fracture Dataset/train/wrist/patient38095/Negative/wrist_patient38095_Negative_001.png
bonefract_hand_patient07626.jpg,hand,patient07626,BoneFract A Bone Fracture Dataset/train/Hand/patient07626/Negative/Hand_patient07626_Negative_001.png
bonefract_hand_patient08973.jpg,hand,patient08973,BoneFract A Bone Fracture Dataset/train/Hand/patient08973/Negative/Hand_patient08973_Negative_001.png
bonefract_wrist_patient24859.jpg,wrist,patient24859,BoneFract A Bone Fracture Dataset/train/wrist/patient24859/Negative/wrist_patient24859_Negative_001.png
bonefract_wrist_patient22308.jpg,wrist,patient22308,BoneFract A Bone Fracture Dataset/train/wrist/patient22308/Negative/wrist_patient22308_Negative_001.png
bonefract_hand_patient23288.jpg,hand,patient23288,BoneFract A Bone Fracture Dataset/train/Hand/patient23288/Negative/Hand_patient23288_Negative_001.png
bonefract_hand_patient09542.jpg,hand,patient09542,BoneFract A Bone Fracture Dataset/train/Hand/patient09542/Negative/Hand_patient09542_Negative_001.png
bonefract_wrist_patient08154.jpg,wrist,patient08154,BoneFract A Bone Fracture Dataset/train/wrist/patient08154/Negative/wrist_patient08154_Negative_001.png
bonefract_wrist_patient32982.jpg,wrist,patient32982,BoneFract A Bone Fracture Dataset/train/wrist/patient32982/Negative/wrist_patient32982_Negative_001.png
bonefract_hand_patient24987.jpg,hand,patient24987,BoneFract A Bone Fracture Dataset/train/Hand/patient24987/Negative/Hand_patient24987_Negative_001.png
bonefract_hand_patient22598.jpg,hand,patient22598,BoneFract A Bone Fracture Dataset/train/Hand/patient22598/Negative/Hand_patient22598_Negative_001.png
bonefract_hand_patient08022.jpg,hand,patient08022,BoneFract A Bone Fracture Dataset/train/Hand/patient08022/Negative/Hand_patient08022_Negative_001.png
bonefract_hand_patient07277.jpg,hand,patient07277,BoneFract A Bone Fracture Dataset/train/Hand/patient07277/Negative/Hand_patient07277_Negative_001.png
bonefract_wrist_patient43613.jpg,wrist,patient43613,BoneFract A Bone Fracture Dataset/train/wrist/patient43613/Negative/wrist_patient43613_Negative_001.png
bonefract_wrist_patient25363.jpg,wrist,patient25363,BoneFract A Bone Fracture Dataset/train/wrist/patient25363/Negative/wrist_patient25363_Negative_001.png
bonefract_wrist_patient33021.jpg,wrist,patient33021,BoneFract A Bone Fracture Dataset/train/wrist/patient33021/Negative/wrist_patient33021_Negative_001.png
bonefract_wrist_patient24297.jpg,wrist,patient24297,BoneFract A Bone Fracture Dataset/train/wrist/patient24297/Negative/wrist_patient24297_Negative_001.png
bonefract_wrist_patient24126.jpg,wrist,patient24126,BoneFract A Bone Fracture Dataset/train/wrist/patient24126/Negative/wrist_patient24126_Negative_001.png
bonefract_hand_patient23469.jpg,hand,patient23469,BoneFract A Bone Fracture Dataset/train/Hand/patient23469/Negative/Hand_patient23469_Negative_001.png
bonefract_wrist_patient43674.jpg,wrist,patient43674,BoneFract A Bone Fracture Dataset/train/wrist/patient43674/Negative/wrist_patient43674_Negative_001.png
bonefract_hand_patient25978.jpg,hand,patient25978,BoneFract A Bone Fracture Dataset/train/Hand/patient25978/Negative/Hand_patient25978_Negative_001.png
bonefract_hand_patient10549.jpg,hand,patient10549,BoneFract A Bone Fracture Dataset/train/Hand/patient10549/Negative/Hand_patient10549_Negative_001.png
bonefract_wrist_patient05935.jpg,wrist,patient05935,BoneFract A Bone Fracture Dataset/train/wrist/patient05935/Negative/wrist_patient05935_Negative_001.png
bonefract_wrist_patient05471.jpg,wrist,patient05471,BoneFract A Bone Fracture Dataset/train/wrist/patient05471/Negative/wrist_patient05471_Negative_001.png
bonefract_hand_patient34978.jpg,hand,patient34978,BoneFract A Bone Fracture Dataset/train/Hand/patient34978/Negative/Hand_patient34978_Negative_001.png
bonefract_wrist_patient05959.jpg,wrist,patient05959,BoneFract A Bone Fracture Dataset/train/wrist/patient05959/Negative/wrist_patient05959_Negative_001.png
bonefract_wrist_patient37978.jpg,wrist,patient37978,BoneFract A Bone Fracture Dataset/train/wrist/patient37978/Negative/wrist_patient37978_Negative_001.png
bonefract_wrist_patient40792.jpg,wrist,patient40792,BoneFract A Bone Fracture Dataset/train/wrist/patient40792/Negative/wrist_patient40792_Negative_001.png
bonefract_wrist_patient25086.jpg,wrist,patient25086,BoneFract A Bone Fracture Dataset/train/wrist/patient25086/Negative/wrist_patient25086_Negative_001.png
bonefract_hand_patient36918.jpg,hand,patient36918,BoneFract A Bone Fracture Dataset/train/Hand/patient36918/Negative/Hand_patient36918_Negative_001.png
bonefract_hand_patient08159.jpg,hand,patient08159,BoneFract A Bone Fracture Dataset/train/Hand/patient08159/Negative/Hand_patient08159_Negative_001.png
bonefract_hand_patient25957.jpg,hand,patient25957,BoneFract A Bone Fracture Dataset/train/Hand/patient25957/Negative/Hand_patient25957_Negative_001.png
bonefract_hand_patient24864.jpg,hand,patient24864,BoneFract A Bone Fracture Dataset/train/Hand/patient24864/Negative/Hand_patient24864_Negative_001.png
bonefract_hand_patient07403.jpg,hand,patient07403,BoneFract A Bone Fracture Dataset/train/Hand/patient07403/Negative/Hand_patient07403_Negative_001.png
bonefract_wrist_patient38205.jpg,wrist,patient38205,BoneFract A Bone Fracture Dataset/train/wrist/patient38205/Negative/wrist_patient38205_Negative_001.png
bonefract_hand_patient23553.jpg,hand,patient23553,BoneFract A Bone Fracture Dataset/train/Hand/patient23553/Negative/Hand_patient23553_Negative_001.png
bonefract_wrist_patient38157.jpg,wrist,patient38157,BoneFract A Bone Fracture Dataset/train/wrist/patient38157/Negative/wrist_patient38157_Negative_001.png
bonefract_wrist_patient22489.jpg,wrist,patient22489,BoneFract A Bone Fracture Dataset/train/wrist/patient22489/Negative/wrist_patient22489_Negative_001.png
bonefract_wrist_patient23369.jpg,wrist,patient23369,BoneFract A Bone Fracture Dataset/train/wrist/patient23369/Negative/wrist_patient23369_Negative_001.png
bonefract_wrist_patient24248.jpg,wrist,patient24248,BoneFract A Bone Fracture Dataset/train/wrist/patient24248/Negative/wrist_patient24248_Negative_001.png
bonefract_wrist_patient25100.jpg,wrist,patient25100,BoneFract A Bone Fracture Dataset/train/wrist/patient25100/Negative/wrist_patient25100_Negative_001.png
bonefract_hand_patient08227.jpg,hand,patient08227,BoneFract A Bone Fracture Dataset/train/Hand/patient08227/Negative/Hand_patient08227_Negative_001.png
bonefract_wrist_patient41015.jpg,wrist,patient41015,BoneFract A Bone Fracture Dataset/train/wrist/patient41015/Negative/wrist_patient41015_Negative_001.png
bonefract_hand_patient42751.jpg,hand,patient42751,BoneFract A Bone Fracture Dataset/train/Hand/patient42751/Negative/Hand_patient42751_Negative_001.png
bonefract_hand_patient09640.jpg,hand,patient09640,BoneFract A Bone Fracture Dataset/train/Hand/patient09640/Negative/Hand_patient09640_Negative_001.png
bonefract_wrist_patient23503.jpg,wrist,patient23503,BoneFract A Bone Fracture Dataset/train/wrist/patient23503/Negative/wrist_patient23503_Negative_001.png
bonefract_wrist_patient04406.jpg,wrist,patient04406,BoneFract A Bone Fracture Dataset/train/wrist/patient04406/Negative/wrist_patient04406_Negative_001.png
bonefract_hand_patient09039.jpg,hand,patient09039,BoneFract A Bone Fracture Dataset/train/Hand/patient09039/Negative/Hand_patient09039_Negative_001.png
bonefract_hand_patient23066.jpg,hand,patient23066,BoneFract A Bone Fracture Dataset/train/Hand/patient23066/Negative/Hand_patient23066_Negative_001.png
bonefract_hand_patient10157.jpg,hand,patient10157,BoneFract A Bone Fracture Dataset/train/Hand/patient10157/Negative/Hand_patient10157_Negative_001.png
bonefract_hand_patient42802.jpg,hand,patient42802,BoneFract A Bone Fracture Dataset/train/Hand/patient42802/Negative/Hand_patient42802_Negative_001.png
bonefract_wrist_patient15252.jpg,wrist,patient15252,BoneFract A Bone Fracture Dataset/train/wrist/patient15252/Negative/wrist_patient15252_Negative_001.png
bonefract_wrist_patient41000.jpg,wrist,patient41000,BoneFract A Bone Fracture Dataset/train/wrist/patient41000/Negative/wrist_patient41000_Negative_001.png
bonefract_wrist_patient23589.jpg,wrist,patient23589,BoneFract A Bone Fracture Dataset/train/wrist/patient23589/Negative/wrist_patient23589_Negative_001.png
bonefract_hand_patient24343.jpg,hand,patient24343,BoneFract A Bone Fracture Dataset/train/Hand/patient24343/Negative/Hand_patient24343_Negative_001.png
bonefract_wrist_patient26168.jpg,wrist,patient26168,BoneFract A Bone Fracture Dataset/train/wrist/patient26168/Negative/wrist_patient26168_Negative_001.png
bonefract_wrist_patient23074.jpg,wrist,patient23074,BoneFract A Bone Fracture Dataset/train/wrist/patient23074/Negative/wrist_patient23074_Negative_001.png
bonefract_hand_patient08941.jpg,hand,patient08941,BoneFract A Bone Fracture Dataset/train/Hand/patient08941/Negative/Hand_patient08941_Negative_001.png
bonefract_wrist_patient24689.jpg,wrist,patient24689,BoneFract A Bone Fracture Dataset/train/wrist/patient24689/Negative/wrist_patient24689_Negative_001.png
bonefract_hand_patient36940.jpg,hand,patient36940,BoneFract A Bone Fracture Dataset/train/Hand/patient36940/Negative/Hand_patient36940_Negative_001.png
bonefract_wrist_patient49039.jpg,wrist,patient49039,BoneFract A Bone Fracture Dataset/train/wrist/patient49039/Negative/wrist_patient49039_Negative_001.png
bonefract_wrist_patient24023.jpg,wrist,patient24023,BoneFract A Bone Fracture Dataset/train/wrist/patient24023/Negative/wrist_patient24023_Negative_001.png
bonefract_hand_patient08664.jpg,hand,patient08664,BoneFract A Bone Fracture Dataset/train/Hand/patient08664/Negative/Hand_patient08664_Negative_001.png
bonefract_wrist_patient10591.jpg,wrist,patient10591,BoneFract A Bone Fracture Dataset/train/wrist/patient10591/Negative/wrist_patient10591_Negative_001.png
bonefract_wrist_patient40863.jpg,wrist,patient40863,BoneFract A Bone Fracture Dataset/train/wrist/patient40863/Negative/wrist_patient40863_Negative_001.png
bonefract_wrist_patient23701.jpg,wrist,patient23701,BoneFract A Bone Fracture Dataset/train/wrist/patient23701/Negative/wrist_patient23701_Negative_001.png
bonefract_wrist_patient41130.jpg,wrist,patient41130,BoneFract A Bone Fracture Dataset/train/wrist/patient41130/Negative/wrist_patient41130_Negative_001.png
bonefract_wrist_patient38199.jpg,wrist,patient38199,BoneFract A Bone Fracture Dataset/train/wrist/patient38199/Negative/wrist_patient38199_Negative_001.png
bonefract_hand_patient08908.jpg,hand,patient08908,BoneFract A Bone Fracture Dataset/train/Hand/patient08908/Negative/Hand_patient08908_Negative_001.png
bonefract_hand_patient08026.jpg,hand,patient08026,BoneFract A Bone Fracture Dataset/train/Hand/patient08026/Negative/Hand_patient08026_Negative_001.png
bonefract_hand_patient08502.jpg,hand,patient08502,BoneFract A Bone Fracture Dataset/train/Hand/patient08502/Negative/Hand_patient08502_Negative_001.png
bonefract_wrist_patient09067.jpg,wrist,patient09067,BoneFract A Bone Fracture Dataset/train/wrist/patient09067/Negative/wrist_patient09067_Negative_001.png
bonefract_wrist_patient23194.jpg,wrist,patient23194,BoneFract A Bone Fracture Dataset/train/wrist/patient23194/Negative/wrist_patient23194_Negative_001.png
bonefract_hand_patient09284.jpg,hand,patient09284,BoneFract A Bone Fracture Dataset/train/Hand/patient09284/Negative/Hand_patient09284_Negative_001.png
bonefract_wrist_patient25794.jpg,wrist,patient25794,BoneFract A Bone Fracture Dataset/train/wrist/patient25794/Negative/wrist_patient25794_Negative_001.png
bonefract_hand_patient23451.jpg,hand,patient23451,BoneFract A Bone Fracture Dataset/train/Hand/patient23451/Negative/Hand_patient23451_Negative_001.png
bonefract_hand_patient35424.jpg,hand,patient35424,BoneFract A Bone Fracture Dataset/train/Hand/patient35424/Negative/Hand_patient35424_Negative_001.png
bonefract_wrist_patient21958.jpg,wrist,patient21958,BoneFract A Bone Fracture Dataset/train/wrist/patient21958/Negative/wrist_patient21958_Negative_001.png
bonefract_wrist_patient22882.jpg,wrist,patient22882,BoneFract A Bone Fracture Dataset/train/wrist/patient22882/Negative/wrist_patient22882_Negative_001.png
bonefract_wrist_patient25791.jpg,wrist,patient25791,BoneFract A Bone Fracture Dataset/train/wrist/patient25791/Negative/wrist_patient25791_Negative_001.png
bonefract_hand_patient07321.jpg,hand,patient07321,BoneFract A Bone Fracture Dataset/train/Hand/patient07321/Negative/Hand_patient07321_Negative_001.png
bonefract_hand_patient22678.jpg,hand,patient22678,BoneFract A Bone Fracture Dataset/train/Hand/patient22678/Negative/Hand_patient22678_Negative_001.png
bonefract_wrist_patient08606.jpg,wrist,patient08606,BoneFract A Bone Fracture Dataset/train/wrist/patient08606/Negative/wrist_patient08606_Negative_001.png
bonefract_hand_patient07582.jpg,hand,patient07582,BoneFract A Bone Fracture Dataset/train/Hand/patient07582/Negative/Hand_patient07582_Negative_001.png
bonefract_wrist_patient25954.jpg,wrist,patient25954,BoneFract A Bone Fracture Dataset/train/wrist/patient25954/Negative/wrist_patient25954_Negative_001.png
bonefract_wrist_patient26123.jpg,wrist,patient26123,BoneFract A Bone Fracture Dataset/train/wrist/patient26123/Negative/wrist_patient26123_Negative_001.png
bonefract_wrist_patient37996.jpg,wrist,patient37996,BoneFract A Bone Fracture Dataset/train/wrist/patient37996/Negative/wrist_patient37996_Negative_001.png
bonefract_hand_patient08992.jpg,hand,patient08992,BoneFract A Bone Fracture Dataset/train/Hand/patient08992/Negative/Hand_patient08992_Negative_001.png
bonefract_hand_patient25946.jpg,hand,patient25946,BoneFract A Bone Fracture Dataset/train/Hand/patient25946/Negative/Hand_patient25946_Negative_001.png
bonefract_wrist_patient25740.jpg,wrist,patient25740,BoneFract A Bone Fracture Dataset/train/wrist/patient25740/Negative/wrist_patient25740_Negative_001.png
bonefract_hand_patient39484.jpg,hand,patient39484,BoneFract A Bone Fracture Dataset/train/Hand/patient39484/Negative/Hand_patient39484_Negative_001.png
bonefract_hand_patient45022.jpg,hand,patient45022,BoneFract A Bone Fracture Dataset/train/Hand/patient45022/Negative/Hand_patient45022_Negative_001.png
bonefract_wrist_patient25730.jpg,wrist,patient25730,BoneFract A Bone Fracture Dataset/train/wrist/patient25730/Negative/wrist_patient25730_Negative_001.png
bonefract_wrist_patient24077.jpg,wrist,patient24077,BoneFract A Bone Fracture Dataset/train/wrist/patient24077/Negative/wrist_patient24077_Negative_001.png
bonefract_wrist_patient22639.jpg,wrist,patient22639,BoneFract A Bone Fracture Dataset/train/wrist/patient22639/Negative/wrist_patient22639_Negative_001.png
bonefract_wrist_patient23259.jpg,wrist,patient23259,BoneFract A Bone Fracture Dataset/train/wrist/patient23259/Negative/wrist_patient23259_Negative_001.png
bonefract_wrist_patient23378.jpg,wrist,patient23378,BoneFract A Bone Fracture Dataset/train/wrist/patient23378/Negative/wrist_patient23378_Negative_001.png
bonefract_wrist_patient24637.jpg,wrist,patient24637,BoneFract A Bone Fracture Dataset/train/wrist/patient24637/Negative/wrist_patient24637_Negative_001.png
bonefract_hand_patient07611.jpg,hand,patient07611,BoneFract A Bone Fracture Dataset/train/Hand/patient07611/Negative/Hand_patient07611_Negative_001.png
bonefract_hand_patient23997.jpg,hand,patient23997,BoneFract A Bone Fracture Dataset/train/Hand/patient23997/Negative/Hand_patient23997_Negative_001.png
bonefract_wrist_patient40884.jpg,wrist,patient40884,BoneFract A Bone Fracture Dataset/train/wrist/patient40884/Negative/wrist_patient40884_Negative_001.png
bonefract_hand_patient22685.jpg,hand,patient22685,BoneFract A Bone Fracture Dataset/train/Hand/patient22685/Negative/Hand_patient22685_Negative_001.png
bonefract_wrist_patient22975.jpg,wrist,patient22975,BoneFract A Bone Fracture Dataset/train/wrist/patient22975/Negative/wrist_patient22975_Negative_001.png
bonefract_hand_patient07863.jpg,hand,patient07863,BoneFract A Bone Fracture Dataset/train/Hand/patient07863/Negative/Hand_patient07863_Negative_001.png
bonefract_hand_patient09965.jpg,hand,patient09965,BoneFract A Bone Fracture Dataset/train/Hand/patient09965/Negative/Hand_patient09965_Negative_001.png
bonefract_wrist_patient25149.jpg,wrist,patient25149,BoneFract A Bone Fracture Dataset/train/wrist/patient25149/Negative/wrist_patient25149_Negative_001.png
bonefract_wrist_patient22318.jpg,wrist,patient22318,BoneFract A Bone Fracture Dataset/train/wrist/patient22318/Negative/wrist_patient22318_Negative_001.png
bonefract_hand_patient23957.jpg,hand,patient23957,BoneFract A Bone Fracture Dataset/train/Hand/patient23957/Negative/Hand_patient23957_Negative_001.png
bonefract_wrist_patient38257.jpg,wrist,patient38257,BoneFract A Bone Fracture Dataset/train/wrist/patient38257/Negative/wrist_patient38257_Negative_001.png
bonefract_wrist_patient08602.jpg,wrist,patient08602,BoneFract A Bone Fracture Dataset/train/wrist/patient08602/Negative/wrist_patient08602_Negative_001.png
bonefract_wrist_patient43731.jpg,wrist,patient43731,BoneFract A Bone Fracture Dataset/train/wrist/patient43731/Negative/wrist_patient43731_Negative_001.png
bonefract_hand_patient07851.jpg,hand,patient07851,BoneFract A Bone Fracture Dataset/train/Hand/patient07851/Negative/Hand_patient07851_Negative_001.png
bonefract_wrist_patient25033.jpg,wrist,patient25033,BoneFract A Bone Fracture Dataset/train/wrist/patient25033/Negative/wrist_patient25033_Negative_001.png
bonefract_wrist_patient25326.jpg,wrist,patient25326,BoneFract A Bone Fracture Dataset/train/wrist/patient25326/Negative/wrist_patient25326_Negative_001.png
bonefract_wrist_patient23263.jpg,wrist,patient23263,BoneFract A Bone Fracture Dataset/train/wrist/patient23263/Negative/wrist_patient23263_Negative_001.png
bonefract_wrist_patient07060.jpg,wrist,patient07060,BoneFract A Bone Fracture Dataset/train/wrist/patient07060/Negative/wrist_patient07060_Negative_001.png
bonefract_hand_patient24680.jpg,hand,patient24680,BoneFract A Bone Fracture Dataset/train/Hand/patient24680/Negative/Hand_patient24680_Negative_001.png
bonefract_hand_patient08500.jpg,hand,patient08500,BoneFract A Bone Fracture Dataset/train/Hand/patient08500/Negative/Hand_patient08500_Negative_001.png
bonefract_hand_patient25335.jpg,hand,patient25335,BoneFract A Bone Fracture Dataset/train/Hand/patient25335/Negative/Hand_patient25335_Negative_001.png
bonefract_hand_patient10362.jpg,hand,patient10362,BoneFract A Bone Fracture Dataset/train/Hand/patient10362/Negative/Hand_patient10362_Negative_001.png
