filename,anatomy,patient_id,source_member
bonefract_hand_patient46070.jpg,hand,patient46070,BoneFract A Bone Fracture Dataset/train/Hand/patient46070/Positive/Hand_patient46070_Positive_001.png
bonefract_wrist_patient07495.jpg,wrist,patient07495,BoneFract A Bone Fracture Dataset/train/wrist/patient07495/Positive/wrist_patient07495_Positive_001.png
bonefract_wrist_patient22072.jpg,wrist,patient22072,BoneFract A Bone Fracture Dataset/train/wrist/patient22072/Positive/wrist_patient22072_Positive_001.png
bonefract_hand_patient09848.jpg,hand,patient09848,BoneFract A Bone Fracture Dataset/train/Hand/patient09848/Positive/Hand_patient09848_Positive_001.png
bonefract_hand_patient27120.jpg,hand,patient27120,BoneFract A Bone Fracture Dataset/train/Hand/patient27120/Positive/Hand_patient27120_Positive_001.png
bonefract_wrist_patient28589.jpg,wrist,patient28589,BoneFract A Bone Fracture Dataset/train/wrist/patient28589/Positive/wrist_patient28589_Positive_001.png
bonefract_wrist_patient10441.jpg,wrist,patient10441,BoneFract A Bone Fracture Dataset/train/wrist/patient10441/Positive/wrist_patient10441_Positive_001.png
bonefract_wrist_patient31228.jpg,wrist,patient31228,BoneFract A Bone Fracture Dataset/train/wrist/patient31228/Positive/wrist_patient31228_Positive_001.png
bonefract_wrist_patient28491.jpg,wrist,patient28491,BoneFract A Bone Fracture Dataset/train/wrist/patient28491/Positive/wrist_patient28491_Positive_001.png
bonefract_wrist_patient34737.jpg,wrist,patient34737,BoneFract A Bone Fracture Dataset/train/wrist/patient34737/Positive/wrist_patient34737_Positive_001.png
bonefract_wrist_patient31268.jpg,wrist,patient31268,BoneFract A Bone Fracture Dataset/train/wrist/patient31268/Positive/wrist_patient31268_Positive_001.png
bonefract_wrist_patient10385.jpg,wrist,patient10385,BoneFract A Bone Fracture Dataset/train/wrist/patient10385/Positive/wrist_patient10385_Positive_001.png
bonefract_hand_patient09212.jpg,hand,patient09212,BoneFract A Bone Fracture Dataset/train/Hand/patient09212/Positive/Hand_patient09212_Positive_001.png
bonefract_hand_patient08611.jpg,hand,patient08611,BoneFract A Bone Fracture Dataset/train/Hand/patient08611/Positive/Hand_patient08611_Positive_001.png
bonefract_wrist_patient08118.jpg,wrist,patient08118,BoneFract A Bone Fracture Dataset/train/wrist/patient08118/Positive/wrist_patient08118_Positive_001.png
bonefract_wrist_patient28417.jpg,wrist,patient28417,BoneFract A Bone Fracture Dataset/train/wrist/patient28417/Positive/wrist_patient28417_Positive_001.png
bonefract_hand_patient41456.jpg,hand,patient41456,BoneFract A Bone Fracture Dataset/train/Hand/patient41456/Positive/Hand_patient41456_Positive_001.png
bonefract_hand_patient07311.jpg,hand,patient07311,BoneFract A Bone Fracture Dataset/train/Hand/patient07311/Positive/Hand_patient07311_Positive_001.png
bonefract_wrist_patient22215.jpg,wrist,patient22215,BoneFract A Bone Fracture Dataset/train/wrist/patient22215/Positive/wrist_patient22215_Positive_001.png
bonefract_wrist_patient33889.jpg,wrist,patient33889,BoneFract A Bone Fracture Dataset/train/wrist/patient33889/Positive/wrist_patient33889_Positive_001.png
bonefract_wrist_patient34713.jpg,wrist,patient34713,BoneFract A Bone Fracture Dataset/train/wrist/patient34713/Positive/wrist_patient34713_Positive_001.png
bonefract_hand_patient08405.jpg,hand,patient08405,BoneFract A Bone Fracture Dataset/train/Hand/patient08405/Positive/Hand_patient08405_Positive_001.png
bonefract_hand_patient09274.jpg,hand,patient09274,BoneFract A Bone Fracture Dataset/train/Hand/patient09274/Positive/Hand_patient09274_Positive_001.png
bonefract_wrist_patient26636.jpg,wrist,patient26636,BoneFract A Bone Fracture Dataset/train/wrist/patient26636/Positive/wrist_patient26636_Positive_001.png
bonefract_wrist_patient10930.jpg,wrist,patient10930,BoneFract A Bone Fracture Dataset/train/wrist/patient10930/Positive/wrist_patient10930_Positive_001.png
bonefract_wrist_patient38591.jpg,wrist,patient38591,BoneFract A Bone Fracture Dataset/train/wrist/patient38591/Positive/wrist_patient38591_Positive_001.png
bonefract_hand_patient26065.jpg,hand,patient26065,BoneFract A Bone Fracture Dataset/train/Hand/patient26065/Positive/Hand_patient26065_Positive_001.png
bonefract_wrist_patient35875.jpg,wrist,patient35875,BoneFract A Bone Fracture Dataset/train/wrist/patient35875/Positive/wrist_patient35875_Positive_001.png
bonefract_wrist_patient10379.jpg,wrist,patient10379,BoneFract A Bone Fracture Dataset/train/wrist/patient10379/Positive/wrist_patient10379_Positive_001.png
bonefract_wrist_patient06762.jpg,wrist,patient06762,BoneFract A Bone Fracture Dataset/train/wrist/patient06762/Positive/wrist_patient06762_Positive_001.png
bonefract_wrist_patient35830.jpg,wrist,patient35830,BoneFract A Bone Fracture Dataset/train/wrist/patient35830/Positive/wrist_patient35830_Positive_001.png
bonefract_hand_patient07734.jpg,hand,patient07734,BoneFract A Bone Fracture Dataset/train/Hand/patient07734/Positive/Hand_patient07734_Positive_001.png
bonefract_hand_patient25279.jpg,hand,patient25279,BoneFract A Bone Fracture Dataset/train/Hand/patient25279/Positive/Hand_patient25279_Positive_001.png
bonefract_wrist_patient22669.jpg,wrist,patient22669,BoneFract A Bone Fracture Dataset/train/wrist/patient22669/Positive/wrist_patient22669_Positive_001.png
bonefract_hand_patient27056.jpg,hand,patient27056,BoneFract A Bone Fracture Dataset/train/Hand/patient27056/Positive/Hand_patient27056_Positive_001.png
bonefract_hand_patient07281.jpg,hand,patient07281,BoneFract A Bone Fracture Dataset/train/Hand/patient07281/Positive/Hand_patient07281_Positive_001.png
bonefract_hand_patient27051.jpg,hand,patient27051,BoneFract A Bone Fracture Dataset/train/Hand/patient27051/Positive/Hand_patient27051_Positive_001.png
bonefract_wrist_patient41912.jpg,wrist,patient41912,BoneFract A Bone Fracture Dataset/train/wrist/patient41912/Positive/wrist_patient41912_Positive_001.png
bonefract_wrist_patient28366.jpg,wrist,patient28366,BoneFract A Bone Fracture Dataset/train/wrist/patient28366/Positive/wrist_patient28366_Positive_001.png
bonefract_wrist_patient31174.jpg,wrist,patient31174,BoneFract A Bone Fracture Dataset/train/wrist/patient31174/Positive/wrist_patient31174_Positive_001.png
bonefract_wrist_patient22522.jpg,wrist,patient22522,BoneFract A Bone Fracture Dataset/train/wrist/patient22522/Positive/wrist_patient22522_Positive_001.png
bonefract_hand_patient07541.jpg,hand,patient07541,BoneFract A Bone Fracture Dataset/train/Hand/patient07541/Positive/Hand_patient07541_Positive_001.png
bonefract_hand_patient09128.jpg,hand,patient09128,BoneFract A Bone Fracture Dataset/train/Hand/patient09128/Positive/Hand_patient09128_Positive_001.png
bonefract_wrist_patient38538.jpg,wrist,patient38538,BoneFract A Bone Fracture Dataset/train/wrist/patient38538/Positive/wrist_patient38538_Positive_001.png
bonefract_wrist_patient46753.jpg,wrist,patient46753,BoneFract A Bone Fracture Dataset/train/wrist/patient46753/Positive/wrist_patient46753_Positive_001.png
bonefract_wrist_patient34678.jpg,wrist,patient34678,BoneFract A Bone Fracture Dataset/train/wrist/patient34678/Positive/wrist_patient34678_Positive_001.png
bonefract_hand_patient41429.jpg,hand,patient41429,BoneFract A Bone Fracture Dataset/train/Hand/patient41429/Positive/Hand_patient41429_Positive_001.png
bonefract_hand_patient34080.jpg,hand,patient34080,BoneFract A Bone Fracture Dataset/train/Hand/patient34080/Positive/Hand_patient34080_Positive_001.png
bonefract_wrist_patient10034.jpg,wrist,patient10034,BoneFract A Bone Fracture Dataset/train/wrist/patient10034/Positive/wrist_patient10034_Positive_001.png
bonefract_hand_patient44109.jpg,hand,patient44109,BoneFract A Bone Fracture Dataset/train/Hand/patient44109/Positive/Hand_patient44109_Positive_001.png
bonefract_hand_patient35625.jpg,hand,patient35625,BoneFract A Bone Fracture Dataset/train/Hand/patient35625/Positive/Hand_patient35625_Positive_001.png
bonefract_hand_patient07521.jpg,hand,patient07521,BoneFract A Bone Fracture Dataset/train/Hand/patient07521/Positive/Hand_patient07521_Positive_001.png
bonefract_wrist_patient28538.jpg,wrist,patient28538,BoneFract A Bone Fracture Dataset/train/wrist/patient28538/Positive/wrist_patient28538_Positive_001.png
bonefract_hand_patient08189.jpg,hand,patient08189,BoneFract A Bone Fracture Dataset/train/Hand/patient08189/Positive/Hand_patient08189_Positive_001.png
bonefract_hand_patient09000.jpg,hand,patient09000,BoneFract A Bone Fracture Dataset/train/Hand/patient09000/Positive/Hand_patient09000_Positive_001.png
bonefract_wrist_patient28460.jpg,wrist,patient28460,BoneFract A Bone Fracture Dataset/train/wrist/patient28460/Positive/wrist_patient28460_Positive_001.png
bonefract_hand_patient26093.jpg,hand,patient26093,BoneFract A Bone Fracture Dataset/train/Hand/patient26093/Positive/Hand_patient26093_Positive_001.png
bonefract_hand_patient24961.jpg,hand,patient24961,BoneFract A Bone Fracture Dataset/train/Hand/patient24961/Positive/Hand_patient24961_Positive_001.png
bonefract_wrist_patient28613.jpg,wrist,patient28613,BoneFract A Bone Fracture Dataset/train/wrist/patient28613/Positive/wrist_patient28613_Positive_001.png
bonefract_hand_patient24721.jpg,hand,patient24721,BoneFract A Bone Fracture Dataset/train/Hand/patient24721/Positive/Hand_patient24721_Positive_001.png
bonefract_wrist_patient31291.jpg,wrist,patient31291,BoneFract A Bone Fracture Dataset/train/wrist/patient31291/Positive/wrist_patient31291_Positive_001.png
bonefract_hand_patient09933.jpg,hand,patient09933,BoneFract A Bone Fracture Dataset/train/Hand/patient09933/Positive/Hand_patient09933_Positive_001.png
bonefract_wrist_patient28416.jpg,wrist,patient28416,BoneFract A Bone Fracture Dataset/train/wrist/patient28416/Positive/wrist_patient28416_Positive_001.png
bonefract_hand_patient07819.jpg,hand,patient07819,BoneFract A Bone Fracture Dataset/train/Hand/patient07819/Positive/Hand_patient07819_Positive_001.png
bonefract_hand_patient26366.jpg,hand,patient26366,BoneFract A Bone Fracture Dataset/train/Hand/patient26366/Positive/Hand_patient26366_Positive_001.png
bonefract_wrist_patient31144.jpg,wrist,patient31144,BoneFract A Bone Fracture Dataset/train/wrist/patient31144/Positive/wrist_patient31144_Positive_001.png
bonefract_wrist_patient38545.jpg,wrist,patient38545,BoneFract A Bone Fracture Dataset/train/wrist/patient38545/Positive/wrist_patient38545_Positive_001.png
bonefract_hand_patient26369.jpg,hand,patient26369,BoneFract A Bone Fracture Dataset/train/Hand/patient26369/Positive/Hand_patient26369_Positive_001.png
bonefract_hand_patient10600.jpg,hand,patient10600,BoneFract A Bone Fracture Dataset/train/Hand/patient10600/Positive/Hand_patient10600_Positive_001.png
bonefract_hand_patient44066.jpg,hand,patient44066,BoneFract A Bone Fracture Dataset/train/Hand/patient44066/Positive/Hand_patient44066_Positive_001.png
bonefract_wrist_patient31357.jpg,wrist,patient31357,BoneFract A Bone Fracture Dataset/train/wrist/patient31357/Positive/wrist_patient31357_Positive_001.png
bonefract_hand_patient41525.jpg,hand,patient41525,BoneFract A Bone Fracture Dataset/train/Hand/patient41525/Positive/Hand_patient41525_Positive_001.png
bonefract_wrist_patient28446.jpg,wrist,patient28446,BoneFract A Bone Fracture Dataset/train/wrist/patient28446/Positive/wrist_patient28446_Positive_001.png
bonefract_wrist_patient35916.jpg,wrist,patient35916,BoneFract A Bone Fracture Dataset/train/wrist/patient35916/Positive/wrist_patient35916_Positive_001.png
bonefract_hand_patient23187.jpg,hand,patient23187,BoneFract A Bone Fracture Dataset/train/Hand/patient23187/Positive/Hand_patient23187_Positive_001.png
bonefract_hand_patient09171.jpg,hand,patient09171,BoneFract A Bone Fracture Dataset/train/Hand/patient09171/Positive/Hand_patient09171_Positive_001.png
bonefract_wrist_patient11709.jpg,wrist,patient11709,BoneFract A Bone Fracture Dataset/train/wrist/patient11709/Positive/wrist_patient11709_Positive_001.png
bonefract_wrist_patient35966.jpg,wrist,patient35966,BoneFract A Bone Fracture Dataset/train/wrist/patient35966/Positive/wrist_patient35966_Positive_001.png
bonefract_hand_patient33617.jpg,hand,patient33617,BoneFract A Bone Fracture Dataset/train/Hand/patient33617/Positive/Hand_patient33617_Positive_001.png
bonefract_wrist_patient38553.jpg,wrist,patient38553,BoneFract A Bone Fracture Dataset/train/wrist/patient38553/Positive/wrist_patient38553_Positive_001.png
bonefract_hand_patient41477.jpg,hand,patient41477,BoneFract A Bone Fracture Dataset/train/Hand/patient41477/Positive/Hand_patient41477_Positive_001.png
bonefract_wrist_patient31370.jpg,wrist,patient31370,BoneFract A Bone Fracture Dataset/train/wrist/patient31370/Positive/wrist_patient31370_Positive_001.png
bonefract_hand_patient41540.jpg,hand,patient41540,BoneFract A Bone Fracture Dataset/train/Hand/patient41540/Positive/Hand_patient41540_Positive_001.png
bonefract_hand_patient44076.jpg,hand,patient44076,BoneFract A Bone Fracture Dataset/train/Hand/patient44076/Positive/Hand_patient44076_Positive_001.png
bonefract_wrist_patient12344.jpg,wrist,patient12344,BoneFract A Bone Fracture Dataset/train/wrist/patient12344/Positive/wrist_patient12344_Positive_001.png
bonefract_hand_patient33532.jpg,hand,patient33532,BoneFract A Bone Fracture Dataset/train/Hand/patient33532/Positive/Hand_patient33532_Positive_001.png
bonefract_hand_patient41443.jpg,hand,patient41443,BoneFract A Bone Fracture Dataset/train/Hand/patient41443/Positive/Hand_patient41443_Positive_001.png
bonefract_wrist_patient38559.jpg,wrist,patient38559,BoneFract A Bone Fracture Dataset/train/wrist/patient38559/Positive/wrist_patient38559_Positive_001.png
bonefract_hand_patient27096.jpg,hand,patient27096,BoneFract A Bone Fracture Dataset/train/Hand/patient27096/Positive/Hand_patient27096_Positive_001.png
bonefract_wrist_patient41953.jpg,wrist,patient41953,BoneFract A Bone Fracture Dataset/train/wrist/patient41953/Positive/wrist_patient41953_Positive_001.png
bonefract_hand_patient08506.jpg,hand,patient08506,BoneFract A Bone Fracture Dataset/train/Hand/patient08506/Positive/Hand_patient08506_Positive_001.png
bonefract_wrist_patient34874.jpg,wrist,patient34874,BoneFract A Bone Fracture Dataset/train/wrist/patient34874/Positive/wrist_patient34874_Positive_001.png
bonefract_wrist_patient34875.jpg,wrist,patient34875,BoneFract A Bone Fracture Dataset/train/wrist/patient34875/Positive/wrist_patient34875_Positive_001.png
bonefract_wrist_patient31243.jpg,wrist,patient31243,BoneFract A Bone Fracture Dataset/train/wrist/patient31243/Positive/wrist_patient31243_Positive_001.png
bonefract_wrist_patient46697.jpg,wrist,patient46697,BoneFract A Bone Fracture Dataset/train/wrist/patient46697/Positive/wrist_patient46697_Positive_001.png
bonefract_wrist_patient22922.jpg,wrist,patient22922,BoneFract A Bone Fracture Dataset/train/wrist/patient22922/Positive/wrist_patient22922_Positive_001.png
bonefract_wrist_patient38499.jpg,wrist,patient38499,BoneFract A Bone Fracture Dataset/train/wrist/patient38499/Positive/wrist_patient38499_Positive_001.png
bonefract_wrist_patient28405.jpg,wrist,patient28405,BoneFract A Bone Fracture Dataset/train/wrist/patient28405/Positive/wrist_patient28405_Positive_001.png
bonefract_wrist_patient31340.jpg,wrist,patient31340,BoneFract A Bone Fracture Dataset/train/wrist/patient31340/Positive/wrist_patient31340_Positive_001.png
bonefract_wrist_patient26222.jpg,wrist,patient26222,BoneFract A Bone Fracture Dataset/train/wrist/patient26222/Positive/wrist_patient26222_Positive_001.png
bonefract_hand_patient44058.jpg,hand,patient44058,BoneFract A Bone Fracture Dataset/train/Hand/patient44058/Positive/Hand_patient44058_Positive_001.png
bonefract_wrist_patient38562.jpg,wrist,patient38562,BoneFract A Bone Fracture Dataset/train/wrist/patient38562/Positive/wrist_patient38562_Positive_001.png
bonefract_wrist_patient22621.jpg,wrist,patient22621,BoneFract A Bone Fracture Dataset/train/wrist/patient22621/Positive/wrist_patient22621_Positive_001.png
bonefract_wrist_patient24305.jpg,wrist,patient24305,BoneFract A Bone Fracture Dataset/train/wrist/patient24305/Positive/wrist_patient24305_Positive_001.png
bonefract_hand_patient22175.jpg,hand,patient22175,BoneFract A Bone Fracture Dataset/train/Hand/patient22175/Positive/Hand_patient22175_Positive_001.png
bonefract_wrist_patient46789.jpg,wrist,patient46789,BoneFract A Bone Fracture Dataset/train/wrist/patient46789/Positive/wrist_patient46789_Positive_001.png
bonefract_hand_patient09019.jpg,hand,patient09019,BoneFract A Bone Fracture Dataset/train/Hand/patient09019/Positive/Hand_patient09019_Positive_001.png
bonefract_hand_patient27140.jpg,hand,patient27140,BoneFract A Bone Fracture Dataset/train/Hand/patient27140/Positive/Hand_patient27140_Positive_001.png
bonefract_wrist_patient31162.jpg,wrist,patient31162,BoneFract A Bone Fracture Dataset/train/wrist/patient31162/Positive/wrist_patient31162_Positive_001.png
bonefract_wrist_patient38574.jpg,wrist,patient38574,BoneFract A Bone Fracture Dataset/train/wrist/patient38574/Positive/wrist_patient38574_Positive_001.png
bonefract_wrist_patient35972.jpg,wrist,patient35972,BoneFract A Bone Fracture Dataset/train/wrist/patient35972/Positive/wrist_patient35972_Positive_001.png
bonefract_hand_patient41549.jpg,hand,patient41549,BoneFract A Bone Fracture Dataset/train/Hand/patient41549/Positive/Hand_patient41549_Positive_001.png
bonefract_wrist_patient22240.jpg,wrist,patient22240,BoneFract A Bone Fracture Dataset/train/wrist/patient22240/Positive/wrist_patient22240_Positive_001.png
bonefract_wrist_patient31260.jpg,wrist,patient31260,BoneFract A Bone Fracture Dataset/train/wrist/patient31260/Positive/wrist_patient31260_Positive_001.png
bonefract_wrist_patient38495.jpg,wrist,patient38495,BoneFract A Bone Fracture Dataset/train/wrist/patient38495/Positive/wrist_patient38495_Positive_001.png
bonefract_hand_patient41439.jpg,hand,patient41439,BoneFract A Bone Fracture Dataset/train/Hand/patient41439/Positive/Hand_patient41439_Positive_001.png
bonefract_wrist_patient33467.jpg,wrist,patient33467,BoneFract A Bone Fracture Dataset/train/wrist/patient33467/Positive/wrist_patient33467_Positive_001.png
bonefract_wrist_patient35937.jpg,wrist,patient35937,BoneFract A Bone Fracture Dataset/train/wrist/patient35937/Positive/wrist_patient35937_Positive_001.png
bonefract_hand_patient10521.jpg,hand,patient10521,BoneFract A Bone Fracture Dataset/train/Hand/patient10521/Positive/Hand_patient10521_Positive_001.png
bonefract_hand_patient08862.jpg,hand,patient08862,BoneFract A Bone Fracture Dataset/train/Hand/patient08862/Positive/Hand_patient08862_Positive_001.png
bonefract_hand_patient25294.jpg,hand,patient25294,BoneFract A Bone Fracture Dataset/train/Hand/patient25294/Positive/Hand_patient25294_Positive_001.png
bonefract_hand_patient33614.jpg,hand,patient33614,BoneFract A Bone Fracture Dataset/train/Hand/patient33614/Positive/Hand_patient33614_Positive_001.png
bonefract_wrist_patient38582.jpg,wrist,patient38582,BoneFract A Bone Fracture Dataset/train/wrist/patient38582/Positive/wrist_patient38582_Positive_001.png
bonefract_hand_patient08755.jpg,hand,patient08755,BoneFract A Bone Fracture Dataset/train/Hand/patient08755/Positive/Hand_patient08755_Positive_001.png
bonefract_hand_patient08654.jpg,hand,patient08654,BoneFract A Bone Fracture Dataset/train/Hand/patient08654/Positive/Hand_patient08654_Positive_001.png
bonefract_wrist_patient28596.jpg,wrist,patient28596,BoneFract A Bone Fracture Dataset/train/wrist/patient28596/Positive/wrist_patient28596_Positive_001.png
bonefract_hand_patient27139.jpg,hand,patient27139,BoneFract A Bone Fracture Dataset/train/Hand/patient27139/Positive/Hand_patient27139_Positive_001.png
bonefract_hand_patient27128.jpg,hand,patient27128,BoneFract A Bone Fracture Dataset/train/Hand/patient27128/Positive/Hand_patient27128_Positive_001.png
bonefract_hand_patient44071.jpg,hand,patient44071,BoneFract A Bone Fracture Dataset/train/Hand/patient44071/Positive/Hand_patient44071_Positive_001.png
bonefract_hand_patient34762.jpg,hand,patient34762,BoneFract A Bone Fracture Dataset/train/Hand/patient34762/Positive/Hand_patient34762_Positive_001.png
bonefract_hand_patient27127.jpg,hand,patient27127,BoneFract A Bone Fracture Dataset/train/Hand/patient27127/Positive/Hand_patient27127_Positive_001.png
bonefract_wrist_patient35919.jpg,wrist,patient35919,BoneFract A Bone Fracture Dataset/train/wrist/patient35919/Positive/wrist_patient35919_Positive_001.png
bonefract_wrist_patient28450.jpg,wrist,patient28450,BoneFract A Bone Fracture Dataset/train/wrist/patient28450/Positive/wrist_patient28450_Positive_001.png
bonefract_wrist_patient26328.jpg,wrist,patient26328,BoneFract A Bone Fracture Dataset/train/wrist/patient26328/Positive/wrist_patient26328_Positive_001.png
bonefract_wrist_patient28600.jpg,wrist,patient28600,BoneFract A Bone Fracture Dataset/train/wrist/patient28600/Positive/wrist_patient28600_Positive_001.png
bonefract_hand_patient44092.jpg,hand,patient44092,BoneFract A Bone Fracture Dataset/train/Hand/patient44092/Positive/Hand_patient44092_Positive_001.png
bonefract_hand_patient44052.jpg,hand,patient44052,BoneFract A Bone Fracture Dataset/train/Hand/patient44052/Positive/Hand_patient44052_Positive_001.png
bonefract_hand_patient08827.jpg,hand,patient08827,BoneFract A Bone Fracture Dataset/train/Hand/patient08827/Positive/Hand_patient08827_Positive_001.png
bonefract_hand_patient08646.jpg,hand,patient08646,BoneFract A Bone Fracture Dataset/train/Hand/patient08646/Positive/Hand_patient08646_Positive_001.png
bonefract_wrist_patient28457.jpg,wrist,patient28457,BoneFract A Bone Fracture Dataset/train/wrist/patient28457/Positive/wrist_patient28457_Positive_001.png
bonefract_wrist_patient28381.jpg,wrist,patient28381,BoneFract A Bone Fracture Dataset/train/wrist/patient28381/Positive/wrist_patient28381_Positive_001.png
bonefract_hand_patient27098.jpg,hand,patient27098,BoneFract A Bone Fracture Dataset/train/Hand/patient27098/Positive/Hand_patient27098_Positive_001.png
bonefract_wrist_patient35934.jpg,wrist,patient35934,BoneFract A Bone Fracture Dataset/train/wrist/patient35934/Positive/wrist_patient35934_Positive_001.png
bonefract_hand_patient27145.jpg,hand,patient27145,BoneFract A Bone Fracture Dataset/train/Hand/patient27145/Positive/Hand_patient27145_Positive_001.png
bonefract_wrist_patient35979.jpg,wrist,patient35979,BoneFract A Bone Fracture Dataset/train/wrist/patient35979/Positive/wrist_patient35979_Positive_001.png
bonefract_wrist_patient28391.jpg,wrist,patient28391,BoneFract A Bone Fracture Dataset/train/wrist/patient28391/Positive/wrist_patient28391_Positive_001.png
bonefract_wrist_patient33062.jpg,wrist,patient33062,BoneFract A Bone Fracture Dataset/train/wrist/patient33062/Positive/wrist_patient33062_Positive_001.png
bonefract_hand_patient25131.jpg,hand,patient25131,BoneFract A Bone Fracture Dataset/train/Hand/patient25131/Positive/Hand_patient25131_Positive_001.png
bonefract_hand_patient33609.jpg,hand,patient33609,BoneFract A Bone Fracture Dataset/train/Hand/patient33609/Positive/Hand_patient33609_Positive_001.png
bonefract_hand_patient26699.jpg,hand,patient26699,BoneFract A Bone Fracture Dataset/train/Hand/patient26699/Positive/Hand_patient26699_Positive_001.png
bonefract_hand_patient26370.jpg,hand,patient26370,BoneFract A Bone Fracture Dataset/train/Hand/patient26370/Positive/Hand_patient26370_Positive_001.png
bonefract_wrist_patient46713.jpg,wrist,patient46713,BoneFract A Bone Fracture Dataset/train/wrist/patient46713/Positive/wrist_patient46713_Positive_001.png
bonefract_wrist_patient07392.jpg,wrist,patient07392,BoneFract A Bone Fracture Dataset/train/wrist/patient07392/Positive/wrist_patient07392_Positive_001.png
bonefract_wrist_patient23597.jpg,wrist,patient23597,BoneFract A Bone Fracture Dataset/train/wrist/patient23597/Positive/wrist_patient23597_Positive_001.png
bonefract_wrist_patient31338.jpg,wrist,patient31338,BoneFract A Bone Fracture Dataset/train/wrist/patient31338/Positive/wrist_patient31338_Positive_001.png
bonefract_hand_patient44081.jpg,hand,patient44081,BoneFract A Bone Fracture Dataset/train/Hand/patient44081/Positive/Hand_patient44081_Positive_001.png
bonefract_hand_patient22739.jpg,hand,patient22739,BoneFract A Bone Fracture Dataset/train/Hand/patient22739/Positive/Hand_patient22739_Positive_001.png
bonefract_hand_patient35620.jpg,hand,patient35620,BoneFract A Bone Fracture Dataset/train/Hand/patient35620/Positive/Hand_patient35620_Positive_001.png
bonefract_hand_patient09187.jpg,hand,patient09187,BoneFract A Bone Fracture Dataset/train/Hand/patient09187/Positive/Hand_patient09187_Positive_001.png
bonefract_hand_patient41533.jpg,hand,patient41533,BoneFract A Bone Fracture Dataset/train/Hand/patient41533/Positive/Hand_patient41533_Positive_001.png
bonefract_wrist_patient31136.jpg,wrist,patient31136,BoneFract A Bone Fracture Dataset/train/wrist/patient31136/Positive/wrist_patient31136_Positive_001.png
bonefract_hand_patient25396.jpg,hand,patient25396,BoneFract A Bone Fracture Dataset/train/Hand/patient25396/Positive/Hand_patient25396_Positive_001.png
bonefract_hand_patient09820.jpg,hand,patient09820,BoneFract A Bone Fracture Dataset/train/Hand/patient09820/Positive/Hand_patient09820_Positive_001.png
bonefract_wrist_patient34863.jpg,wrist,patient34863,BoneFract A Bone Fracture Dataset/train/wrist/patient34863/Positive/wrist_patient34863_Positive_001.png
bonefract_hand_patient41543.jpg,hand,patient41543,BoneFract A Bone Fracture Dataset/train/Hand/patient41543/Positive/Hand_patient41543_Positive_001.png
bonefract_hand_patient07560.jpg,hand,patient07560,BoneFract A Bone Fracture Dataset/train/Hand/patient07560/Positive/Hand_patient07560_Positive_001.png
bonefract_wrist_patient42004.jpg,wrist,patient42004,BoneFract A Bone Fracture Dataset/train/wrist/patient42004/Positive/wrist_patient42004_Positive_001.png
bonefract_hand_patient27113.jpg,hand,patient27113,BoneFract A Bone Fracture Dataset/train/Hand/patient27113/Positive/Hand_patient27113_Positive_001.png
bonefract_wrist_patient31292.jpg,wrist,patient31292,BoneFract A Bone Fracture Dataset/train/wrist/patient31292/Positive/wrist_patient31292_Positive_001.png
bonefract_wrist_patient31404.jpg,wrist,patient31404,BoneFract A Bone Fracture Dataset/train/wrist/patient31404/Positive/wrist_patient31404_Positive_001.png
bonefract_wrist_patient31179.jpg,wrist,patient31179,BoneFract A Bone Fracture Dataset/train/wrist/patient31179/Positive/wrist_patient31179_Positive_001.png
bonefract_wrist_patient07420.jpg,wrist,patient07420,BoneFract A Bone Fracture Dataset/train/wrist/patient07420/Positive/wrist_patient07420_Positive_001.png
bonefract_hand_patient10612.jpg,hand,patient10612,BoneFract A Bone Fracture Dataset/train/Hand/patient10612/Positive/Hand_patient10612_Positive_001.png
bonefract_hand_patient08339.jpg,hand,patient08339,BoneFract A Bone Fracture Dataset/train/Hand/patient08339/Positive/Hand_patient08339_Positive_001.png
bonefract_hand_patient49121.jpg,hand,patient49121,BoneFract A Bone Fracture Dataset/train/Hand/patient49121/Positive/Hand_patient49121_Positive_001.png
bonefract_wrist_patient38584.jpg,wrist,patient38584,BoneFract A Bone Fracture Dataset/train/wrist/patient38584/Positive/wrist_patient38584_Positive_001.png
bonefract_wrist_patient41935.jpg,wrist,patient41935,BoneFract A Bone Fracture Dataset/train/wrist/patient41935/Positive/wrist_patient41935_Positive_001.png
bonefract_wrist_patient06964.jpg,wrist,patient06964,BoneFract A Bone Fracture Dataset/train/wrist/patient06964/Positive/wrist_patient06964_Positive_001.png
bonefract_hand_patient25001.jpg,hand,patient25001,BoneFract A Bone Fracture Dataset/train/Hand/patient25001/Positive/Hand_patient25001_Positive_001.png
bonefract_wrist_patient33490.jpg,wrist,patient33490,BoneFract A Bone Fracture Dataset/train/wrist/patient33490/Positive/wrist_patient33490_Positive_001.png
bonefract_hand_patient09090.jpg,hand,patient09090,BoneFract A Bone Fracture Dataset/train/Hand/patient09090/Positive/Hand_patient09090_Positive_001.png
bonefract_wrist_patient22352.jpg,wrist,patient22352,BoneFract A Bone Fracture Dataset/train/wrist/patient22352/Positive/wrist_patient22352_Positive_001.png
bonefract_wrist_patient28612.jpg,wrist,patient28612,BoneFract A Bone Fracture Dataset/train/wrist/patient28612/Positive/wrist_patient28612_Positive_001.png
bonefract_wrist_patient33481.jpg,wrist,patient33481,BoneFract A Bone Fracture Dataset/train/wrist/patient33481/Positive/wrist_patient33481_Positive_001.png
bonefract_hand_patient44074.jpg,hand,patient44074,BoneFract A Bone Fracture Dataset/train/Hand/patient44074/Positive/Hand_patient44074_Positive_001.png
bonefract_hand_patient08885.jpg,hand,patient08885,BoneFract A Bone Fracture Dataset/train/Hand/patient08885/Positive/Hand_patient08885_Positive_001.png
bonefract_wrist_patient23326.jpg,wrist,patient23326,BoneFract A Bone Fracture Dataset/train/wrist/patient23326/Positive/wrist_patient23326_Positive_001.png
bonefract_hand_patient08812.jpg,hand,patient08812,BoneFract A Bone Fracture Dataset/train/Hand/patient08812/Positive/Hand_patient08812_Positive_001.png
bonefract_wrist_patient28608.jpg,wrist,patient28608,BoneFract A Bone Fracture Dataset/train/wrist/patient28608/Positive/wrist_patient28608_Positive_001.png
bonefract_hand_patient09702.jpg,hand,patient09702,BoneFract A Bone Fracture Dataset/train/Hand/patient09702/Positive/Hand_patient09702_Positive_001.png
bonefract_hand_patient08111.jpg,hand,patient08111,BoneFract A Bone Fracture Dataset/train/Hand/patient08111/Positive/Hand_patient08111_Positive_001.png
bonefract_wrist_patient46750.jpg,wrist,patient46750,BoneFract A Bone Fracture Dataset/train/wrist/patient46750/Positive/wrist_patient46750_Positive_001.png
bonefract_hand_patient44056.jpg,hand,patient44056,BoneFract A Bone Fracture Dataset/train/Hand/patient44056/Positive/Hand_patient44056_Positive_001.png
bonefract_hand_patient34764.jpg,hand,patient34764,BoneFract A Bone Fracture Dataset/train/Hand/patient34764/Positive/Hand_patient34764_Positive_001.png
bonefract_wrist_patient12791.jpg,wrist,patient12791,BoneFract A Bone Fracture Dataset/train/wrist/patient12791/Positive/wrist_patient12791_Positive_001.png
bonefract_wrist_patient35846.jpg,wrist,patient35846,BoneFract A Bone Fracture Dataset/train/wrist/patient35846/Positive/wrist_patient35846_Positive_001.png
bonefract_hand_patient09048.jpg,hand,patient09048,BoneFract A Bone Fracture Dataset/train/Hand/patient09048/Positive/Hand_patient09048_Positive_001.png
bonefract_hand_patient35623.jpg,hand,patient35623,BoneFract A Bone Fracture Dataset/train/Hand/patient35623/Positive/Hand_patient35623_Positive_001.png
bonefract_wrist_patient44327.jpg,wrist,patient44327,BoneFract A Bone Fracture Dataset/train/wrist/patient44327/Positive/wrist_patient44327_Positive_001.png
bonefract_hand_patient07834.jpg,hand,patient07834,BoneFract A Bone Fracture Dataset/train/Hand/patient07834/Positive/Hand_patient07834_Positive_001.png
bonefract_wrist_patient38603.jpg,wrist,patient38603,BoneFract A Bone Fracture Dataset/train/wrist/patient38603/Positive/wrist_patient38603_Positive_001.png
bonefract_hand_patient25583.jpg,hand,patient25583,BoneFract A Bone Fracture Dataset/train/Hand/patient25583/Positive/Hand_patient25583_Positive_001.png
bonefract_hand_patient27062.jpg,hand,patient27062,BoneFract A Bone Fracture Dataset/train/Hand/patient27062/Positive/Hand_patient27062_Positive_001.png
bonefract_hand_patient27080.jpg,hand,patient27080,BoneFract A Bone Fracture Dataset/train/Hand/patient27080/Positive/Hand_patient27080_Positive_001.png
bonefract_wrist_patient33526.jpg,wrist,patient33526,BoneFract A Bone Fracture Dataset/train/wrist/patient33526/Positive/wrist_patient33526_Positive_001.png
bonefract_wrist_patient31365.jpg,wrist,patient31365,BoneFract A Bone Fracture Dataset/train/wrist/patient31365/Positive/wrist_patient31365_Positive_001.png
bonefract_hand_patient27105.jpg,hand,patient27105,BoneFract A Bone Fracture Dataset/train/Hand/patient27105/Positive/Hand_patient27105_Positive_001.png
bonefract_hand_patient08196.jpg,hand,patient08196,BoneFract A Bone Fracture Dataset/train/Hand/patient08196/Positive/Hand_patient08196_Positive_001.png
bonefract_wrist_patient33554.jpg,wrist,patient33554,BoneFract A Bone Fracture Dataset/train/wrist/patient33554/Positive/wrist_patient33554_Positive_001.png
bonefract_wrist_patient28484.jpg,wrist,patient28484,BoneFract A Bone Fracture Dataset/train/wrist/patient28484/Positive/wrist_patient28484_Positive_001.png
bonefract_hand_patient24419.jpg,hand,patient24419,BoneFract A Bone Fracture Dataset/train/Hand/patient24419/Positive/Hand_patient24419_Positive_001.png
bonefract_hand_patient41552.jpg,hand,patient41552,BoneFract A Bone Fracture Dataset/train/Hand/patient41552/Positive/Hand_patient41552_Positive_001.png
bonefract_wrist_patient07432.jpg,wrist,patient07432,BoneFract A Bone Fracture Dataset/train/wrist/patient07432/Positive/wrist_patient07432_Positive_001.png
bonefract_wrist_patient31263.jpg,wrist,patient31263,BoneFract A Bone Fracture Dataset/train/wrist/patient31263/Positive/wrist_patient31263_Positive_001.png
bonefract_hand_patient25022.jpg,hand,patient25022,BoneFract A Bone Fracture Dataset/train/Hand/patient25022/Positive/Hand_patient25022_Positive_001.png
bonefract_hand_patient23272.jpg,hand,patient23272,BoneFract A Bone Fracture Dataset/train/Hand/patient23272/Positive/Hand_patient23272_Positive_001.png
bonefract_hand_patient08184.jpg,hand,patient08184,BoneFract A Bone Fracture Dataset/train/Hand/patient08184/Positive/Hand_patient08184_Positive_001.png
bonefract_wrist_patient34856.jpg,wrist,patient34856,BoneFract A Bone Fracture Dataset/train/wrist/patient34856/Positive/wrist_patient34856_Positive_001.png
bonefract_wrist_patient31321.jpg,wrist,patient31321,BoneFract A Bone Fracture Dataset/train/wrist/patient31321/Positive/wrist_patient31321_Positive_001.png
bonefract_hand_patient26364.jpg,hand,patient26364,BoneFract A Bone Fracture Dataset/train/Hand/patient26364/Positive/Hand_patient26364_Positive_001.png
bonefract_hand_patient23174.jpg,hand,patient23174,BoneFract A Bone Fracture Dataset/train/Hand/patient23174/Positive/Hand_patient23174_Positive_001.png
bonefract_wrist_patient33487.jpg,wrist,patient33487,BoneFract A Bone Fracture Dataset/train/wrist/patient33487/Positive/wrist_patient33487_Positive_001.png
bonefract_wrist_patient31257.jpg,wrist,patient31257,BoneFract A Bone Fracture Dataset/train/wrist/patient31257/Positive/wrist_patient31257_Positive_001.png
bonefract_hand_patient08528.jpg,hand,patient08528,BoneFract A Bone Fracture Dataset/train/Hand/patient08528/Positive/Hand_patient08528_Positive_001.png
bonefract_hand_patient22506.jpg,hand,patient22506,BoneFract A Bone Fracture Dataset/train/Hand/patient22506/Positive/Hand_patient22506_Positive_001.png
bonefract_hand_patient08642.jpg,hand,patient08642,BoneFract A Bone Fracture Dataset/train/Hand/patient08642/Positive/Hand_patient08642_Positive_001.png
bonefract_hand_patient25240.jpg,hand,patient25240,BoneFract A Bone Fracture Dataset/train/Hand/patient25240/Positive/Hand_patient25240_Positive_001.png
bonefract_hand_patient38351.jpg,hand,patient38351,BoneFract A Bone Fracture Dataset/train/Hand/patient38351/Positive/Hand_patient38351_Positive_001.png
bonefract_hand_patient27147.jpg,hand,patient27147,BoneFract A Bone Fracture Dataset/train/Hand/patient27147/Positive/Hand_patient27147_Positive_001.png
bonefract_hand_patient41451.jpg,hand,patient41451,BoneFract A Bone Fracture Dataset/train/Hand/patient41451/Positive/Hand_patient41451_Positive_001.png
bonefract_hand_patient22179.jpg,hand,patient22179,BoneFract A Bone Fracture Dataset/train/Hand/patient22179/Positive/Hand_patient22179_Positive_001.png
bonefract_hand_patient08778.jpg,hand,patient08778,BoneFract A Bone Fracture Dataset/train/Hand/patient08778/Positive/Hand_patient08778_Positive_001.png
bonefract_hand_patient26393.jpg,hand,patient26393,BoneFract A Bone Fracture Dataset/train/Hand/patient26393/Positive/Hand_patient26393_Positive_001.png
bonefract_hand_patient08319.jpg,hand,patient08319,BoneFract A Bone Fracture Dataset/train/Hand/patient08319/Positive/Hand_patient08319_Positive_001.png
bonefract_wrist_patient22091.jpg,wrist,patient22091,BoneFract A Bone Fracture Dataset/train/wrist/patient22091/Positive/wrist_patient22091_Positive_001.png
bonefract_hand_patient41436.jpg,hand,patient41436,BoneFract A Bone Fracture Dataset/train/Hand/patient41436/Positive/Hand_patient41436_Positive_001.png
bonefract_wrist_patient22090.jpg,wrist,patient22090,BoneFract A Bone Fracture Dataset/train/wrist/patient22090/Positive/wrist_patient22090_Positive_001.png
bonefract_hand_patient09514.jpg,hand,patient09514,BoneFract A Bone Fracture Dataset/train/Hand/patient09514/Positive/Hand_patient09514_Positive_001.png
bonefract_wrist_patient33456.jpg,wrist,patient33456,BoneFract A Bone Fracture Dataset/train/wrist/patient33456/Positive/wrist_patient33456_Positive_001.png
bonefract_wrist_patient31140.jpg,wrist,patient31140,BoneFract A Bone Fracture Dataset/train/wrist/patient31140/Positive/wrist_patient31140_Positive_001.png
bonefract_wrist_patient10454.jpg,wrist,patient10454,BoneFract A Bone Fracture Dataset/train/wrist/patient10454/Positive/wrist_patient10454_Positive_001.png
bonefract_wrist_patient41961.jpg,wrist,patient41961,BoneFract A Bone Fracture Dataset/train/wrist/patient41961/Positive/wrist_patient41961_Positive_001.png
bonefract_wrist_patient38534.jpg,wrist,patient38534,BoneFract A Bone Fracture Dataset/train/wrist/patient38534/Positive/wrist_patient38534_Positive_001.png
bonefract_hand_patient38347.jpg,hand,patient38347,BoneFract A Bone Fracture Dataset/train/Hand/patient38347/Positive/Hand_patient38347_Positive_001.png
bonefract_hand_patient26138.jpg,hand,patient26138,BoneFract A Bone Fracture Dataset/train/Hand/patient26138/Positive/Hand_patient26138_Positive_001.png
bonefract_wrist_patient28517.jpg,wrist,patient28517,BoneFract A Bone Fracture Dataset/train/wrist/patient28517/Positive/wrist_patient28517_Positive_001.png
bonefract_wrist_patient07728.jpg,wrist,patient07728,BoneFract A Bone Fracture Dataset/train/wrist/patient07728/Positive/wrist_patient07728_Positive_001.png
bonefract_hand_patient07769.jpg,hand,patient07769,BoneFract A Bone Fracture Dataset/train/Hand/patient07769/Positive/Hand_patient07769_Positive_001.png
bonefract_wrist_patient11834.jpg,wrist,patient11834,BoneFract A Bone Fracture Dataset/train/wrist/patient11834/Positive/wrist_patient11834_Positive_001.png
bonefract_wrist_patient24806.jpg,wrist,patient24806,BoneFract A Bone Fracture Dataset/train/wrist/patient24806/Positive/wrist_patient24806_Positive_001.png
bonefract_wrist_patient35918.jpg,wrist,patient35918,BoneFract A Bone Fracture Dataset/train/wrist/patient35918/Positive/wrist_patient35918_Positive_001.png
bonefract_hand_patient22132.jpg,hand,patient22132,BoneFract A Bone Fracture Dataset/train/Hand/patient22132/Positive/Hand_patient22132_Positive_001.png
bonefract_wrist_patient26325.jpg,wrist,patient26325,BoneFract A Bone Fracture Dataset/train/wrist/patient26325/Positive/wrist_patient26325_Positive_001.png
bonefract_wrist_patient22069.jpg,wrist,patient22069,BoneFract A Bone Fracture Dataset/train/wrist/patient22069/Positive/wrist_patient22069_Positive_001.png
bonefract_hand_patient41490.jpg,hand,patient41490,BoneFract A Bone Fracture Dataset/train/Hand/patient41490/Positive/Hand_patient41490_Positive_001.png
bonefract_wrist_patient34709.jpg,wrist,patient34709,BoneFract A Bone Fracture Dataset/train/wrist/patient34709/Positive/wrist_patient34709_Positive_001.png
bonefract_hand_patient07587.jpg,hand,patient07587,BoneFract A Bone Fracture Dataset/train/Hand/patient07587/Positive/Hand_patient07587_Positive_001.png
bonefract_wrist_patient41991.jpg,wrist,patient41991,BoneFract A Bone Fracture Dataset/train/wrist/patient41991/Positive/wrist_patient41991_Positive_001.png
bonefract_hand_patient08820.jpg,hand,patient08820,BoneFract A Bone Fracture Dataset/train/Hand/patient08820/Positive/Hand_patient08820_Positive_001.png
bonefract_wrist_patient13531.jpg,wrist,patient13531,BoneFract A Bone Fracture Dataset/train/wrist/patient13531/Positive/wrist_patient13531_Positive_001.png
bonefract_hand_patient33618.jpg,hand,patient33618,BoneFract A Bone Fracture Dataset/train/Hand/patient33618/Positive/Hand_patient33618_Positive_001.png
bonefract_hand_patient08675.jpg,hand,patient08675,BoneFract A Bone Fracture Dataset/train/Hand/patient08675/Positive/Hand_patient08675_Positive_001.png
bonefract_hand_patient27138.jpg,hand,patient27138,BoneFract A Bone Fracture Dataset/train/Hand/patient27138/Positive/Hand_patient27138_Positive_001.png
bonefract_hand_patient08823.jpg,hand,patient08823,BoneFract A Bone Fracture Dataset/train/Hand/patient08823/Positive/Hand_patient08823_Positive_001.png
bonefract_hand_patient07653.jpg,hand,patient07653,BoneFract A Bone Fracture Dataset/train/Hand/patient07653/Positive/Hand_patient07653_Positive_001.png
bonefract_wrist_patient26299.jpg,wrist,patient26299,BoneFract A Bone Fracture Dataset/train/wrist/patient26299/Positive/wrist_patient26299_Positive_001.png
bonefract_wrist_patient41937.jpg,wrist,patient41937,BoneFract A Bone Fracture Dataset/train/wrist/patient41937/Positive/wrist_patient41937_Positive_001.png
bonefract_wrist_patient38569.jpg,wrist,patient38569,BoneFract A Bone Fracture Dataset/train/wrist/patient38569/Positive/wrist_patient38569_Positive_001.png
bonefract_wrist_patient07407.jpg,wrist,patient07407,BoneFract A Bone Fracture Dataset/train/wrist/patient07407/Positive/wrist_patient07407_Positive_001.png
bonefract_hand_patient26130.jpg,hand,patient26130,BoneFract A Bone Fracture Dataset/train/Hand/patient26130/Positive/Hand_patient26130_Positive_001.png
bonefract_hand_patient27095.jpg,hand,patient27095,BoneFract A Bone Fracture Dataset/train/Hand/patient27095/Positive/Hand_patient27095_Positive_001.png
bonefract_hand_patient24847.jpg,hand,patient24847,BoneFract A Bone Fracture Dataset/train/Hand/patient24847/Positive/Hand_patient24847_Positive_001.png
bonefract_hand_patient26374.jpg,hand,patient26374,BoneFract A Bone Fracture Dataset/train/Hand/patient26374/Positive/Hand_patient26374_Positive_001.png
bonefract_wrist_patient28400.jpg,wrist,patient28400,BoneFract A Bone Fracture Dataset/train/wrist/patient28400/Positive/wrist_patient28400_Positive_001.png
bonefract_wrist_patient22626.jpg,wrist,patient22626,BoneFract A Bone Fracture Dataset/train/wrist/patient22626/Positive/wrist_patient22626_Positive_001.png
bonefract_hand_patient07539.jpg,hand,patient07539,BoneFract A Bone Fracture Dataset/train/Hand/patient07539/Positive/Hand_patient07539_Positive_001.png
bonefract_wrist_patient28554.jpg,wrist,patient28554,BoneFract A Bone Fracture Dataset/train/wrist/patient28554/Positive/wrist_patient28554_Positive_001.png
bonefract_wrist_patient41956.jpg,wrist,patient41956,BoneFract A Bone Fracture Dataset/train/wrist/patient41956/Positive/wrist_patient41956_Positive_001.png
bonefract_hand_patient08523.jpg,hand,patient08523,BoneFract A Bone Fracture Dataset/train/Hand/patient08523/Positive/Hand_patient08523_Positive_001.png
bonefract_hand_patient07315.jpg,hand,patient07315,BoneFract A Bone Fracture Dataset/train/Hand/patient07315/Positive/Hand_patient07315_Positive_001.png
bonefract_wrist_patient25236.jpg,wrist,patient25236,BoneFract A Bone Fracture Dataset/train/wrist/patient25236/Positive/wrist_patient25236_Positive_001.png
bonefract_hand_patient07395.jpg,hand,patient07395,BoneFract A Bone Fracture Dataset/train/Hand/patient07395/Positive/Hand_patient07395_Positive_001.png
bonefract_wrist_patient42018.jpg,wrist,patient42018,BoneFract A Bone Fracture Dataset/train/wrist/patient42018/Positive/wrist_patient42018_Positive_001.png
bonefract_hand_patient35627.jpg,hand,patient35627,BoneFract A Bone Fracture Dataset/train/Hand/patient35627/Positive/Hand_patient35627_Positive_001.png
bonefract_hand_patient41446.jpg,hand,patient41446,BoneFract A Bone Fracture Dataset/train/Hand/patient41446/Positive/Hand_patient41446_Positive_001.png
bonefract_wrist_patient28514.jpg,wrist,patient28514,BoneFract A Bone Fracture Dataset/train/wrist/patient28514/Positive/wrist_patient28514_Positive_001.png
bonefract_wrist_patient33482.jpg,wrist,patient33482,BoneFract A Bone Fracture Dataset/train/wrist/patient33482/Positive/wrist_patient33482_Positive_001.png
bonefract_wrist_patient07844.jpg,wrist,patient07844,BoneFract A Bone Fracture Dataset/train/wrist/patient07844/Positive/wrist_patient07844_Positive_001.png
bonefract_hand_patient41506.jpg,hand,patient41506,BoneFract A Bone Fracture Dataset/train/Hand/patient41506/Positive/Hand_patient41506_Positive_001.png
bonefract_hand_patient49119.jpg,hand,patient49119,BoneFract A Bone Fracture Dataset/train/Hand/patient49119/Positive/Hand_patient49119_Positive_001.png
bonefract_wrist_patient05053.jpg,wrist,patient05053,BoneFract A Bone Fracture Dataset/train/wrist/patient05053/Positive/wrist_patient05053_Positive_001.png
bonefract_hand_patient09644.jpg,hand,patient09644,BoneFract A Bone Fracture Dataset/train/Hand/patient09644/Positive/Hand_patient09644_Positive_001.png
bonefract_wrist_patient31271.jpg,wrist,patient31271,BoneFract A Bone Fracture Dataset/train/wrist/patient31271/Positive/wrist_patient31271_Positive_001.png
bonefract_wrist_patient22490.jpg,wrist,patient22490,BoneFract A Bone Fracture Dataset/train/wrist/patient22490/Positive/wrist_patient22490_Positive_001.png
bonefract_wrist_patient07536.jpg,wrist,patient07536,BoneFract A Bone Fracture Dataset/train/wrist/patient07536/Positive/wrist_patient07536_Positive_001.png
bonefract_hand_patient10604.jpg,hand,patient10604,BoneFract A Bone Fracture Dataset/train/Hand/patient10604/Positive/Hand_patient10604_Positive_001.png
bonefract_wrist_patient05443.jpg,wrist,patient05443,BoneFract A Bone Fracture Dataset/train/wrist/patient05443/Positive/wrist_patient05443_Positive_001.png
bonefract_hand_patient24347.jpg,hand,patient24347,BoneFract A Bone Fracture Dataset/train/Hand/patient24347/Positive/Hand_patient24347_Positive_001.png
bonefract_hand_patient25789.jpg,hand,patient25789,BoneFract A Bone Fracture Dataset/train/Hand/patient25789/Positive/Hand_patient25789_Positive_001.png
bonefract_hand_patient34075.jpg,hand,patient34075,BoneFract A Bone Fracture Dataset/train/Hand/patient34075/Positive/Hand_patient34075_Positive_001.png
bonefract_hand_patient41480.jpg,hand,patient41480,BoneFract A Bone Fracture Dataset/train/Hand/patient41480/Positive/Hand_patient41480_Positive_001.png
bonefract_wrist_patient31240.jpg,wrist,patient31240,BoneFract A Bone Fracture Dataset/train/wrist/patient31240/Positive/wrist_patient31240_Positive_001.png
bonefract_hand_patient08477.jpg,hand,patient08477,BoneFract A Bone Fracture Dataset/train/Hand/patient08477/Positive/Hand_patient08477_Positive_001.png
bonefract_wrist_patient38539.jpg,wrist,patient38539,BoneFract A Bone Fracture Dataset/train/wrist/patient38539/Positive/wrist_patient38539_Positive_001.png
bonefract_hand_patient28961.jpg,hand,patient28961,BoneFract A Bone Fracture Dataset/train/Hand/patient28961/Positive/Hand_patient28961_Positive_001.png
bonefract_hand_patient09851.jpg,hand,patient09851,BoneFract A Bone Fracture Dataset/train/Hand/patient09851/Positive/Hand_patient09851_Positive_001.png
bonefract_hand_patient41437.jpg,hand,patient41437,BoneFract A Bone Fracture Dataset/train/Hand/patient41437/Positive/Hand_patient41437_Positive_001.png
bonefract_hand_patient44055.jpg,hand,patient44055,BoneFract A Bone Fracture Dataset/train/Hand/patient44055/Positive/Hand_patient44055_Positive_001.png
bonefract_hand_patient10528.jpg,hand,patient10528,BoneFract A Bone Fracture Dataset/train/Hand/patient10528/Positive/Hand_patient10528_Positive_001.png
bonefract_wrist_patient11572.jpg,wrist,patient11572,BoneFract A Bone Fracture Dataset/train/wrist/patient11572/Positive/wrist_patient11572_Positive_001.png
bonefract_wrist_patient22120.jpg,wrist,patient22120,BoneFract A Bone Fracture Dataset/train/wrist/patient22120/Positive/wrist_patient22120_Positive_001.png
bonefract_wrist_patient22659.jpg,wrist,patient22659,BoneFract A Bone Fracture Dataset/train/wrist/patient22659/Positive/wrist_patient22659_Positive_001.png
bonefract_hand_patient07563.jpg,hand,patient07563,BoneFract A Bone Fracture Dataset/train/Hand/patient07563/Positive/Hand_patient07563_Positive_001.png
bonefract_wrist_patient35955.jpg,wrist,patient35955,BoneFract A Bone Fracture Dataset/train/wrist/patient35955/Positive/wrist_patient35955_Positive_001.png
bonefract_hand_patient24856.jpg,hand,patient24856,BoneFract A Bone Fracture Dataset/train/Hand/patient24856/Positive/Hand_patient24856_Positive_001.png
bonefract_hand_patient34084.jpg,hand,patient34084,BoneFract A Bone Fracture Dataset/train/Hand/patient34084/Positive/Hand_patient34084_Positive_001.png
bonefract_wrist_patient04704.jpg,wrist,patient04704,BoneFract A Bone Fracture Dataset/train/wrist/patient04704/Positive/wrist_patient04704_Positive_001.png
bonefract_wrist_patient25520.jpg,wrist,patient25520,BoneFract A Bone Fracture Dataset/train/wrist/patient25520/Positive/wrist_patient25520_Positive_001.png
bonefract_wrist_patient23315.jpg,wrist,patient23315,BoneFract A Bone Fracture Dataset/train/wrist/patient23315/Positive/wrist_patient23315_Positive_001.png
bonefract_hand_patient35637.jpg,hand,patient35637,BoneFract A Bone Fracture Dataset/train/Hand/patient35637/Positive/Hand_patient35637_Positive_001.png
bonefract_wrist_patient41906.jpg,wrist,patient41906,BoneFract A Bone Fracture Dataset/train/wrist/patient41906/Positive/wrist_patient41906_Positive_001.png
bonefract_hand_patient26151.jpg,hand,patient26151,BoneFract A Bone Fracture Dataset/train/Hand/patient26151/Positive/Hand_patient26151_Positive_001.png
bonefract_hand_patient09020.jpg,hand,patient09020,BoneFract A Bone Fracture Dataset/train/Hand/patient09020/Positive/Hand_patient09020_Positive_001.png
bonefract_wrist_patient33998.jpg,wrist,patient33998,BoneFract A Bone Fracture Dataset/train/wrist/patient33998/Positive/wrist_patient33998_Positive_001.png
bonefract_wrist_patient28463.jpg,wrist,patient28463,BoneFract A Bone Fracture Dataset/train/wrist/patient28463/Positive/wrist_patient28463_Positive_001.png
bonefract_hand_patient08947.jpg,hand,patient08947,BoneFract A Bone Fracture Dataset/train/Hand/patient08947/Positive/Hand_patient08947_Positive_001.png
bonefract_wrist_patient12211.jpg,wrist,patient12211,BoneFract A Bone Fracture Dataset/train/wrist/patient12211/Positive/wrist_patient12211_Positive_001.png
bonefract_hand_patient25977.jpg,hand,patient25977,BoneFract A Bone Fracture Dataset/train/Hand/patient25977/Positive/Hand_patient25977_Positive_001.png
bonefract_hand_patient41471.jpg,hand,patient41471,BoneFract A Bone Fracture Dataset/train/Hand/patient41471/Positive/Hand_patient41471_Positive_001.png
bonefract_wrist_patient38560.jpg,wrist,patient38560,BoneFract A Bone Fracture Dataset/train/wrist/patient38560/Positive/wrist_patient38560_Positive_001.png
bonefract_wrist_patient25590.jpg,wrist,patient25590,BoneFract A Bone Fracture Dataset/train/wrist/patient25590/Positive/wrist_patient25590_Positive_001.png
bonefract_hand_patient44046.jpg,hand,patient44046,BoneFract A Bone Fracture Dataset/train/Hand/patient44046/Positive/Hand_patient44046_Positive_001.png
bonefract_wrist_patient23624.jpg,wrist,patient23624,BoneFract A Bone Fracture Dataset/train/wrist/patient23624/Positive/wrist_patient23624_Positive_001.png
bonefract_wrist_patient04563.jpg,wrist,patient04563,BoneFract A Bone Fracture Dataset/train/wrist/patient04563/Positive/wrist_patient04563_Positive_001.png
bonefract_wrist_patient28459.jpg,wrist,patient28459,BoneFract A Bone Fracture Dataset/train/wrist/patient28459/Positive/wrist_patient28459_Positive_001.png
bonefract_wrist_patient26633.jpg,wrist,patient26633,BoneFract A Bone Fracture Dataset/train/wrist/patient26633/Positive/wrist_patient26633_Positive_001.png
bonefract_hand_patient41473.jpg,hand,patient41473,BoneFract A Bone Fracture Dataset/train/Hand/patient41473/Positive/Hand_patient41473_Positive_001.png
bonefract_wrist_patient41969.jpg,wrist,patient41969,BoneFract A Bone Fracture Dataset/train/wrist/patient41969/Positive/wrist_patient41969_Positive_001.png
bonefract_wrist_patient46759.jpg,wrist,patient46759,BoneFract A Bone Fracture Dataset/train/wrist/patient46759/Positive/wrist_patient46759_Positive_001.png
bonefract_wrist_patient26218.jpg,wrist,patient26218,BoneFract A Bone Fracture Dataset/train/wrist/patient26218/Positive/wrist_patient26218_Positive_001.png
bonefract_wrist_patient07801.jpg,wrist,patient07801,BoneFract A Bone Fracture Dataset/train/wrist/patient07801/Positive/wrist_patient07801_Positive_001.png
bonefract_wrist_patient08100.jpg,wrist,patient08100,BoneFract A Bone Fracture Dataset/train/wrist/patient08100/Positive/wrist_patient08100_Positive_001.png
bonefract_wrist_patient35876.jpg,wrist,patient35876,BoneFract A Bone Fracture Dataset/train/wrist/patient35876/Positive/wrist_patient35876_Positive_001.png
bonefract_hand_patient08438.jpg,hand,patient08438,BoneFract A Bone Fracture Dataset/train/Hand/patient08438/Positive/Hand_patient08438_Positive_001.png
bonefract_wrist_patient41963.jpg,wrist,patient41963,BoneFract A Bone Fracture Dataset/train/wrist/patient41963/Positive/wrist_patient41963_Positive_001.png
bonefract_hand_patient09899.jpg,hand,patient09899,BoneFract A Bone Fracture Dataset/train/Hand/patient09899/Positive/Hand_patient09899_Positive_001.png
bonefract_wrist_patient28443.jpg,wrist,patient28443,BoneFract A Bone Fracture Dataset/train/wrist/patient28443/Positive/wrist_patient28443_Positive_001.png
bonefract_wrist_patient10817.jpg,wrist,patient10817,BoneFract A Bone Fracture Dataset/train/wrist/patient10817/Positive/wrist_patient10817_Positive_001.png
bonefract_hand_patient09496.jpg,hand,patient09496,BoneFract A Bone Fracture Dataset/train/Hand/patient09496/Positive/Hand_patient09496_Positive_001.png
bonefract_wrist_patient31200.jpg,wrist,patient31200,BoneFract A Bone Fracture Dataset/train/wrist/patient31200/Positive/wrist_patient31200_Positive_001.png
bonefract_hand_patient08727.jpg,hand,patient08727,BoneFract A Bone Fracture Dataset/train/Hand/patient08727/Positive/Hand_patient08727_Positive_001.png
bonefract_wrist_patient28604.jpg,wrist,patient28604,BoneFract A Bone Fracture Dataset/train/wrist/patient28604/Positive/wrist_patient28604_Positive_001.png
bonefract_wrist_patient28507.jpg,wrist,patient28507,BoneFract A Bone Fracture Dataset/train/wrist/patient28507/Positive/wrist_patient28507_Positive_001.png
bonefract_hand_patient08416.jpg,hand,patient08416,BoneFract A Bone Fracture Dataset/train/Hand/patient08416/Positive/Hand_patient08416_Positive_001.png
bonefract_wrist_patient00984.jpg,wrist,patient00984,BoneFract A Bone Fracture Dataset/train/wrist/patient00984/Positive/wrist_patient00984_Positive_001.png
bonefract_wrist_patient31154.jpg,wrist,patient31154,BoneFract A Bone Fracture Dataset/train/wrist/patient31154/Positive/wrist_patient31154_Positive_001.png
bonefract_hand_patient41550.jpg,hand,patient41550,BoneFract A Bone Fracture Dataset/train/Hand/patient41550/Positive/Hand_patient41550_Positive_001.png
bonefract_wrist_patient28573.jpg,wrist,patient28573,BoneFract A Bone Fracture Dataset/train/wrist/patient28573/Positive/wrist_patient28573_Positive_001.png
bonefract_wrist_patient23040.jpg,wrist,patient23040,BoneFract A Bone Fracture Dataset/train/wrist/patient23040/Positive/wrist_patient23040_Positive_001.png
bonefract_wrist_patient42015.jpg,wrist,patient42015,BoneFract A Bone Fracture Dataset/train/wrist/patient42015/Positive/wrist_patient42015_Positive_001.png
bonefract_hand_patient09044.jpg,hand,patient09044,BoneFract A Bone Fracture Dataset/train/Hand/patient09044/Positive/Hand_patient09044_Positive_001.png
bonefract_hand_patient41447.jpg,hand,patient41447,BoneFract A Bone Fracture Dataset/train/Hand/patient41447/Positive/Hand_patient41447_Positive_001.png
bonefract_hand_patient09164.jpg,hand,patient09164,BoneFract A Bone Fracture Dataset/train/Hand/patient09164/Positive/Hand_patient09164_Positive_001.png
bonefract_hand_patient25718.jpg,hand,patient25718,BoneFract A Bone Fracture Dataset/train/Hand/patient25718/Positive/Hand_patient25718_Positive_001.png
bonefract_hand_patient41462.jpg,hand,patient41462,BoneFract A Bone Fracture Dataset/train/Hand/patient41462/Positive/Hand_patient41462_Positive_001.png
bonefract_wrist_patient22311.jpg,wrist,patient22311,BoneFract A Bone Fracture Dataset/train/wrist/patient22311/Positive/wrist_patient22311_Positive_001.png
bonefract_wrist_patient15467.jpg,wrist,patient15467,BoneFract A Bone Fracture Dataset/train/wrist/patient15467/Positive/wrist_patient15467_Positive_001.png
bonefract_hand_patient09454.jpg,hand,patient09454,BoneFract A Bone Fracture Dataset/train/Hand/patient09454/Positive/Hand_patient09454_Positive_001.png
bonefract_wrist_patient33887.jpg,wrist,patient33887,BoneFract A Bone Fracture Dataset/train/wrist/patient33887/Positive/wrist_patient33887_Positive_001.png
bonefract_wrist_patient11715.jpg,wrist,patient11715,BoneFract A Bone Fracture Dataset/train/wrist/patient11715/Positive/wrist_patient11715_Positive_001.png
bonefract_hand_patient09295.jpg,hand,patient09295,BoneFract A Bone Fracture Dataset/train/Hand/patient09295/Positive/Hand_patient09295_Positive_001.png
bonefract_hand_patient34077.jpg,hand,patient34077,BoneFract A Bone Fracture Dataset/train/Hand/patient34077/Positive/Hand_patient34077_Positive_001.png
bonefract_hand_patient25916.jpg,hand,patient25916,BoneFract A Bone Fracture Dataset/train/Hand/patient25916/Positive/Hand_patient25916_Positive_001.png
bonefract_wrist_patient31218.jpg,wrist,patient31218,BoneFract A Bone Fracture Dataset/train/wrist/patient31218/Positive/wrist_patient31218_Positive_001.png
bonefract_hand_patient41482.jpg,hand,patient41482,BoneFract A Bone Fracture Dataset/train/Hand/patient41482/Positive/Hand_patient41482_Positive_001.png
bonefract_hand_patient09097.jpg,hand,patient09097,BoneFract A Bone Fracture Dataset/train/Hand/patient09097/Positive/Hand_patient09097_Positive_001.png
bonefract_wrist_patient28365.jpg,wrist,patient28365,BoneFract A Bone Fracture Dataset/train/wrist/patient28365/Positive/wrist_patient28365_Positive_001.png
bonefract_hand_patient09628.jpg,hand,patient09628,BoneFract A Bone Fracture Dataset/train/Hand/patient09628/Positive/Hand_patient09628_Positive_001.png
bonefract_wrist_patient26622.jpg,wrist,patient26622,BoneFract A Bone Fracture Dataset/train/wrist/patient26622/Positive/wrist_patient26622_Positive_001.png
bonefract_wrist_patient31199.jpg,wrist,patient31199,BoneFract A Bone Fracture Dataset/train/wrist/patient31199/Positive/wrist_patient31199_Positive_001.png
bonefract_wrist_patient08062.jpg,wrist,patient08062,BoneFract A Bone Fracture Dataset/train/wrist/patient08062/Positive/wrist_patient08062_Positive_001.png
bonefract_wrist_patient33063.jpg,wrist,patient33063,BoneFract A Bone Fracture Dataset/train/wrist/patient33063/Positive/wrist_patient33063_Positive_001.png
bonefract_wrist_patient23907.jpg,wrist,patient23907,BoneFract A Bone Fracture Dataset/train/wrist/patient23907/Positive/wrist_patient23907_Positive_001.png
bonefract_wrist_patient24931.jpg,wrist,patient24931,BoneFract A Bone Fracture Dataset/train/wrist/patient24931/Positive/wrist_patient24931_Positive_001.png
bonefract_wrist_patient42006.jpg,wrist,patient42006,BoneFract A Bone Fracture Dataset/train/wrist/patient42006/Positive/wrist_patient42006_Positive_001.png
bonefract_hand_patient26375.jpg,hand,patient26375,BoneFract A Bone Fracture Dataset/train/Hand/patient26375/Positive/Hand_patient26375_Positive_001.png
bonefract_hand_patient09472.jpg,hand,patient09472,BoneFract A Bone Fracture Dataset/train/Hand/patient09472/Positive/Hand_patient09472_Positive_001.png
bonefract_hand_patient08186.jpg,hand,patient08186,BoneFract A Bone Fracture Dataset/train/Hand/patient08186/Positive/Hand_patient08186_Positive_001.png
bonefract_hand_patient41510.jpg,hand,patient41510,BoneFract A Bone Fracture Dataset/train/Hand/patient41510/Positive/Hand_patient41510_Positive_001.png
bonefract_wrist_patient22313.jpg,wrist,patient22313,BoneFract A Bone Fracture Dataset/train/wrist/patient22313/Positive/wrist_patient22313_Positive_001.png
bonefract_wrist_patient23398.jpg,wrist,patient23398,BoneFract A Bone Fracture Dataset/train/wrist/patient23398/Positive/wrist_patient23398_Positive_001.png
bonefract_wrist_patient31378.jpg,wrist,patient31378,BoneFract A Bone Fracture Dataset/train/wrist/patient31378/Positive/wrist_patient31378_Positive_001.png
bonefract_wrist_patient33899.jpg,wrist,patient33899,BoneFract A Bone Fracture Dataset/train/wrist/patient33899/Positive/wrist_patient33899_Positive_001.png
bonefract_wrist_patient24539.jpg,wrist,patient24539,BoneFract A Bone Fracture Dataset/train/wrist/patient24539/Positive/wrist_patient24539_Positive_001.png
bonefract_hand_patient27151.jpg,hand,patient27151,BoneFract A Bone Fracture Dataset/train/Hand/patient27151/Positive/Hand_patient27151_Positive_001.png
bonefract_hand_patient26365.jpg,hand,patient26365,BoneFract A Bone Fracture Dataset/train/Hand/patient26365/Positive/Hand_patient26365_Positive_001.png
bonefract_hand_patient41535.jpg,hand,patient41535,BoneFract A Bone Fracture Dataset/train/Hand/patient41535/Positive/Hand_patient41535_Positive_001.png
bonefract_hand_patient27075.jpg,hand,patient27075,BoneFract A Bone Fracture Dataset/train/Hand/patient27075/Positive/Hand_patient27075_Positive_001.png
bonefract_wrist_patient31408.jpg,wrist,patient31408,BoneFract A Bone Fracture Dataset/train/wrist/patient31408/Positive/wrist_patient31408_Positive_001.png
bonefract_wrist_patient15715.jpg,wrist,patient15715,BoneFract A Bone Fracture Dataset/train/wrist/patient15715/Positive/wrist_patient15715_Positive_001.png
bonefract_hand_patient08261.jpg,hand,patient08261,BoneFract A Bone Fracture Dataset/train/Hand/patient08261/Positive/Hand_patient08261_Positive_001.png
bonefract_hand_patient09170.jpg,hand,patient09170,BoneFract A Bone Fracture Dataset/train/Hand/patient09170/Positive/Hand_patient09170_Positive_001.png
bonefract_hand_patient09387.jpg,hand,patient09387,BoneFract A Bone Fracture Dataset/train/Hand/patient09387/Positive/Hand_patient09387_Positive_001.png
bonefract_wrist_patient28462.jpg,wrist,patient28462,BoneFract A Bone Fracture Dataset/train/wrist/patient28462/Positive/wrist_patient28462_Positive_001.png
bonefract_wrist_patient33474.jpg,wrist,patient33474,BoneFract A Bone Fracture Dataset/train/wrist/patient33474/Positive/wrist_patient33474_Positive_001.png
bonefract_hand_patient08811.jpg,hand,patient08811,BoneFract A Bone Fracture Dataset/train/Hand/patient08811/Positive/Hand_patient08811_Positive_001.png
bonefract_hand_patient41476.jpg,hand,patient41476,BoneFract A Bone Fracture Dataset/train/Hand/patient41476/Positive/Hand_patient41476_Positive_001.png
bonefract_hand_patient34100.jpg,hand,patient34100,BoneFract A Bone Fracture Dataset/train/Hand/patient34100/Positive/Hand_patient34100_Positive_001.png
bonefract_hand_patient25866.jpg,hand,patient25866,BoneFract A Bone Fracture Dataset/train/Hand/patient25866/Positive/Hand_patient25866_Positive_001.png
bonefract_wrist_patient24849.jpg,wrist,patient24849,BoneFract A Bone Fracture Dataset/train/wrist/patient24849/Positive/wrist_patient24849_Positive_001.png
bonefract_wrist_patient23385.jpg,wrist,patient23385,BoneFract A Bone Fracture Dataset/train/wrist/patient23385/Positive/wrist_patient23385_Positive_001.png
bonefract_hand_patient08743.jpg,hand,patient08743,BoneFract A Bone Fracture Dataset/train/Hand/patient08743/Positive/Hand_patient08743_Positive_001.png
bonefract_wrist_patient41955.jpg,wrist,patient41955,BoneFract A Bone Fracture Dataset/train/wrist/patient41955/Positive/wrist_patient41955_Positive_001.png
bonefract_wrist_patient28616.jpg,wrist,patient28616,BoneFract A Bone Fracture Dataset/train/wrist/patient28616/Positive/wrist_patient28616_Positive_001.png
bonefract_wrist_patient31269.jpg,wrist,patient31269,BoneFract A Bone Fracture Dataset/train/wrist/patient31269/Positive/wrist_patient31269_Positive_001.png
bonefract_hand_patient07511.jpg,hand,patient07511,BoneFract A Bone Fracture Dataset/train/Hand/patient07511/Positive/Hand_patient07511_Positive_001.png
bonefract_wrist_patient34698.jpg,wrist,patient34698,BoneFract A Bone Fracture Dataset/train/wrist/patient34698/Positive/wrist_patient34698_Positive_001.png
bonefract_wrist_patient35953.jpg,wrist,patient35953,BoneFract A Bone Fracture Dataset/train/wrist/patient35953/Positive/wrist_patient35953_Positive_001.png
bonefract_hand_patient44101.jpg,hand,patient44101,BoneFract A Bone Fracture Dataset/train/Hand/patient44101/Positive/Hand_patient44101_Positive_001.png
bonefract_hand_patient41491.jpg,hand,patient41491,BoneFract A Bone Fracture Dataset/train/Hand/patient41491/Positive/Hand_patient41491_Positive_001.png
bonefract_wrist_patient46712.jpg,wrist,patient46712,BoneFract A Bone Fracture Dataset/train/wrist/patient46712/Positive/wrist_patient46712_Positive_001.png
bonefract_wrist_patient07878.jpg,wrist,patient07878,BoneFract A Bone Fracture Dataset/train/wrist/patient07878/Positive/wrist_patient07878_Positive_001.png
bonefract_hand_patient41486.jpg,hand,patient41486,BoneFract A Bone Fracture Dataset/train/Hand/patient41486/Positive/Hand_patient41486_Positive_001.png
bonefract_hand_patient26378.jpg,hand,patient26378,BoneFract A Bone Fracture Dataset/train/Hand/patient26378/Positive/Hand_patient26378_Positive_001.png
bonefract_hand_patient08281.jpg,hand,patient08281,BoneFract A Bone Fracture Dataset/train/Hand/patient08281/Positive/Hand_patient08281_Positive_001.png
bonefract_wrist_patient01899.jpg,wrist,patient01899,BoneFract A Bone Fracture Dataset/train/wrist/patient01899/Positive/wrist_patient01899_Positive_001.png
bonefract_hand_patient41431.jpg,hand,patient41431,BoneFract A Bone Fracture Dataset/train/Hand/patient41431/Positive/Hand_patient41431_Positive_001.png
bonefract_hand_patient09213.jpg,hand,patient09213,BoneFract A Bone Fracture Dataset/train/Hand/patient09213/Positive/Hand_patient09213_Positive_001.png
bonefract_wrist_patient11942.jpg,wrist,patient11942,BoneFract A Bone Fracture Dataset/train/wrist/patient11942/Positive/wrist_patient11942_Positive_001.png
bonefract_wrist_patient11546.jpg,wrist,patient11546,BoneFract A Bone Fracture Dataset/train/wrist/patient11546/Positive/wrist_patient11546_Positive_001.png
bonefract_wrist_patient31147.jpg,wrist,patient31147,BoneFract A Bone Fracture Dataset/train/wrist/patient31147/Positive/wrist_patient31147_Positive_001.png
bonefract_wrist_patient28407.jpg,wrist,patient28407,BoneFract A Bone Fracture Dataset/train/wrist/patient28407/Positive/wrist_patient28407_Positive_001.png
bonefract_hand_patient09987.jpg,hand,patient09987,BoneFract A Bone Fracture Dataset/train/Hand/patient09987/Positive/Hand_patient09987_Positive_001.png
bonefract_wrist_patient33476.jpg,wrist,patient33476,BoneFract A Bone Fracture Dataset/train/wrist/patient33476/Positive/wrist_patient33476_Positive_001.png
bonefract_wrist_patient31270.jpg,wrist,patient31270,BoneFract A Bone Fracture Dataset/train/wrist/patient31270/Positive/wrist_patient31270_Positive_001.png
bonefract_wrist_patient41983.jpg,wrist,patient41983,BoneFract A Bone Fracture Dataset/train/wrist/patient41983/Positive/wrist_patient41983_Positive_001.png
bonefract_wrist_patient35842.jpg,wrist,patient35842,BoneFract A Bone Fracture Dataset/train/wrist/patient35842/Positive/wrist_patient35842_Positive_001.png
bonefract_wrist_patient28534.jpg,wrist,patient28534,BoneFract A Bone Fracture Dataset/train/wrist/patient28534/Positive/wrist_patient28534_Positive_001.png
bonefract_wrist_patient10566.jpg,wrist,patient10566,BoneFract A Bone Fracture Dataset/train/wrist/patient10566/Positive/wrist_patient10566_Positive_001.png
bonefract_hand_patient27059.jpg,hand,patient27059,BoneFract A Bone Fracture Dataset/train/Hand/patient27059/Positive/Hand_patient27059_Positive_001.png
bonefract_hand_patient09921.jpg,hand,patient09921,BoneFract A Bone Fracture Dataset/train/Hand/patient09921/Positive/Hand_patient09921_Positive_001.png
bonefract_hand_patient44077.jpg,hand,patient44077,BoneFract A Bone Fracture Dataset/train/Hand/patient44077/Positive/Hand_patient44077_Positive_001.png
bonefract_wrist_patient38522.jpg,wrist,patient38522,BoneFract A Bone Fracture Dataset/train/wrist/patient38522/Positive/wrist_patient38522_Positive_001.png
bonefract_wrist_patient46790.jpg,wrist,patient46790,BoneFract A Bone Fracture Dataset/train/wrist/patient46790/Positive/wrist_patient46790_Positive_001.png
bonefract_hand_patient25808.jpg,hand,patient25808,BoneFract A Bone Fracture Dataset/train/Hand/patient25808/Positive/Hand_patient25808_Positive_001.png
bonefract_wrist_patient31301.jpg,wrist,patient31301,BoneFract A Bone Fracture Dataset/train/wrist/patient31301/Positive/wrist_patient31301_Positive_001.png
bonefract_hand_patient09541.jpg,hand,patient09541,BoneFract A Bone Fracture Dataset/train/Hand/patient09541/Positive/Hand_patient09541_Positive_001.png
bonefract_hand_patient07409.jpg,hand,patient07409,BoneFract A Bone Fracture Dataset/train/Hand/patient07409/Positive/Hand_patient07409_Positive_001.png
bonefract_hand_patient08605.jpg,hand,patient08605,BoneFract A Bone Fracture Dataset/train/Hand/patient08605/Positive/Hand_patient08605_Positive_001.png
bonefract_wrist_patient34717.jpg,wrist,patient34717,BoneFract A Bone Fracture Dataset/train/wrist/patient34717/Positive/wrist_patient34717_Positive_001.png
bonefract_wrist_patient33901.jpg,wrist,patient33901,BoneFract A Bone Fracture Dataset/train/wrist/patient33901/Positive/wrist_patient33901_Positive_001.png
bonefract_hand_patient07941.jpg,hand,patient07941,BoneFract A Bone Fracture Dataset/train/Hand/patient07941/Positive/Hand_patient07941_Positive_001.png
bonefract_hand_patient41541.jpg,hand,patient41541,BoneFract A Bone Fracture Dataset/train/Hand/patient41541/Positive/Hand_patient41541_Positive_001.png
bonefract_hand_patient44088.jpg,hand,patient44088,BoneFract A Bone Fracture Dataset/train/Hand/patient44088/Positive/Hand_patient44088_Positive_001.png
bonefract_wrist_patient28483.jpg,wrist,patient28483,BoneFract A Bone Fracture Dataset/train/wrist/patient28483/Positive/wrist_patient28483_Positive_001.png
bonefract_wrist_patient07566.jpg,wrist,patient07566,BoneFract A Bone Fracture Dataset/train/wrist/patient07566/Positive/wrist_patient07566_Positive_001.png
bonefract_hand_patient44060.jpg,hand,patient44060,BoneFract A Bone Fracture Dataset/train/Hand/patient44060/Positive/Hand_patient44060_Positive_001.png
bonefract_hand_patient09065.jpg,hand,patient09065,BoneFract A Bone Fracture Dataset/train/Hand/patient09065/Positive/Hand_patient09065_Positive_001.png
bonefract_wrist_patient10650.jpg,wrist,patient10650,BoneFract A Bone Fracture Dataset/train/wrist/patient10650/Positive/wrist_patient10650_Positive_001.png
bonefract_hand_patient44096.jpg,hand,patient44096,BoneFract A Bone Fracture Dataset/train/Hand/patient44096/Positive/Hand_patient44096_Positive_001.png
bonefract_hand_patient49120.jpg,hand,patient49120,BoneFract A Bone Fracture Dataset/train/Hand/patient49120/Positive/Hand_patient49120_Positive_001.png
bonefract_hand_patient09223.jpg,hand,patient09223,BoneFract A Bone Fracture Dataset/train/Hand/patient09223/Positive/Hand_patient09223_Positive_001.png
bonefract_wrist_patient33560.jpg,wrist,patient33560,BoneFract A Bone Fracture Dataset/train/wrist/patient33560/Positive/wrist_patient33560_Positive_001.png
bonefract_wrist_patient33520.jpg,wrist,patient33520,BoneFract A Bone Fracture Dataset/train/wrist/patient33520/Positive/wrist_patient33520_Positive_001.png
bonefract_wrist_patient33904.jpg,wrist,patient33904,BoneFract A Bone Fracture Dataset/train/wrist/patient33904/Positive/wrist_patient33904_Positive_001.png
bonefract_hand_patient41458.jpg,hand,patient41458,BoneFract A Bone Fracture Dataset/train/Hand/patient41458/Positive/Hand_patient41458_Positive_001.png
bonefract_wrist_patient24279.jpg,wrist,patient24279,BoneFract A Bone Fracture Dataset/train/wrist/patient24279/Positive/wrist_patient24279_Positive_001.png
bonefract_hand_patient22800.jpg,hand,patient22800,BoneFract A Bone Fracture Dataset/train/Hand/patient22800/Positive/Hand_patient22800_Positive_001.png
bonefract_hand_patient07840.jpg,hand,patient07840,BoneFract A Bone Fracture Dataset/train/Hand/patient07840/Positive/Hand_patient07840_Positive_001.png
bonefract_hand_patient10257.jpg,hand,patient10257,BoneFract A Bone Fracture Dataset/train/Hand/patient10257/Positive/Hand_patient10257_Positive_001.png
bonefract_hand_patient27050.jpg,hand,patient27050,BoneFract A Bone Fracture Dataset/train/Hand/patient27050/Positive/Hand_patient27050_Positive_001.png
bonefract_wrist_patient28606.jpg,wrist,patient28606,BoneFract A Bone Fracture Dataset/train/wrist/patient28606/Positive/wrist_patient28606_Positive_001.png
bonefract_wrist_patient35915.jpg,wrist,patient35915,BoneFract A Bone Fracture Dataset/train/wrist/patient35915/Positive/wrist_patient35915_Positive_001.png
bonefract_hand_patient10463.jpg,hand,patient10463,BoneFract A Bone Fracture Dataset/train/Hand/patient10463/Positive/Hand_patient10463_Positive_001.png
bonefract_wrist_patient35969.jpg,wrist,patient35969,BoneFract A Bone Fracture Dataset/train/wrist/patient35969/Positive/wrist_patient35969_Positive_001.png
bonefract_wrist_patient35941.jpg,wrist,patient35941,BoneFract A Bone Fracture Dataset/train/wrist/patient35941/Positive/wrist_patient35941_Positive_001.png
bonefract_hand_patient08645.jpg,hand,patient08645,BoneFract A Bone Fracture Dataset/train/Hand/patient08645/Positive/Hand_patient08645_Positive_001.png
bonefract_wrist_patient24083.jpg,wrist,patient24083,BoneFract A Bone Fracture Dataset/train/wrist/patient24083/Positive/wrist_patient24083_Positive_001.png
bonefract_hand_patient22540.jpg,hand,patient22540,BoneFract A Bone Fracture Dataset/train/Hand/patient22540/Positive/Hand_patient22540_Positive_001.png
bonefract_wrist_patient38506.jpg,wrist,patient38506,BoneFract A Bone Fracture Dataset/train/wrist/patient38506/Positive/wrist_patient38506_Positive_001.png
bonefract_hand_patient24758.jpg,hand,patient24758,BoneFract A Bone Fracture Dataset/train/Hand/patient24758/Positive/Hand_patient24758_Positive_001.png
bonefract_hand_patient09043.jpg,hand,patient09043,BoneFract A Bone Fracture Dataset/train/Hand/patient09043/Positive/Hand_patient09043_Positive_001.png
bonefract_hand_patient24569.jpg,hand,patient24569,BoneFract A Bone Fracture Dataset/train/Hand/patient24569/Positive/Hand_patient24569_Positive_001.png
bonefract_wrist_patient07881.jpg,wrist,patient07881,BoneFract A Bone Fracture Dataset/train/wrist/patient07881/Positive/wrist_patient07881_Positive_001.png
bonefract_wrist_patient28469.jpg,wrist,patient28469,BoneFract A Bone Fracture Dataset/train/wrist/patient28469/Positive/wrist_patient28469_Positive_001.png
bonefract_wrist_patient07386.jpg,wrist,patient07386,BoneFract A Bone Fracture Dataset/train/wrist/patient07386/Positive/wrist_patient07386_Positive_001.png
bonefract_wrist_patient09198.jpg,wrist,patient09198,BoneFract A Bone Fracture Dataset/train/wrist/patient09198/Positive/wrist_patient09198_Positive_001.png
bonefract_hand_patient25252.jpg,hand,patient25252,BoneFract A Bone Fracture Dataset/train/Hand/patient25252/Positive/Hand_patient25252_Positive_001.png
bonefract_wrist_patient28642.jpg,wrist,patient28642,BoneFract A Bone Fracture Dataset/train/wrist/patient28642/Positive/wrist_patient28642_Positive_001.png
bonefract_hand_patient44118.jpg,hand,patient44118,BoneFract A Bone Fracture Dataset/train/Hand/patient44118/Positive/Hand_patient44118_Positive_001.png
bonefract_hand_patient09013.jpg,hand,patient09013,BoneFract A Bone Fracture Dataset/train/Hand/patient09013/Positive/Hand_patient09013_Positive_001.png
bonefract_wrist_patient25925.jpg,wrist,patient25925,BoneFract A Bone Fracture Dataset/train/wrist/patient25925/Positive/wrist_patient25925_Positive_001.png
bonefract_wrist_patient10312.jpg,wrist,patient10312,BoneFract A Bone Fracture Dataset/train/wrist/patient10312/Positive/wrist_patient10312_Positive_001.png
bonefract_hand_patient24957.jpg,hand,patient24957,BoneFract A Bone Fracture Dataset/train/Hand/patient24957/Positive/Hand_patient24957_Positive_001.png
bonefract_wrist_patient41918.jpg,wrist,patient41918,BoneFract A Bone Fracture Dataset/train/wrist/patient41918/Positive/wrist_patient41918_Positive_001.png
bonefract_hand_patient27082.jpg,hand,patient27082,BoneFract A Bone Fracture Dataset/train/Hand/patient27082/Positive/Hand_patient27082_Positive_001.png
bonefract_hand_patient41461.jpg,hand,patient41461,BoneFract A Bone Fracture Dataset/train/Hand/patient41461/Positive/Hand_patient41461_Positive_001.png
bonefract_hand_patient24722.jpg,hand,patient24722,BoneFract A Bone Fracture Dataset/train/Hand/patient24722/Positive/Hand_patient24722_Positive_001.png
bonefract_hand_patient27146.jpg,hand,patient27146,BoneFract A Bone Fracture Dataset/train/Hand/patient27146/Positive/Hand_patient27146_Positive_001.png
bonefract_hand_patient41505.jpg,hand,patient41505,BoneFract A Bone Fracture Dataset/train/Hand/patient41505/Positive/Hand_patient41505_Positive_001.png
bonefract_hand_patient41484.jpg,hand,patient41484,BoneFract A Bone Fracture Dataset/train/Hand/patient41484/Positive/Hand_patient41484_Positive_001.png
bonefract_wrist_patient38572.jpg,wrist,patient38572,BoneFract A Bone Fracture Dataset/train/wrist/patient38572/Positive/wrist_patient38572_Positive_001.png
bonefract_hand_patient07788.jpg,hand,patient07788,BoneFract A Bone Fracture Dataset/train/Hand/patient07788/Positive/Hand_patient07788_Positive_001.png
bonefract_wrist_patient31282.jpg,wrist,patient31282,BoneFract A Bone Fracture Dataset/train/wrist/patient31282/Positive/wrist_patient31282_Positive_001.png
bonefract_hand_patient34092.jpg,hand,patient34092,BoneFract A Bone Fracture Dataset/train/Hand/patient34092/Positive/Hand_patient34092_Positive_001.png
bonefract_wrist_patient23390.jpg,wrist,patient23390,BoneFract A Bone Fracture Dataset/train/wrist/patient23390/Positive/wrist_patient23390_Positive_001.png
bonefract_hand_patient26094.jpg,hand,patient26094,BoneFract A Bone Fracture Dataset/train/Hand/patient26094/Positive/Hand_patient26094_Positive_001.png
bonefract_wrist_patient25170.jpg,wrist,patient25170,BoneFract A Bone Fracture Dataset/train/wrist/patient25170/Positive/wrist_patient25170_Positive_001.png
bonefract_hand_patient41518.jpg,hand,patient41518,BoneFract A Bone Fracture Dataset/train/Hand/patient41518/Positive/Hand_patient41518_Positive_001.png
bonefract_hand_patient41432.jpg,hand,patient41432,BoneFract A Bone Fracture Dataset/train/Hand/patient41432/Positive/Hand_patient41432_Positive_001.png
bonefract_wrist_patient34715.jpg,wrist,patient34715,BoneFract A Bone Fracture Dataset/train/wrist/patient34715/Positive/wrist_patient34715_Positive_001.png
bonefract_wrist_patient31208.jpg,wrist,patient31208,BoneFract A Bone Fracture Dataset/train/wrist/patient31208/Positive/wrist_patient31208_Positive_001.png
bonefract_hand_patient07954.jpg,hand,patient07954,BoneFract A Bone Fracture Dataset/train/Hand/patient07954/Positive/Hand_patient07954_Positive_001.png
bonefract_hand_patient07915.jpg,hand,patient07915,BoneFract A Bone Fracture Dataset/train/Hand/patient07915/Positive/Hand_patient07915_Positive_001.png
bonefract_hand_patient44085.jpg,hand,patient44085,BoneFract A Bone Fracture Dataset/train/Hand/patient44085/Positive/Hand_patient44085_Positive_001.png
bonefract_wrist_patient31376.jpg,wrist,patient31376,BoneFract A Bone Fracture Dataset/train/wrist/patient31376/Positive/wrist_patient31376_Positive_001.png
bonefract_wrist_patient42026.jpg,wrist,patient42026,BoneFract A Bone Fracture Dataset/train/wrist/patient42026/Positive/wrist_patient42026_Positive_001.png
bonefract_hand_patient08497.jpg,hand,patient08497,BoneFract A Bone Fracture Dataset/train/Hand/patient08497/Positive/Hand_patient08497_Positive_001.png
bonefract_hand_patient08216.jpg,hand,patient08216,BoneFract A Bone Fracture Dataset/train/Hand/patient08216/Positive/Hand_patient08216_Positive_001.png
bonefract_wrist_patient22025.jpg,wrist,patient22025,BoneFract A Bone Fracture Dataset/train/wrist/patient22025/Positive/wrist_patient22025_Positive_001.png
bonefract_wrist_patient31175.jpg,wrist,patient31175,BoneFract A Bone Fracture Dataset/train/wrist/patient31175/Positive/wrist_patient31175_Positive_001.png
bonefract_hand_patient41475.jpg,hand,patient41475,BoneFract A Bone Fracture Dataset/train/Hand/patient41475/Positive/Hand_patient41475_Positive_001.png
bonefract_hand_patient27053.jpg,hand,patient27053,BoneFract A Bone Fracture Dataset/train/Hand/patient27053/Positive/Hand_patient27053_Positive_001.png
bonefract_hand_patient25886.jpg,hand,patient25886,BoneFract A Bone Fracture Dataset/train/Hand/patient25886/Positive/Hand_patient25886_Positive_001.png
bonefract_wrist_patient26302.jpg,wrist,patient26302,BoneFract A Bone Fracture Dataset/train/wrist/patient26302/Positive/wrist_patient26302_Positive_001.png
bonefract_wrist_patient10210.jpg,wrist,patient10210,BoneFract A Bone Fracture Dataset/train/wrist/patient10210/Positive/wrist_patient10210_Positive_001.png
bonefract_wrist_patient01807.jpg,wrist,patient01807,BoneFract A Bone Fracture Dataset/train/wrist/patient01807/Positive/wrist_patient01807_Positive_001.png
bonefract_wrist_patient34688.jpg,wrist,patient34688,BoneFract A Bone Fracture Dataset/train/wrist/patient34688/Positive/wrist_patient34688_Positive_001.png
bonefract_hand_patient27085.jpg,hand,patient27085,BoneFract A Bone Fracture Dataset/train/Hand/patient27085/Positive/Hand_patient27085_Positive_001.png
bonefract_wrist_patient46752.jpg,wrist,patient46752,BoneFract A Bone Fracture Dataset/train/wrist/patient46752/Positive/wrist_patient46752_Positive_001.png
bonefract_hand_patient26381.jpg,hand,patient26381,BoneFract A Bone Fracture Dataset/train/Hand/patient26381/Positive/Hand_patient26381_Positive_001.png
bonefract_hand_patient09172.jpg,hand,patient09172,BoneFract A Bone Fracture Dataset/train/Hand/patient09172/Positive/Hand_patient09172_Positive_001.png
bonefract_hand_patient08496.jpg,hand,patient08496,BoneFract A Bone Fracture Dataset/train/Hand/patient08496/Positive/Hand_patient08496_Positive_001.png
bonefract_wrist_patient46727.jpg,wrist,patient46727,BoneFract A Bone Fracture Dataset/train/wrist/patient46727/Positive/wrist_patient46727_Positive_001.png
bonefract_wrist_patient46733.jpg,wrist,patient46733,BoneFract A Bone Fracture Dataset/train/wrist/patient46733/Positive/wrist_patient46733_Positive_001.png
bonefract_hand_patient10506.jpg,hand,patient10506,BoneFract A Bone Fracture Dataset/train/Hand/patient10506/Positive/Hand_patient10506_Positive_001.png
bonefract_hand_patient46066.jpg,hand,patient46066,BoneFract A Bone Fracture Dataset/train/Hand/patient46066/Positive/Hand_patient46066_Positive_001.png
bonefract_wrist_patient11376.jpg,wrist,patient11376,BoneFract A Bone Fracture Dataset/train/wrist/patient11376/Positive/wrist_patient11376_Positive_001.png
bonefract_wrist_patient41898.jpg,wrist,patient41898,BoneFract A Bone Fracture Dataset/train/wrist/patient41898/Positive/wrist_patient41898_Positive_001.png
bonefract_hand_patient07288.jpg,hand,patient07288,BoneFract A Bone Fracture Dataset/train/Hand/patient07288/Positive/Hand_patient07288_Positive_001.png
bonefract_hand_patient07696.jpg,hand,patient07696,BoneFract A Bone Fracture Dataset/train/Hand/patient07696/Positive/Hand_patient07696_Positive_001.png
bonefract_wrist_patient28418.jpg,wrist,patient28418,BoneFract A Bone Fracture Dataset/train/wrist/patient28418/Positive/wrist_patient28418_Positive_001.png
bonefract_hand_patient35628.jpg,hand,patient35628,BoneFract A Bone Fracture Dataset/train/Hand/patient35628/Positive/Hand_patient35628_Positive_001.png
bonefract_hand_patient24526.jpg,hand,patient24526,BoneFract A Bone Fracture Dataset/train/Hand/patient24526/Positive/Hand_patient24526_Positive_001.png
bonefract_wrist_patient28593.jpg,wrist,patient28593,BoneFract A Bone Fracture Dataset/train/wrist/patient28593/Positive/wrist_patient28593_Positive_001.png
bonefract_wrist_patient08504.jpg,wrist,patient08504,BoneFract A Bone Fracture Dataset/train/wrist/patient08504/Positive/wrist_patient08504_Positive_001.png
bonefract_wrist_patient28639.jpg,wrist,patient28639,BoneFract A Bone Fracture Dataset/train/wrist/patient28639/Positive/wrist_patient28639_Positive_001.png
bonefract_hand_patient08527.jpg,hand,patient08527,BoneFract A Bone Fracture Dataset/train/Hand/patient08527/Positive/Hand_patient08527_Positive_001.png
bonefract_hand_patient08362.jpg,hand,patient08362,BoneFract A Bone Fracture Dataset/train/Hand/patient08362/Positive/Hand_patient08362_Positive_001.png
bonefract_hand_patient08907.jpg,hand,patient08907,BoneFract A Bone Fracture Dataset/train/Hand/patient08907/Positive/Hand_patient08907_Positive_001.png
bonefract_hand_patient25595.jpg,hand,patient25595,BoneFract A Bone Fracture Dataset/train/Hand/patient25595/Positive/Hand_patient25595_Positive_001.png
bonefract_wrist_patient35850.jpg,wrist,patient35850,BoneFract A Bone Fracture Dataset/train/wrist/patient35850/Positive/wrist_patient35850_Positive_001.png
bonefract_wrist_patient35382.jpg,wrist,patient35382,BoneFract A Bone Fracture Dataset/train/wrist/patient35382/Positive/wrist_patient35382_Positive_001.png
bonefract_hand_patient08387.jpg,hand,patient08387,BoneFract A Bone Fracture Dataset/train/Hand/patient08387/Positive/Hand_patient08387_Positive_001.png
bonefract_hand_patient26137.jpg,hand,patient26137,BoneFract A Bone Fracture Dataset/train/Hand/patient26137/Positive/Hand_patient26137_Positive_001.png
bonefract_hand_patient10424.jpg,hand,patient10424,BoneFract A Bone Fracture Dataset/train/Hand/patient10424/Positive/Hand_patient10424_Positive_001.png
bonefract_hand_patient08865.jpg,hand,patient08865,BoneFract A Bone Fracture Dataset/train/Hand/patient08865/Positive/Hand_patient08865_Positive_001.png
bonefract_wrist_patient35971.jpg,wrist,patient35971,BoneFract A Bone Fracture Dataset/train/wrist/patient35971/Positive/wrist_patient35971_Positive_001.png
bonefract_hand_patient08513.jpg,hand,patient08513,BoneFract A Bone Fracture Dataset/train/Hand/patient08513/Positive/Hand_patient08513_Positive_001.png
bonefract_hand_patient10204.jpg,hand,patient10204,BoneFract A Bone Fracture Dataset/train/Hand/patient10204/Positive/Hand_patient10204_Positive_001.png
bonefract_hand_patient27069.jpg,hand,patient27069,BoneFract A Bone Fracture Dataset/train/Hand/patient27069/Positive/Hand_patient27069_Positive_001.png
bonefract_wrist_patient22591.jpg,wrist,patient22591,BoneFract A Bone Fracture Dataset/train/wrist/patient22591/Positive/wrist_patient22591_Positive_001.png
bonefract_hand_patient44106.jpg,hand,patient44106,BoneFract A Bone Fracture Dataset/train/Hand/patient44106/Positive/Hand_patient44106_Positive_001.png
bonefract_hand_patient44124.jpg,hand,patient44124,BoneFract A Bone Fracture Dataset/train/Hand/patient44124/Positive/Hand_patient44124_Positive_001.png
bonefract_wrist_patient44317.jpg,wrist,patient44317,BoneFract A Bone Fracture Dataset/train/wrist/patient44317/Positive/wrist_patient44317_Positive_001.png
bonefract_wrist_patient35888.jpg,wrist,patient35888,BoneFract A Bone Fracture Dataset/train/wrist/patient35888/Positive/wrist_patient35888_Positive_001.png
bonefract_wrist_patient31312.jpg,wrist,patient31312,BoneFract A Bone Fracture Dataset/train/wrist/patient31312/Positive/wrist_patient31312_Positive_001.png
bonefract_wrist_patient35889.jpg,wrist,patient35889,BoneFract A Bone Fracture Dataset/train/wrist/patient35889/Positive/wrist_patient35889_Positive_001.png
bonefract_wrist_patient28548.jpg,wrist,patient28548,BoneFract A Bone Fracture Dataset/train/wrist/patient28548/Positive/wrist_patient28548_Positive_001.png
bonefract_hand_patient08385.jpg,hand,patient08385,BoneFract A Bone Fracture Dataset/train/Hand/patient08385/Positive/Hand_patient08385_Positive_001.png
bonefract_hand_patient24940.jpg,hand,patient24940,BoneFract A Bone Fracture Dataset/train/Hand/patient24940/Positive/Hand_patient24940_Positive_001.png
bonefract_hand_patient27054.jpg,hand,patient27054,BoneFract A Bone Fracture Dataset/train/Hand/patient27054/Positive/Hand_patient27054_Positive_001.png
bonefract_wrist_patient35854.jpg,wrist,patient35854,BoneFract A Bone Fracture Dataset/train/wrist/patient35854/Positive/wrist_patient35854_Positive_001.png
bonefract_hand_patient08444.jpg,hand,patient08444,BoneFract A Bone Fracture Dataset/train/Hand/patient08444/Positive/Hand_patient08444_Positive_001.png
bonefract_wrist_patient28364.jpg,wrist,patient28364,BoneFract A Bone Fracture Dataset/train/wrist/patient28364/Positive/wrist_patient28364_Positive_001.png
bonefract_hand_patient41463.jpg,hand,patient41463,BoneFract A Bone Fracture Dataset/train/Hand/patient41463/Positive/Hand_patient41463_Positive_001.png
bonefract_wrist_patient31359.jpg,wrist,patient31359,BoneFract A Bone Fracture Dataset/train/wrist/patient31359/Positive/wrist_patient31359_Positive_001.png
bonefract_hand_patient09157.jpg,hand,patient09157,BoneFract A Bone Fracture Dataset/train/Hand/patient09157/Positive/Hand_patient09157_Positive_001.png
bonefract_hand_patient08718.jpg,hand,patient08718,BoneFract A Bone Fracture Dataset/train/Hand/patient08718/Positive/Hand_patient08718_Positive_001.png
bonefract_hand_patient07971.jpg,hand,patient07971,BoneFract A Bone Fracture Dataset/train/Hand/patient07971/Positive/Hand_patient07971_Positive_001.png
bonefract_wrist_patient28481.jpg,wrist,patient28481,BoneFract A Bone Fracture Dataset/train/wrist/patient28481/Positive/wrist_patient28481_Positive_001.png
bonefract_wrist_patient38494.jpg,wrist,patient38494,BoneFract A Bone Fracture Dataset/train/wrist/patient38494/Positive/wrist_patient38494_Positive_001.png
bonefract_hand_patient44050.jpg,hand,patient44050,BoneFract A Bone Fracture Dataset/train/Hand/patient44050/Positive/Hand_patient44050_Positive_001.png
bonefract_wrist_patient31204.jpg,wrist,patient31204,BoneFract A Bone Fracture Dataset/train/wrist/patient31204/Positive/wrist_patient31204_Positive_001.png
bonefract_wrist_patient26316.jpg,wrist,patient26316,BoneFract A Bone Fracture Dataset/train/wrist/patient26316/Positive/wrist_patient26316_Positive_001.png
bonefract_wrist_patient26631.jpg,wrist,patient26631,BoneFract A Bone Fracture Dataset/train/wrist/patient26631/Positive/wrist_patient26631_Positive_001.png
bonefract_hand_patient25720.jpg,hand,patient25720,BoneFract A Bone Fracture Dataset/train/Hand/patient25720/Positive/Hand_patient25720_Positive_001.png
bonefract_hand_patient44086.jpg,hand,patient44086,BoneFract A Bone Fracture Dataset/train/Hand/patient44086/Positive/Hand_patient44086_Positive_001.png
bonefract_hand_patient26391.jpg,hand,patient26391,BoneFract A Bone Fracture Dataset/train/Hand/patient26391/Positive/Hand_patient26391_Positive_001.png
bonefract_wrist_patient38556.jpg,wrist,patient38556,BoneFract A Bone Fracture Dataset/train/wrist/patient38556/Positive/wrist_patient38556_Positive_001.png
bonefract_wrist_patient06469.jpg,wrist,patient06469,BoneFract A Bone Fracture Dataset/train/wrist/patient06469/Positive/wrist_patient06469_Positive_001.png
bonefract_hand_patient09275.jpg,hand,patient09275,BoneFract A Bone Fracture Dataset/train/Hand/patient09275/Positive/Hand_patient09275_Positive_001.png
bonefract_wrist_patient41942.jpg,wrist,patient41942,BoneFract A Bone Fracture Dataset/train/wrist/patient41942/Positive/wrist_patient41942_Positive_001.png
bonefract_hand_patient33104.jpg,hand,patient33104,BoneFract A Bone Fracture Dataset/train/Hand/patient33104/Positive/Hand_patient33104_Positive_001.png
bonefract_hand_patient10444.jpg,hand,patient10444,BoneFract A Bone Fracture Dataset/train/Hand/patient10444/Positive/Hand_patient10444_Positive_001.png
bonefract_wrist_patient10364.jpg,wrist,patient10364,BoneFract A Bone Fracture Dataset/train/wrist/patient10364/Positive/wrist_patient10364_Positive_001.png
bonefract_wrist_patient31272.jpg,wrist,patient31272,BoneFract A Bone Fracture Dataset/train/wrist/patient31272/Positive/wrist_patient31272_Positive_001.png
bonefract_hand_patient33607.jpg,hand,patient33607,BoneFract A Bone Fracture Dataset/train/Hand/patient33607/Positive/Hand_patient33607_Positive_001.png
bonefract_hand_patient44054.jpg,hand,patient44054,BoneFract A Bone Fracture Dataset/train/Hand/patient44054/Positive/Hand_patient44054_Positive_001.png
bonefract_wrist_patient35389.jpg,wrist,patient35389,BoneFract A Bone Fracture Dataset/train/wrist/patient35389/Positive/wrist_patient35389_Positive_001.png
bonefract_hand_patient09392.jpg,hand,patient09392,BoneFract A Bone Fracture Dataset/train/Hand/patient09392/Positive/Hand_patient09392_Positive_001.png
bonefract_hand_patient09857.jpg,hand,patient09857,BoneFract A Bone Fracture Dataset/train/Hand/patient09857/Positive/Hand_patient09857_Positive_001.png
bonefract_wrist_patient31238.jpg,wrist,patient31238,BoneFract A Bone Fracture Dataset/train/wrist/patient31238/Positive/wrist_patient31238_Positive_001.png
bonefract_hand_patient08896.jpg,hand,patient08896,BoneFract A Bone Fracture Dataset/train/Hand/patient08896/Positive/Hand_patient08896_Positive_001.png
bonefract_wrist_patient28430.jpg,wrist,patient28430,BoneFract A Bone Fracture Dataset/train/wrist/patient28430/Positive/wrist_patient28430_Positive_001.png
bonefract_hand_patient07531.jpg,hand,patient07531,BoneFract A Bone Fracture Dataset/train/Hand/patient07531/Positive/Hand_patient07531_Positive_001.png
bonefract_hand_patient08716.jpg,hand,patient08716,BoneFract A Bone Fracture Dataset/train/Hand/patient08716/Positive/Hand_patient08716_Positive_001.png
bonefract_hand_patient08380.jpg,hand,patient08380,BoneFract A Bone Fracture Dataset/train/Hand/patient08380/Positive/Hand_patient08380_Positive_001.png
bonefract_hand_patient08544.jpg,hand,patient08544,BoneFract A Bone Fracture Dataset/train/Hand/patient08544/Positive/Hand_patient08544_Positive_001.png
bonefract_wrist_patient46767.jpg,wrist,patient46767,BoneFract A Bone Fracture Dataset/train/wrist/patient46767/Positive/wrist_patient46767_Positive_001.png
bonefract_hand_patient24882.jpg,hand,patient24882,BoneFract A Bone Fracture Dataset/train/Hand/patient24882/Positive/Hand_patient24882_Positive_001.png
bonefract_wrist_patient28592.jpg,wrist,patient28592,BoneFract A Bone Fracture Dataset/train/wrist/patient28592/Positive/wrist_patient28592_Positive_001.png
bonefract_wrist_patient35878.jpg,wrist,patient35878,BoneFract A Bone Fracture Dataset/train/wrist/patient35878/Positive/wrist_patient35878_Positive_001.png
bonefract_wrist_patient23780.jpg,wrist,patient23780,BoneFract A Bone Fracture Dataset/train/wrist/patient23780/Positive/wrist_patient23780_Positive_001.png
bonefract_hand_patient27049.jpg,hand,patient27049,BoneFract A Bone Fracture Dataset/train/Hand/patient27049/Positive/Hand_patient27049_Positive_001.png
bonefract_wrist_patient41940.jpg,wrist,patient41940,BoneFract A Bone Fracture Dataset/train/wrist/patient41940/Positive/wrist_patient41940_Positive_001.png
bonefract_hand_patient24901.jpg,hand,patient24901,BoneFract A Bone Fracture Dataset/train/Hand/patient24901/Positive/Hand_patient24901_Positive_001.png
bonefract_wrist_patient34736.jpg,wrist,patient34736,BoneFract A Bone Fracture Dataset/train/wrist/patient34736/Positive/wrist_patient34736_Positive_001.png
bonefract_wrist_patient23372.jpg,wrist,patient23372,BoneFract A Bone Fracture Dataset/train/wrist/patient23372/Positive/wrist_patient23372_Positive_001.png
bonefract_wrist_patient31313.jpg,wrist,patient31313,BoneFract A Bone Fracture Dataset/train/wrist/patient31313/Positive/wrist_patient31313_Positive_001.png
bonefract_hand_patient23168.jpg,hand,patient23168,BoneFract A Bone Fracture Dataset/train/Hand/patient23168/Positive/Hand_patient23168_Positive_001.png
bonefract_wrist_patient33885.jpg,wrist,patient33885,BoneFract A Bone Fracture Dataset/train/wrist/patient33885/Positive/wrist_patient33885_Positive_001.png
bonefract_hand_patient41435.jpg,hand,patient41435,BoneFract A Bone Fracture Dataset/train/Hand/patient41435/Positive/Hand_patient41435_Positive_001.png
bonefract_hand_patient27106.jpg,hand,patient27106,BoneFract A Bone Fracture Dataset/train/Hand/patient27106/Positive/Hand_patient27106_Positive_001.png
bonefract_hand_patient08681.jpg,hand,patient08681,BoneFract A Bone Fracture Dataset/train/Hand/patient08681/Positive/Hand_patient08681_Positive_001.png
bonefract_wrist_patient28431.jpg,wrist,patient28431,BoneFract A Bone Fracture Dataset/train/wrist/patient28431/Positive/wrist_patient28431_Positive_001.png
bonefract_hand_patient10411.jpg,hand,patient10411,BoneFract A Bone Fracture Dataset/train/Hand/patient10411/Positive/Hand_patient10411_Positive_001.png
bonefract_hand_patient08685.jpg,hand,patient08685,BoneFract A Bone Fracture Dataset/train/Hand/patient08685/Positive/Hand_patient08685_Positive_001.png
bonefract_hand_patient26380.jpg,hand,patient26380,BoneFract A Bone Fracture Dataset/train/Hand/patient26380/Positive/Hand_patient26380_Positive_001.png
bonefract_wrist_patient35820.jpg,wrist,patient35820,BoneFract A Bone Fracture Dataset/train/wrist/patient35820/Positive/wrist_patient35820_Positive_001.png
bonefract_wrist_patient22383.jpg,wrist,patient22383,BoneFract A Bone Fracture Dataset/train/wrist/patient22383/Positive/wrist_patient22383_Positive_001.png
bonefract_hand_patient23543.jpg,hand,patient23543,BoneFract A Bone Fracture Dataset/train/Hand/patient23543/Positive/Hand_patient23543_Positive_001.png
bonefract_hand_patient44112.jpg,hand,patient44112,BoneFract A Bone Fracture Dataset/train/Hand/patient44112/Positive/Hand_patient44112_Positive_001.png
bonefract_hand_patient44044.jpg,hand,patient44044,BoneFract A Bone Fracture Dataset/train/Hand/patient44044/Positive/Hand_patient44044_Positive_001.png
bonefract_wrist_patient07328.jpg,wrist,patient07328,BoneFract A Bone Fracture Dataset/train/wrist/patient07328/Positive/wrist_patient07328_Positive_001.png
bonefract_hand_patient27042.jpg,hand,patient27042,BoneFract A Bone Fracture Dataset/train/Hand/patient27042/Positive/Hand_patient27042_Positive_001.png
bonefract_hand_patient27073.jpg,hand,patient27073,BoneFract A Bone Fracture Dataset/train/Hand/patient27073/Positive/Hand_patient27073_Positive_001.png
bonefract_hand_patient34093.jpg,hand,patient34093,BoneFract A Bone Fracture Dataset/train/Hand/patient34093/Positive/Hand_patient34093_Positive_001.png
bonefract_wrist_patient28439.jpg,wrist,patient28439,BoneFract A Bone Fracture Dataset/train/wrist/patient28439/Positive/wrist_patient28439_Positive_001.png
bonefract_hand_patient34076.jpg,hand,patient34076,BoneFract A Bone Fracture Dataset/train/Hand/patient34076/Positive/Hand_patient34076_Positive_001.png
bonefract_wrist_patient11088.jpg,wrist,patient11088,BoneFract A Bone Fracture Dataset/train/wrist/patient11088/Positive/wrist_patient11088_Positive_001.png
bonefract_wrist_patient26626.jpg,wrist,patient26626,BoneFract A Bone Fracture Dataset/train/wrist/patient26626/Positive/wrist_patient26626_Positive_001.png
bonefract_hand_patient44094.jpg,hand,patient44094,BoneFract A Bone Fracture Dataset/train/Hand/patient44094/Positive/Hand_patient44094_Positive_001.png
bonefract_wrist_patient05310.jpg,wrist,patient05310,BoneFract A Bone Fracture Dataset/train/wrist/patient05310/Positive/wrist_patient05310_Positive_001.png
bonefract_hand_patient24621.jpg,hand,patient24621,BoneFract A Bone Fracture Dataset/train/Hand/patient24621/Positive/Hand_patient24621_Positive_001.png
bonefract_hand_patient09318.jpg,hand,patient09318,BoneFract A Bone Fracture Dataset/train/Hand/patient09318/Positive/Hand_patient09318_Positive_001.png
bonefract_hand_patient09253.jpg,hand,patient09253,BoneFract A Bone Fracture Dataset/train/Hand/patient09253/Positive/Hand_patient09253_Positive_001.png
bonefract_wrist_patient31296.jpg,wrist,patient31296,BoneFract A Bone Fracture Dataset/train/wrist/patient31296/Positive/wrist_patient31296_Positive_001.png
bonefract_wrist_patient35881.jpg,wrist,patient35881,BoneFract A Bone Fracture Dataset/train/wrist/patient35881/Positive/wrist_patient35881_Positive_001.png
bonefract_wrist_patient35388.jpg,wrist,patient35388,BoneFract A Bone Fracture Dataset/train/wrist/patient35388/Positive/wrist_patient35388_Positive_001.png
bonefract_wrist_patient28614.jpg,wrist,patient28614,BoneFract A Bone Fracture Dataset/train/wrist/patient28614/Positive/wrist_patient28614_Positive_001.png
bonefract_wrist_patient46734.jpg,wrist,patient46734,BoneFract A Bone Fracture Dataset/train/wrist/patient46734/Positive/wrist_patient46734_Positive_001.png
bonefract_hand_patient44114.jpg,hand,patient44114,BoneFract A Bone Fracture Dataset/train/Hand/patient44114/Positive/Hand_patient44114_Positive_001.png
bonefract_hand_patient44095.jpg,hand,patient44095,BoneFract A Bone Fracture Dataset/train/Hand/patient44095/Positive/Hand_patient44095_Positive_001.png
bonefract_hand_patient09366.jpg,hand,patient09366,BoneFract A Bone Fracture Dataset/train/Hand/patient09366/Positive/Hand_patient09366_Positive_001.png
bonefract_wrist_patient31344.jpg,wrist,patient31344,BoneFract A Bone Fracture Dataset/train/wrist/patient31344/Positive/wrist_patient31344_Positive_001.png
bonefract_wrist_patient38578.jpg,wrist,patient38578,BoneFract A Bone Fracture Dataset/train/wrist/patient38578/Positive/wrist_patient38578_Positive_001.png
bonefract_wrist_patient20486.jpg,wrist,patient20486,BoneFract A Bone Fracture Dataset/train/wrist/patient20486/Positive/wrist_patient20486_Positive_001.png
bonefract_hand_patient44049.jpg,hand,patient44049,BoneFract A Bone Fracture Dataset/train/Hand/patient44049/Positive/Hand_patient44049_Positive_001.png
bonefract_wrist_patient38590.jpg,wrist,patient38590,BoneFract A Bone Fracture Dataset/train/wrist/patient38590/Positive/wrist_patient38590_Positive_001.png
bonefract_hand_patient44045.jpg,hand,patient44045,BoneFract A Bone Fracture Dataset/train/Hand/patient44045/Positive/Hand_patient44045_Positive_001.png
bonefract_hand_patient27149.jpg,hand,patient27149,BoneFract A Bone Fracture Dataset/train/Hand/patient27149/Positive/Hand_patient27149_Positive_001.png
bonefract_hand_patient27124.jpg,hand,patient27124,BoneFract A Bone Fracture Dataset/train/Hand/patient27124/Positive/Hand_patient27124_Positive_001.png
bonefract_hand_patient07265.jpg,hand,patient07265,BoneFract A Bone Fracture Dataset/train/Hand/patient07265/Positive/Hand_patient07265_Positive_001.png
bonefract_hand_patient25251.jpg,hand,patient25251,BoneFract A Bone Fracture Dataset/train/Hand/patient25251/Positive/Hand_patient25251_Positive_001.png
bonefract_wrist_patient41958.jpg,wrist,patient41958,BoneFract A Bone Fracture Dataset/train/wrist/patient41958/Positive/wrist_patient41958_Positive_001.png
bonefract_hand_patient09176.jpg,hand,patient09176,BoneFract A Bone Fracture Dataset/train/Hand/patient09176/Positive/Hand_patient09176_Positive_001.png
bonefract_hand_patient35630.jpg,hand,patient35630,BoneFract A Bone Fracture Dataset/train/Hand/patient35630/Positive/Hand_patient35630_Positive_001.png
bonefract_hand_patient07685.jpg,hand,patient07685,BoneFract A Bone Fracture Dataset/train/Hand/patient07685/Positive/Hand_patient07685_Positive_001.png
bonefract_wrist_patient31264.jpg,wrist,patient31264,BoneFract A Bone Fracture Dataset/train/wrist/patient31264/Positive/wrist_patient31264_Positive_001.png
bonefract_wrist_patient38508.jpg,wrist,patient38508,BoneFract A Bone Fracture Dataset/train/wrist/patient38508/Positive/wrist_patient38508_Positive_001.png
bonefract_hand_patient09372.jpg,hand,patient09372,BoneFract A Bone Fracture Dataset/train/Hand/patient09372/Positive/Hand_patient09372_Positive_001.png
bonefract_wrist_patient24832.jpg,wrist,patient24832,BoneFract A Bone Fracture Dataset/train/wrist/patient24832/Positive/wrist_patient24832_Positive_001.png
bonefract_wrist_patient41941.jpg,wrist,patient41941,BoneFract A Bone Fracture Dataset/train/wrist/patient41941/Positive/wrist_patient41941_Positive_001.png
bonefract_wrist_patient22251.jpg,wrist,patient22251,BoneFract A Bone Fracture Dataset/train/wrist/patient22251/Positive/wrist_patient22251_Positive_001.png
bonefract_wrist_patient41913.jpg,wrist,patient41913,BoneFract A Bone Fracture Dataset/train/wrist/patient41913/Positive/wrist_patient41913_Positive_001.png
bonefract_wrist_patient31343.jpg,wrist,patient31343,BoneFract A Bone Fracture Dataset/train/wrist/patient31343/Positive/wrist_patient31343_Positive_001.png
bonefract_wrist_patient24482.jpg,wrist,patient24482,BoneFract A Bone Fracture Dataset/train/wrist/patient24482/Positive/wrist_patient24482_Positive_001.png
bonefract_hand_patient09201.jpg,hand,patient09201,BoneFract A Bone Fracture Dataset/train/Hand/patient09201/Positive/Hand_patient09201_Positive_001.png
bonefract_hand_patient44047.jpg,hand,patient44047,BoneFract A Bone Fracture Dataset/train/Hand/patient44047/Positive/Hand_patient44047_Positive_001.png
bonefract_wrist_patient28428.jpg,wrist,patient28428,BoneFract A Bone Fracture Dataset/train/wrist/patient28428/Positive/wrist_patient28428_Positive_001.png
bonefract_wrist_patient23026.jpg,wrist,patient23026,BoneFract A Bone Fracture Dataset/train/wrist/patient23026/Positive/wrist_patient23026_Positive_001.png
bonefract_wrist_patient24850.jpg,wrist,patient24850,BoneFract A Bone Fracture Dataset/train/wrist/patient24850/Positive/wrist_patient24850_Positive_001.png
bonefract_hand_patient08537.jpg,hand,patient08537,BoneFract A Bone Fracture Dataset/train/Hand/patient08537/Positive/Hand_patient08537_Positive_001.png
bonefract_wrist_patient10581.jpg,wrist,patient10581,BoneFract A Bone Fracture Dataset/train/wrist/patient10581/Positive/wrist_patient10581_Positive_001.png
